{"type":"FeatureCollection","features":[{"type":"Feature","id":1,"geometry":{"type":"LineString","coordinates":[[-73.9948752480302,40.6802035460625],[-73.9942746941413,40.680810162705],[-73.9942168049715,40.6808828087971],[-73.9941660725898,40.6809497756793],[-73.9941147167733,40.6810162346166],[-73.9940635700395,40.6810847701271],[-73.9940136853981,40.6811526149855],[-73.9939623515685,40.6812210594882],[-73.993911267035,40.6812915553519],[-73.9938609536404,40.6813619936006],[-73.9938103467455,40.6814328424454],[-73.99375975375,40.6815056958126],[-73.9937097545352,40.6815776964025],[-73.9936594665477,40.6816501102901],[-73.9936089050681,40.6817239298425],[-73.9935583599419,40.6817987345354],[-73.9935083860253,40.6818736968277],[-73.9906696714899,40.6860692553029]]},"properties":{"FID":1,"objectid":753,"shape_len":2438.20024902,"url":"http://web.mta.info/nyct/service/","name":"G","rt_symbol":"G","id":2000393,"Shape__Length":981.53035425052053}},{"type":"Feature","id":2,"geometry":{"type":"LineString","coordinates":[[-73.9795754320514,40.6599306955308],[-73.9796551686956,40.6598174111747],[-73.9801927751011,40.6588661398554],[-73.9802466000398,40.6585490267715],[-73.9802198232054,40.6582523595576],[-73.9800990104085,40.657976135836],[-73.979776705584,40.6577101056987],[-73.9771712929351,40.6561853871045],[-73.976781852058,40.6559091062002],[-73.9765133432862,40.6555203210241],[-73.9763388505096,40.6551622451028],[-73.9757355992539,40.6518783717667],[-73.9756687182771,40.6511213565943],[-73.9756594994904,40.6507292297185]]},"properties":{"FID":2,"objectid":754,"shape_len":3872.83441063,"url":"http://web.mta.info/nyct/service/","name":"G","rt_symbol":"G","id":2000394,"Shape__Length":1558.456793117515}},{"type":"Feature","id":3,"geometry":{"type":"LineString","coordinates":[[-73.9758563750307,40.5759745053941],[-73.9765422692473,40.5757579597222],[-73.9766486676672,40.5757289430899],[-73.9767525636379,40.5757027057713],[-73.9768588812545,40.5756780069422],[-73.9769646517183,40.5756574998458],[-73.9770690146423,40.5756395777766],[-73.9771736083349,40.5756235692726],[-73.9772799535851,40.5756105471587],[-73.9773850103473,40.5756008989575],[-73.9774900899771,40.5755933939128],[-73.9775942473163,40.5755890989614],[-73.9776985255704,40.5755869489881],[-73.97780382196,40.5755880238947],[-73.977908204718,40.5755912516828],[-73.9780128757433,40.575597793361],[-73.9781197057582,40.5756077051172],[-73.9801349610173,40.5758769417235],[-73.9801725781858,40.5758829988451],[-73.9802192094486,40.5758991406778],[-73.980265065618,40.5759165268831],[-73.9803100864703,40.5759351358389],[-73.9803542212305,40.5759549441239],[-73.9803974096752,40.5759759274147],[-73.9804396022108,40.5759980586882],[-73.9804807445194,40.576021311821],[-73.9805207834641,40.5760456579885],[-73.9805596718146,40.5760710647649],[-73.9805973611577,40.5760975033265],[-73.9806338030822,40.5761249376453],[-73.9806689527186,40.5761533361966],[-73.9807027663793,40.5761826629531],[-73.9807352027389,40.5762128800873],[-73.9807662192905,40.5762439515721],[-73.9807957806133,40.5762758395807],[-73.9808238465638,40.5763085008824],[-73.9808503852638,40.5763418985514],[-73.9808753612939,40.5763759875567],[-73.9808987439572,40.5764107282712],[-73.9809205061009,40.5764460756651],[-73.9809406182093,40.5764819883102],[-73.9809590566737,40.5765184166747],[-73.9809757978828,40.576555320232],[-73.9809908194082,40.5765926512511],[-73.9810156396742,40.5766684092588],[-73.9811502261517,40.5772849492335]]},"properties":{"FID":3,"objectid":755,"shape_len":1843.36633108,"url":"http://web.mta.info/nyct/service/","name":"Q","rt_symbol":"N","id":2000469,"Shape__Length":739.47347089684251}},{"type":"Feature","id":4,"geometry":{"type":"LineString","coordinates":[[-73.9241435543453,40.7522909265718],[-73.9240493608916,40.752354769812],[-73.9239685852581,40.7524441853962],[-73.9239113542412,40.7525208346959],[-73.923866111437,40.7525860914849],[-73.9237968935506,40.752671578473],[-73.9237378735467,40.7527486830572],[-73.9236661791102,40.7528280980147],[-73.9236006857971,40.7529096962643],[-73.9235409266293,40.752988699422],[-73.9213783213563,40.7557701828705],[-73.9213674644577,40.7557842953875],[-73.9213589626703,40.7557956314515],[-73.9213485722065,40.7558088554861],[-73.9213363311967,40.7558247689667],[-73.9213268098104,40.7558380971509],[-73.9213092583091,40.7558604366114],[-73.9212954906575,40.7558764994291],[-73.9212828501619,40.7558937381752],[-73.9212613676393,40.7559205900768],[-73.9212467616492,40.7559385658898],[-73.9212347596974,40.7559545677723],[-73.9212237601283,40.7559681056554],[-73.9212107017655,40.7559841779528],[-73.9205556410355,40.7567922487218]]},"properties":{"FID":4,"objectid":756,"shape_len":1919.5592029,"url":"http://web.mta.info/nyct/service/","name":"M","rt_symbol":"B","id":2000294,"Shape__Length":773.45374773916171}},{"type":"Feature","id":5,"geometry":{"type":"LineString","coordinates":[[-73.9134468547137,40.7561715763684],[-73.9090494255072,40.7541048468667],[-73.90689691773,40.7530791753467],[-73.9061127384477,40.7527413740631]]},"properties":{"FID":5,"objectid":757,"shape_len":2385.69853589,"url":"http://web.mta.info/nyct/service/","name":"M","rt_symbol":"B","id":2000296,"Shape__Length":959.58458920293913}},{"type":"Feature","id":6,"geometry":{"type":"LineString","coordinates":[[-73.9205558663702,40.756791970621],[-73.9196717306211,40.7578777650164],[-73.9195513390588,40.7579964000224],[-73.9194257866139,40.7580881836263],[-73.9192917607174,40.7581680663819],[-73.9191564884137,40.7582335211112],[-73.9190178917113,40.7582843113174],[-73.9188763867762,40.7583220455843],[-73.9187307716483,40.7583467410636],[-73.9185818026839,40.7583578075428],[-73.9184251503828,40.7583552104255],[-73.9182618245569,40.7583393196039],[-73.9180911044812,40.7583098238628],[-73.9179141016125,40.7582653452873],[-73.917729381521,40.7582062349213],[-73.9175362791609,40.7581312450514],[-73.9173352306007,40.7580412503381],[-73.9149517593402,40.7568844505416],[-73.9149169865671,40.7568670640185],[-73.9148809865533,40.7568490633339],[-73.9148461641107,40.7568316524389],[-73.9148111624384,40.7568136515698],[-73.9147739861135,40.756795062852],[-73.9147356405411,40.7567758906296],[-73.9146996393444,40.7567588903487],[-73.9146636406309,40.7567408904973],[-73.9146252535167,40.7567227645946],[-73.914589253561,40.7567057642799],[-73.9145544229294,40.7566893159306],[-73.9145194224953,40.7566723154349],[-73.9144797892285,40.7566536005287],[-73.9144426471244,40.7566370918966],[-73.914407739064,40.7566210531754],[-73.9134464736285,40.7561713977819]]},"properties":{"FID":6,"objectid":758,"shape_len":2470.8185824,"url":"http://web.mta.info/nyct/service/","name":"M","rt_symbol":"B","id":2000295,"Shape__Length":994.13235669682911}},{"type":"Feature","id":7,"geometry":{"type":"LineString","coordinates":[[-73.9850998845245,40.6883371886159],[-73.9841475969094,40.6879646864551],[-73.9840717839006,40.6879359991349],[-73.9839953924285,40.6879074800802],[-73.9839200051458,40.6878799741928],[-73.9838450058276,40.6878529725978],[-73.9837710050221,40.6878259737962],[-73.983694084801,40.687798282939],[-73.9836181686737,40.6877719636552],[-73.9835441678033,40.6877459642774],[-73.983467228588,40.6877192926467],[-73.9833907824482,40.687693810614],[-73.9833162739559,40.6876689744797],[-73.9832408098227,40.6876434798824],[-73.9831638407566,40.6876188495082],[-73.9830888412768,40.6875948497315],[-73.9830142783411,40.6875709895499],[-73.9829457932631,40.6875488042754],[-73.9828757932797,40.6875248032994],[-73.9828047922747,40.6875018035022],[-73.9827383753635,40.6874790330792],[-73.9826683757878,40.6874540324069],[-73.9825983760035,40.6874300321624],[-73.9825283753483,40.6874050332055],[-73.9824604445342,40.6873817409947],[-73.9823929461252,40.6873563073886],[-73.9823214374526,40.6873307686672],[-73.9822544853776,40.6873065102339],[-73.9821869776601,40.6872810738038],[-73.9821194510689,40.6872556274254],[-73.982049902092,40.6872284129837],[-73.981976374803,40.687201103323],[-73.9813997460376,40.686995235207],[-73.9813625887908,40.686981301852],[-73.9813219386796,40.6869656677483],[-73.9812802769445,40.6869507124529],[-73.981238546622,40.6869357319169],[-73.9811977351092,40.6869221284012],[-73.9811578096838,40.6869084700846],[-73.9811168998226,40.6868955509143],[-73.9810759166386,40.6868826092046],[-73.9810358014026,40.6868709967814],[-73.9809965639699,40.6868593304583],[-73.9809531364434,40.6868475940887],[-73.9809128515644,40.6868377943284],[-73.9808766784591,40.6868289966084],[-73.9808380828589,40.6868193474884],[-73.9808073544766,40.6868125182754],[-73.9804122675487,40.6866965474958],[-73.9803041366709,40.6866662708809],[-73.9801924696338,40.6866410913633],[-73.980080068492,40.6866183952268],[-73.979965723666,40.6866000562274],[-73.9798507736834,40.686584091663],[-73.9797327104018,40.686571211595],[-73.9796128232038,40.6865615774345],[-73.979489894813,40.6865551079124],[-73.9793654284138,40.68655298026],[-73.9792414783216,40.6865529804799],[-73.9791146632546,40.6865561237395],[-73.978985992594,40.6865613980362],[-73.9788533800561,40.6865709471035],[-73.9787213544556,40.6865835200513],[-73.9785884146574,40.6865988590554],[-73.9767952556334,40.686807878152]]},"properties":{"FID":7,"objectid":759,"shape_len":2448.06920027,"url":"http://web.mta.info/nyct/service/","name":"G","rt_symbol":"G","id":2000239,"Shape__Length":983.06438364224687}},{"type":"Feature","id":8,"geometry":{"type":"LineString","coordinates":[[-73.9850996874371,40.6883456498145],[-73.987315198168,40.6892082244491]]},"properties":{"FID":8,"objectid":760,"shape_len":690.126468476,"url":"http://web.mta.info/nyct/service/","name":"G","rt_symbol":"G","id":2000238,"Shape__Length":277.24026347704728}},{"type":"Feature","id":9,"geometry":{"type":"LineString","coordinates":[[-73.8276161646952,40.5833261347774],[-73.8228431369854,40.5846577009068],[-73.8227324919221,40.5846904849807],[-73.8226266126172,40.5847224478221],[-73.8225206121423,40.5847537430894],[-73.8224151722801,40.5847865015788],[-73.8223134816304,40.5848187200513],[-73.8222125380177,40.584850701851],[-73.8221130887116,40.5848821608693],[-73.8220153605731,40.5849144005218],[-73.8219182075254,40.5849457728761],[-73.8218230714976,40.5849781604666],[-73.8217288628738,40.5850095624416],[-73.8216362562817,40.5850421276036],[-73.8215459889823,40.5850735688665],[-73.8214575717939,40.5851057207465],[-73.8213679181643,40.5851373024046],[-73.8205931064363,40.5854313711728]]},"properties":{"FID":9,"objectid":761,"shape_len":2097.71796243,"url":"http://web.mta.info/nyct/service/","name":"S","rt_symbol":"L","id":2000277,"Shape__Length":841.15071720439369}},{"type":"Feature","id":10,"geometry":{"type":"LineString","coordinates":[[-73.8092156248528,40.5931777709573],[-73.8154464771038,40.6077251977882],[-73.8154544809778,40.607746206347],[-73.8154634797791,40.6077672047957],[-73.8154719235674,40.6077893676301],[-73.8154820842291,40.6078119492621],[-73.8154899278241,40.6078302496865],[-73.8154979286038,40.6078502496506],[-73.8155069274277,40.6078712498967],[-73.8155153893838,40.607892406872],[-73.8155239212223,40.6079113666814],[-73.8155308834546,40.6079296386724],[-73.815547762808,40.6079718417827],[-73.8155557640228,40.6079908412614],[-73.8155709653423,40.6080288425338],[-73.8156004317051,40.6081054568265],[-73.8156299678159,40.6081842225735],[-73.8156587132183,40.608263521955],[-73.8156875337488,40.6083430249673],[-73.8157163571057,40.6084245253374]]},"properties":{"FID":10,"objectid":762,"shape_len":5840.91203808,"url":"http://web.mta.info/nyct/service/","name":"A","rt_symbol":"A","id":2000265,"Shape__Length":2349.6866606561748}},{"type":"Feature","id":11,"geometry":{"type":"LineString","coordinates":[[-73.8356490433252,40.581020168199],[-73.8340505579003,40.5814671849404],[-73.8340263334572,40.5814732402018],[-73.8340073332354,40.5814792408698],[-73.833956571435,40.5814919315671],[-73.8339355716923,40.5814969315512],[-73.8338955718324,40.5815069316974],[-73.8338745720804,40.5815119316703],[-73.8338545727345,40.5815169312852],[-73.8337989988271,40.581530163374],[-73.8337779991883,40.5815341628457],[-73.8337540425026,40.5815398672322],[-73.8335813900057,40.5815767927701],[-73.8335704097701,40.5815793775825],[-73.8335540704437,40.5815821005152],[-73.833527344589,40.5815880394819],[-73.8335103453744,40.5815920383974],[-73.8334852019076,40.5815976266412],[-73.8334682025533,40.5816026269346],[-73.8334341532165,40.5816101924196],[-73.8334145554597,40.5816156373996],[-73.8333975538691,40.581619636295],[-73.8333023532368,40.5816460817188],[-73.830636096346,40.582389432033],[-73.8305823153325,40.5824049462408],[-73.8305313171748,40.5824199458254],[-73.8304793162111,40.5824349448084],[-73.8304276631664,40.5824501378943],[-73.8303773150517,40.5824649456576],[-73.830323074118,40.5824805923428],[-73.8302685093325,40.5824977099826],[-73.8302185089121,40.5825137104858],[-73.8301682101975,40.5825294916985],[-73.830116508331,40.582545712072],[-73.8300643375051,40.5825624054051],[-73.8300133387425,40.5825794057266],[-73.829962608846,40.5825956382753],[-73.8299104293674,40.5826133797373],[-73.8298587841999,40.5826309391602],[-73.8295382830112,40.582744829028],[-73.8294817164098,40.58276539774],[-73.8294289462197,40.5827849418592],[-73.8293781953388,40.5828027986667],[-73.8293244894137,40.582821038288],[-73.8292728568554,40.5828395484213],[-73.8292221800571,40.5828561157175],[-73.8291722951697,40.5828733838772],[-73.8291209671274,40.5828891775097],[-73.8290702968323,40.5829064048338],[-73.8290237518816,40.5829210078398],[-73.8289746115803,40.5829357492467],[-73.8289272483206,40.5829502483357],[-73.8288799099785,40.5829637730737],[-73.8288305058878,40.5829781826328],[-73.8287841506746,40.5829919906605],[-73.8276145122424,40.5833266005713]]},"properties":{"FID":11,"objectid":763,"shape_len":2385.99468058,"url":"http://web.mta.info/nyct/service/","name":"S","rt_symbol":"L","id":2000278,"Shape__Length":956.6764029676425}},{"type":"Feature","id":12,"geometry":{"type":"LineString","coordinates":[[-73.8205901409339,40.5854325174138],[-73.8136731288955,40.5881595192261]]},"properties":{"FID":12,"objectid":764,"shape_len":2162.89773325,"url":"http://web.mta.info/nyct/service/","name":"S","rt_symbol":"L","id":2000276,"Shape__Length":867.57515313375052}},{"type":"Feature","id":13,"geometry":{"type":"LineString","coordinates":[[-73.9474446402503,40.8178387427145],[-73.9447431745773,40.8236395585332],[-73.9447236329532,40.8236795753091],[-73.944702905078,40.8237191412646],[-73.9446816045094,40.8237588420158],[-73.9446606383342,40.8237969598516],[-73.9446387416116,40.8238350412168],[-73.9446161571415,40.8238733374657],[-73.9445943157688,40.8239103724724],[-73.9445720324864,40.8239456521958],[-73.944548535706,40.8239818777525],[-73.9445264193216,40.824015973395],[-73.944502846943,40.8240489742299],[-73.9444793188538,40.8240828539651],[-73.9444555429435,40.8241139456409],[-73.9444302539423,40.8241470158723],[-73.9444029020866,40.8241817321102],[-73.9440259520686,40.8247034275765]]},"properties":{"FID":13,"objectid":765,"shape_len":2677.81414564,"url":"http://web.mta.info/nyct/service/","name":"B-D","rt_symbol":"B","id":2000210,"Shape__Length":1080.6463113553566}},{"type":"Feature","id":14,"geometry":{"type":"LineString","coordinates":[[-73.944023797932,40.8247064864154],[-73.943957061491,40.8248036463059],[-73.9432133843393,40.8258228299602]]},"properties":{"FID":14,"objectid":766,"shape_len":464.480022651,"url":"http://web.mta.info/nyct/service/","name":"B-D","rt_symbol":"B","id":2000211,"Shape__Length":187.37816786320587}},{"type":"Feature","id":15,"geometry":{"type":"LineString","coordinates":[[-74.0003069590423,40.7322560575538],[-74.0002882647454,40.7322809818685],[-73.9998530193563,40.732879545418],[-73.9997145292563,40.733069850441],[-73.9996854926709,40.7331208254281],[-73.9996430502871,40.7332346684392],[-73.999606881954,40.7333471228709],[-73.9995443091105,40.733557428195],[-73.9995313622773,40.733650960312],[-73.99950232414,40.7336985367315]]},"properties":{"FID":15,"objectid":767,"shape_len":576.38360434,"url":"http://web.mta.info/nyct/service/","name":"B-D-F-M","rt_symbol":"B","id":2000192,"Shape__Length":232.26129919494349}},{"type":"Feature","id":16,"geometry":{"type":"LineString","coordinates":[[-73.9821027992541,40.6916192250699],[-73.9823524886193,40.691854328153],[-73.9825026129271,40.6919597894451],[-73.9826642750342,40.692042625088],[-73.9828363099737,40.6920917594506],[-73.9830190981561,40.6921408960435],[-73.9831923021503,40.692158531902],[-73.9832719486712,40.6921657737256],[-73.9833824680957,40.6921711378838],[-73.9859970295181,40.6922691958758]]},"properties":{"FID":16,"objectid":768,"shape_len":1152.89754733,"url":"http://web.mta.info/nyct/service/","name":"R","rt_symbol":"N","id":2000444,"Shape__Length":462.99164989872884}},{"type":"Feature","id":17,"geometry":{"type":"LineString","coordinates":[[-73.9821027992541,40.6916192250699],[-73.9814314156736,40.6901816628849],[-73.9811772997451,40.6898406557686],[-73.9809121200918,40.6895377379544],[-73.9805894763559,40.6892179828468],[-73.9802005193592,40.6889015806495],[-73.9798202397562,40.6886560616586]]},"properties":{"FID":17,"objectid":769,"shape_len":1274.36260676,"url":"http://web.mta.info/nyct/service/","name":"N-Q-R","rt_symbol":"N","id":2000448,"Shape__Length":512.9836556254196}},{"type":"Feature","id":18,"geometry":{"type":"LineString","coordinates":[[-73.9821015411349,40.6916167466623],[-73.9832255365673,40.6938867488821]]},"properties":{"FID":18,"objectid":770,"shape_len":883.816040553,"url":"http://web.mta.info/nyct/service/","name":"N-Q","rt_symbol":"N","id":2000447,"Shape__Length":355.98957198077005}},{"type":"Feature","id":19,"geometry":{"type":"LineString","coordinates":[[-73.9789299455989,40.683678167727],[-73.9783909870683,40.6846720946504],[-73.9783631318764,40.6847133977874],[-73.9783397907588,40.6847511033139],[-73.9783178111544,40.6847889081487],[-73.9782978906689,40.6848278435122],[-73.9782793122031,40.6848649997102],[-73.9782636555205,40.6849024013967],[-73.9782485273155,40.6849406712761],[-73.9782367347751,40.6849760457318],[-73.9782258980999,40.6850148792406],[-73.978216350423,40.6850513356358],[-73.9782094653814,40.6850883418476],[-73.9782033739596,40.685125757943],[-73.9781999232709,40.6851619885615],[-73.9781972348289,40.6852005282417],[-73.9781965571533,40.6852289906527],[-73.9785188905043,40.6874265738763],[-73.9785261300481,40.6874718278339],[-73.9785351681819,40.6875120797737],[-73.9785468415384,40.6875502186986],[-73.9785614685445,40.687585630517],[-73.9785799256289,40.6876225433018],[-73.9786003969236,40.6876571889651],[-73.9786244941648,40.6876917254355],[-73.9786472476312,40.6877259896963],[-73.9786689289134,40.6877689311019],[-73.9787079649696,40.6878151769979],[-73.9787730321045,40.6878680356532],[-73.9788858129341,40.6879671408011],[-73.9790983517279,40.6881884699802],[-73.9792545073871,40.6883371270813],[-73.9793672806883,40.6884692616819]]},"properties":{"FID":19,"objectid":771,"shape_len":1862.75927507,"url":"http://web.mta.info/nyct/service/","name":"N-R","rt_symbol":"N","id":2000470,"Shape__Length":750.2436112504613}},{"type":"Feature","id":20,"geometry":{"type":"LineString","coordinates":[[-73.8311255995672,40.714302411397],[-73.8284605419029,40.7129898918148],[-73.8283817304327,40.7129520617969],[-73.8283009386274,40.7129158100707],[-73.8282219117578,40.7128803497699],[-73.8281408778258,40.7128448972244],[-73.8280598841728,40.7128094617915],[-73.8279752450086,40.7127733355639],[-73.8278901186653,40.7127384647602],[-73.8278051733999,40.7127040822417],[-73.8277187943242,40.7126695309198],[-73.8276297213069,40.7126347206541],[-73.8275406835709,40.7126009468617],[-73.8274519596326,40.7125680505696],[-73.8273609743161,40.7125332912594],[-73.827267131258,40.7125002916929],[-73.8271775029736,40.712468487954],[-73.8225708133651,40.7106997612966],[-73.8224191123846,40.7106410363777],[-73.8222751949062,40.7105809923173],[-73.8221405020788,40.7105188272134],[-73.8220110472325,40.7104526807786],[-73.8218889821615,40.7103850759945],[-73.8217739264859,40.7103139843409],[-73.8216654769664,40.7102410612571],[-73.8215633780523,40.7101649519944],[-73.8214683020421,40.7100864896859],[-73.8213808801106,40.7100055105347],[-73.8212984046165,40.7099202543549],[-73.8212224759136,40.7098332162618],[-73.8211524447293,40.7097429130156],[-73.8210894764509,40.7096503153899],[-73.821029097671,40.7095506401214],[-73.8207716356141,40.7091115619037]]},"properties":{"FID":20,"objectid":772,"shape_len":3501.40278932,"url":"http://web.mta.info/nyct/service/","name":"F","rt_symbol":"B","id":2000307,"Shape__Length":1407.6432681779015}},{"type":"Feature","id":21,"geometry":{"type":"LineString","coordinates":[[-73.8446301332757,40.7215484438274],[-73.8415292685246,40.7201710606299],[-73.8414363934497,40.720130680808],[-73.8413448379919,40.7200908745538],[-73.8412552901122,40.7200515122451],[-73.8411657423125,40.7200111674087],[-73.8410771852688,40.7199708238699],[-73.8409886318556,40.7199294996109],[-73.8409000903006,40.7198877160391],[-73.8408120643134,40.7198461753492],[-73.8407245006746,40.7198038688962],[-73.8406369666658,40.7197610968529],[-73.8405504021615,40.7197187988537],[-73.8404648236671,40.7196755169961],[-73.8403778243574,40.7196315162976],[-73.8402922460807,40.7195882370126],[-73.8402048357335,40.7195424985262],[-73.8374409598596,40.7181920936493]]},"properties":{"FID":21,"objectid":773,"shape_len":2338.67180233,"url":"http://web.mta.info/nyct/service/","name":"F","rt_symbol":"B","id":2000305,"Shape__Length":940.17991465180091}},{"type":"Feature","id":22,"geometry":{"type":"LineString","coordinates":[[-73.9929717363737,40.6654504809541],[-73.9929386483431,40.6654835692856],[-73.9929065110948,40.665516652263],[-73.992875406233,40.6655497010757],[-73.9928424077783,40.6655847011799],[-73.992810459558,40.6656186441346],[-73.9927802523033,40.6656507393309],[-73.9927492535391,40.665685738633],[-73.9927182064749,40.6657187279721],[-73.992689089291,40.6657526962861],[-73.9926572673458,40.665787598255],[-73.9926289911495,40.6658196422048],[-73.9925999152723,40.6658535672737],[-73.9925718222258,40.6658865045327],[-73.9925419217683,40.6659225889705],[-73.9925117447583,40.6659567895032],[-73.9884122489683,40.6708719986906]]},"properties":{"FID":22,"objectid":774,"shape_len":2345.71964265,"url":"http://web.mta.info/nyct/service/","name":"N-R","rt_symbol":"N","id":2000473,"Shape__Length":943.87216902091666}},{"type":"Feature","id":23,"geometry":{"type":"LineString","coordinates":[[-73.8616974235037,40.729697105704],[-73.8544736458335,40.7270679160997],[-73.8543790343267,40.7270314518973],[-73.8542818961926,40.726994775501],[-73.8541853376035,40.7269567381851],[-73.854083367807,40.726915750163],[-73.853980653688,40.7268752581879],[-73.8538759434036,40.7268317919041],[-73.8537678763443,40.7267877656469],[-73.8536589075704,40.7267426080015],[-73.8535480159113,40.7266950830671],[-73.8534329008009,40.7266460334888],[-73.8533169228978,40.7265964694049],[-73.8531985836992,40.7265447589789],[-73.8530775241432,40.7264921669621],[-73.8529558449864,40.7264377567966],[-73.8528289953344,40.7263808247682]]},"properties":{"FID":23,"objectid":775,"shape_len":2739.68740975,"url":"http://web.mta.info/nyct/service/","name":"F-M","rt_symbol":"B","id":2000303,"Shape__Length":1101.1926945166338}},{"type":"Feature","id":24,"geometry":{"type":"LineString","coordinates":[[-73.8985586607537,40.7495249151007],[-73.8914436712257,40.7464999228473]]},"properties":{"FID":24,"objectid":776,"shape_len":2258.57526372,"url":"http://web.mta.info/nyct/service/","name":"F-M","rt_symbol":"B","id":2000298,"Shape__Length":908.2370515736302}},{"type":"Feature","id":25,"geometry":{"type":"LineString","coordinates":[[-73.8913380000606,40.7466436666055],[-73.885149001235,40.7440056667299],[-73.885103999402,40.7439866670628],[-73.8850590005062,40.7439666660167],[-73.8850150015732,40.7439476655145],[-73.8849710008375,40.7439276663309],[-73.8849280000637,40.7439086667922],[-73.8848850004998,40.7438896663381],[-73.8848430014362,40.7438706668683],[-73.8848010005745,40.7438506669174],[-73.8847599996696,40.7438316666145],[-73.8847189999722,40.7438126662981],[-73.8846790007726,40.7437936669688],[-73.8846390004135,40.743774666724],[-73.8845999993686,40.7437556665659],[-73.8845610007125,40.7437366672974],[-73.8845230013712,40.7437176672166],[-73.8829169997915,40.7429326662835],[-73.8828460005942,40.7428966674299],[-73.882775000902,40.7428616662944],[-73.8827060010204,40.7428266671514],[-73.8826390009526,40.7427916664028],[-73.8825740007176,40.742758666781],[-73.8825099998245,40.7427256663407],[-73.8824480010965,40.7426926670077],[-73.8823880015834,40.7426606674453],[-73.8823300012797,40.7426296676565],[-73.8822730014898,40.7425986670601],[-73.8822180008996,40.7425686671429],[-73.8821650012751,40.742538666545],[-73.882113999656,40.7425096675312],[-73.8820640003219,40.7424816672836],[-73.8820170012154,40.7424536664856]]},"properties":{"FID":25,"objectid":777,"shape_len":3002.12810137,"url":"http://web.mta.info/nyct/service/","name":"E","rt_symbol":"A","id":2000299,"Shape__Length":1207.2789238945575}},{"type":"Feature","id":26,"geometry":{"type":"LineString","coordinates":[[-73.8820170012154,40.7424536664856],[-73.8819450007706,40.7424146673566],[-73.8818740008681,40.742375666507],[-73.8818030010456,40.7423366674145],[-73.8817320001238,40.7422956664479],[-73.8816620003333,40.7422556660296],[-73.8815920000337,40.7422146669048],[-73.8815230008689,40.7421726665017],[-73.8814530001527,40.7421306677277],[-73.8813840005741,40.7420876676766],[-73.8813160015359,40.7420446668139],[-73.8812470003645,40.7420006671147],[-73.8811790009183,40.7419566666063],[-73.8811119996402,40.7419126670878],[-73.8810440009737,40.741867666936],[-73.8809770010809,40.7418216664112],[-73.879422000904,40.7406646665866],[-73.8793570002273,40.7406136657807],[-73.8792949998172,40.7405606671534],[-73.8792350004358,40.7405056669601],[-73.8791750000447,40.7404486667056],[-73.8791170001304,40.7403886662251],[-73.8790600014521,40.7403256671739],[-73.8790040010187,40.7402606673132],[-73.8789500004383,40.7401936667966],[-73.878897001104,40.7401236668138],[-73.8788450000197,40.7400516660264],[-73.8787940001844,40.7399766675765],[-73.8787440009763,40.7398996656256],[-73.8786960004334,40.7398206666291],[-73.8786489999648,40.7397386672718],[-73.8786020020738,40.7396546669678],[-73.8772230015889,40.7370146661278]]},"properties":{"FID":26,"objectid":778,"shape_len":2442.1549084,"url":"http://web.mta.info/nyct/service/","name":"E","rt_symbol":"A","id":2000300,"Shape__Length":983.59448456402515}},{"type":"Feature","id":27,"geometry":{"type":"LineString","coordinates":[[-73.8836970012989,40.7476586672726],[-73.8766130004886,40.7484076665217]]},"properties":{"FID":27,"objectid":779,"shape_len":1981.72050561,"url":"http://web.mta.info/nyct/service/","name":"7","rt_symbol":"7","id":2000182,"Shape__Length":796.23030222208138}},{"type":"Feature","id":28,"geometry":{"type":"LineString","coordinates":[[-73.8695270016877,40.7491446663015],[-73.862700001359,40.7498646673716]]},"properties":{"FID":28,"objectid":780,"shape_len":1909.69282751,"url":"http://web.mta.info/nyct/service/","name":"7","rt_symbol":"7","id":2000184,"Shape__Length":767.30715871751534}},{"type":"Feature","id":29,"geometry":{"type":"LineString","coordinates":[[-73.8303010015579,40.6604756668591],[-73.8340580003184,40.6682336676091]]},"properties":{"FID":29,"objectid":781,"shape_len":3012.51650161,"url":"http://web.mta.info/nyct/service/","name":"A","rt_symbol":"A","id":2000263,"Shape__Length":1212.9111246235179}},{"type":"Feature","id":30,"geometry":{"type":"LineString","coordinates":[[-73.8257979999319,40.6859506673952],[-73.8283740007767,40.685665666382],[-73.8284420004255,40.685657666744],[-73.8285080010535,40.6856486672161],[-73.8285730010835,40.6856386665876],[-73.8286370014886,40.6856286662349],[-73.8286990005,40.6856176668971],[-73.8287590002853,40.6856066663519],[-73.828819001634,40.6855936666335],[-73.8288770002033,40.685580666607],[-73.8289330019069,40.6855676671849],[-73.8289890002396,40.6855536672578],[-73.8290430019055,40.6855386674666],[-73.8290950009912,40.6855226669048],[-73.8291460016335,40.6855066657374],[-73.829196000472,40.6854896670905],[-73.8292440000834,40.6854726672562],[-73.8321629992948,40.6843306659224]]},"properties":{"FID":30,"objectid":782,"shape_len":1884.43975127,"url":"http://web.mta.info/nyct/service/","name":"A","rt_symbol":"A","id":2000260,"Shape__Length":756.72952102542786}},{"type":"Feature","id":31,"geometry":{"type":"LineString","coordinates":[[-73.8443300019528,40.6951776674025],[-73.8423280011585,40.6952026661952],[-73.8422220006706,40.6952056664212],[-73.8421120011786,40.6952096669378],[-73.8419999998061,40.6952156664437],[-73.8418850015343,40.695221666226],[-73.8417670016135,40.6952296672115],[-73.8416470009889,40.6952376662238],[-73.8415239998823,40.6952476664243],[-73.8413980006748,40.6952576668644],[-73.8412690009721,40.6952696666722],[-73.8411380005263,40.6952826658459],[-73.841004000759,40.6952966666013],[-73.8408680002339,40.6953116667066],[-73.8407280006251,40.6953276669912],[-73.8405870011765,40.6953446661918],[-73.8404420002588,40.695362666447],[-73.8402750009931,40.6953876672058],[-73.8401100009498,40.6954176656515],[-73.8399480010862,40.6954506667452],[-73.8397880003835,40.6954886673467],[-73.839631002193,40.695529666119],[-73.8394770005321,40.6955746671394],[-73.8393250015056,40.6956246668019],[-73.839176001378,40.6956776664646],[-73.8390290002811,40.6957356674841],[-73.8388850016013,40.6957966667284],[-73.8387430019616,40.6958616668758],[-73.8386040010505,40.6959316662048],[-73.8384680013215,40.6960046664889],[-73.8383340017079,40.6960826663741],[-73.83820299976,40.6961626676573],[-73.8363450014811,40.6974176670126]]},"properties":{"FID":31,"objectid":783,"shape_len":2464.47585658,"url":"http://web.mta.info/nyct/service/","name":"J-Z","rt_symbol":"J","id":2000381,"Shape__Length":990.04145947679422}},{"type":"Feature","id":32,"geometry":{"type":"LineString","coordinates":[[-73.84168700038,40.6808426670336],[-73.8438529999203,40.6804286664003]]},"properties":{"FID":32,"objectid":784,"shape_len":619.409801498,"url":"http://web.mta.info/nyct/service/","name":"A","rt_symbol":"A","id":2000257,"Shape__Length":248.65849425572861}},{"type":"Feature","id":33,"geometry":{"type":"LineString","coordinates":[[-73.8671390000417,40.6913236661428],[-73.8664770006779,40.6914266671103],[-73.866421000783,40.6914346671279],[-73.8663650000543,40.6914436666878],[-73.8663099998222,40.6914516669116],[-73.866255001123,40.691460665781],[-73.8662020006059,40.6914696660469],[-73.8661480000221,40.6914776673554],[-73.8660960003531,40.6914866669355],[-73.8660440014951,40.6914946669223],[-73.8659930003071,40.6915036667176],[-73.8659430011631,40.691512666757],[-73.8658930004686,40.6915206663017],[-73.8658440009902,40.6915296665625],[-73.8657950003154,40.691538666801],[-73.8657470001509,40.6915466668142],[-73.865700001203,40.691555666646],[-73.8628190011815,40.6920416664003],[-73.8627629997581,40.6920516673798],[-73.8627060006802,40.6920606666707],[-73.862650000407,40.6920706675966],[-73.8625939998146,40.6920796671232],[-73.8625370009916,40.6920896677025],[-73.862481001551,40.6920986671755],[-73.8624240012099,40.6921076672258],[-73.8623680014379,40.6921156661723],[-73.8623109998821,40.6921246670657],[-73.8622540006807,40.6921336661327],[-73.8621980020459,40.6921416667989],[-73.8621410001473,40.6921496671366],[-73.8620840006012,40.6921576674488],[-73.8620270010451,40.6921656659318],[-73.8619700014717,40.6921736661876],[-73.8600100007007,40.6924346666541]]},"properties":{"FID":33,"objectid":785,"shape_len":2018.41058722,"url":"http://web.mta.info/nyct/service/","name":"J-Z","rt_symbol":"J","id":2000378,"Shape__Length":810.35739597789473}},{"type":"Feature","id":34,"geometry":{"type":"LineString","coordinates":[[-73.8958770014763,40.7061856660156],[-73.8932720002993,40.7068326663548],[-73.8931800001812,40.7068586670469],[-73.8930890010208,40.7068876663994],[-73.8930009995206,40.7069186667024],[-73.8929150004887,40.706951667037],[-73.8928309999466,40.7069876669723],[-73.8927500006035,40.7070256660774],[-73.8926699998102,40.7070666665623],[-73.8925920002804,40.7071096670948],[-73.8925170007551,40.7071546668106],[-73.8924440008744,40.7072026670504],[-73.8923730006357,40.7072536660171],[-73.8923039997107,40.7073056663786],[-73.8922370007875,40.7073606663768],[-73.892172000312,40.7074186660119],[-73.8921089998969,40.707478666621],[-73.890345001786,40.7093936661776],[-73.8903190005982,40.7094266667722],[-73.8902950004896,40.7094596674669],[-73.8902710003602,40.7094926663554],[-73.8902490008487,40.7095266667143],[-73.8902280005577,40.7095596666526],[-73.8902079997458,40.7095936662077],[-73.8901899993032,40.7096266662984],[-73.8901720007447,40.7096606668565],[-73.8901560009145,40.7096946666173],[-73.8901409998494,40.7097286664284],[-73.890127001101,40.7097626662936],[-73.8901149999034,40.7097966662628],[-73.8901030010602,40.7098306662328],[-73.8900930004889,40.7098656667767],[-73.8900830003735,40.7098996668516],[-73.889992000498,40.7102326665652],[-73.8899879997376,40.7102446665615],[-73.8899849989485,40.7102566666128],[-73.8899820009915,40.7102676670988],[-73.8899780014107,40.7102796670958],[-73.8899750006197,40.7102916662462],[-73.8899719998261,40.7103036662971],[-73.8899690013968,40.7103156672507],[-73.8899670017598,40.7103276664572],[-73.8899640009631,40.7103396665078],[-73.889961000164,40.7103516674589],[-73.8899590005244,40.7103636666653],[-73.8899559997247,40.7103756667156],[-73.8899540007987,40.7103886663909],[-73.8899519999704,40.7104006673971],[-73.8899500015111,40.7104126666044],[-73.8899479994995,40.7104246667087],[-73.8899460010373,40.7104366668165],[-73.8899439990243,40.7104486669207],[-73.8899420010291,40.7104596665605],[-73.88994000138,40.7104716675674],[-73.8899370005735,40.7104836667165],[-73.8899350009242,40.7104956668228],[-73.8899330000922,40.7105076660274],[-73.8899300004633,40.7105196669785],[-73.8899279996297,40.710531666183],[-73.8899259999758,40.7105436671896],[-73.8899230008128,40.7105546676725],[-73.889919999998,40.7105666677216],[-73.8899180003447,40.710578666927],[-73.8899150018947,40.7105906669782],[-73.8899039999751,40.7106306670854],[-73.8898919994946,40.7106726662725],[-73.8898790004474,40.71071666634],[-73.889864000483,40.7107626672292],[-73.8898480007636,40.7108106671956],[-73.8898300001203,40.7108606661812],[-73.8898100001963,40.7109116664197],[-73.8897890012159,40.7109656662024],[-73.8897670000917,40.7110216668584],[-73.8897429996723,40.7110786678642],[-73.8897170001972,40.7111386665533],[-73.8896900009259,40.7112006670156],[-73.8896619999619,40.7112636669793],[-73.8896319999178,40.7113296664238],[-73.8896009998246,40.7113956658015]]},"properties":{"FID":34,"objectid":786,"shape_len":2778.37594092,"url":"http://web.mta.info/nyct/service/","name":"M","rt_symbol":"B","id":2000390,"Shape__Length":1117.8831149133005}},{"type":"Feature","id":35,"geometry":{"type":"LineString","coordinates":[[-73.8964030010192,40.7463246671247],[-73.8913940020419,40.746847667169]]},"properties":{"FID":35,"objectid":787,"shape_len":1400.94758134,"url":"http://web.mta.info/nyct/service/","name":"7","rt_symbol":"7","id":2000180,"Shape__Length":562.86983464749585}},{"type":"Feature","id":36,"geometry":{"type":"LineString","coordinates":[[-73.8984530001401,40.7496686671249],[-73.8913380000606,40.7466436666055]]},"properties":{"FID":36,"objectid":788,"shape_len":2258.57558322,"url":"http://web.mta.info/nyct/service/","name":"E","rt_symbol":"A","id":2000298,"Shape__Length":908.23914054836825}},{"type":"Feature","id":37,"geometry":{"type":"LineString","coordinates":[[-73.8692290009803,40.7331056675826],[-73.8690620013483,40.7330406672732],[-73.8688980002161,40.7329746669673],[-73.8687370015304,40.7329086671478],[-73.8685790001528,40.7328416673557],[-73.8684250011287,40.7327736669508],[-73.8682739997963,40.7327056670666],[-73.8681270000099,40.7326376661629],[-73.8679839997954,40.7325676669234],[-73.8678430008811,40.7324986666658],[-73.867706999855,40.7324286661076],[-73.8675730005261,40.7323576663235],[-73.8674440006334,40.7322866667346],[-73.8673170000607,40.7322146670369],[-73.8671940009706,40.7321426664101],[-73.8670730011871,40.732069667493],[-73.8669450009029,40.7319906665692],[-73.86681200135,40.7319136669551],[-73.866676000397,40.7318376668786],[-73.8665350010066,40.731762666716],[-73.8663900007529,40.7316876671405],[-73.8662410000123,40.7316136668025],[-73.866087000865,40.7315406663267],[-73.8659300003495,40.731468667118],[-73.8657679999074,40.7313966663683],[-73.8656020005397,40.7313266670574],[-73.8654310012618,40.7312566679666],[-73.8652570014847,40.731186666911],[-73.8650780013265,40.7311186660675],[-73.8648950003893,40.7310506665543],[-73.8647100022965,40.7309846680363],[-73.8616040015409,40.7298456658014]]},"properties":{"FID":37,"objectid":789,"shape_len":2430.70931677,"url":"http://web.mta.info/nyct/service/","name":"E","rt_symbol":"A","id":2000302,"Shape__Length":977.2310730963369}},{"type":"Feature","id":38,"geometry":{"type":"LineString","coordinates":[[-73.9115860003917,40.6998136672961],[-73.9145130004988,40.7014316661856],[-73.9146099999334,40.7014846667018],[-73.9147070007054,40.7015376671368],[-73.9148030005127,40.7015916663174],[-73.9149000003179,40.7016456661567],[-73.9149969990958,40.7016996668136],[-73.9150930003714,40.7017556675907],[-73.9151900005618,40.701810666753],[-73.9152859997929,40.7018666673666],[-73.9153830001319,40.7019236664033],[-73.9154790008723,40.7019796659554],[-73.9155760002714,40.7020376670978],[-73.9156720011746,40.7020956665258],[-73.9157679998772,40.702153666772],[-73.9158649997039,40.7022126663375],[-73.9159620008843,40.7022716667222],[-73.9184250007388,40.703810666887]]},"properties":{"FID":38,"objectid":790,"shape_len":2391.82132557,"url":"http://web.mta.info/nyct/service/","name":"L","rt_symbol":"L","id":2000524,"Shape__Length":961.64845316478227}},{"type":"Feature","id":39,"geometry":{"type":"LineString","coordinates":[[-73.9197110004679,40.6986636672496],[-73.912385000624,40.6994296657657]]},"properties":{"FID":39,"objectid":791,"shape_len":2050.46873699,"url":"http://web.mta.info/nyct/service/","name":"M","rt_symbol":"B","id":2000386,"Shape__Length":823.24581808192488}},{"type":"Feature","id":40,"geometry":{"type":"LineString","coordinates":[[-73.9184250007388,40.703810666887],[-73.9229130000312,40.7066066659887]]},"properties":{"FID":40,"objectid":792,"shape_len":1608.12326246,"url":"http://web.mta.info/nyct/service/","name":"L","rt_symbol":"L","id":2000523,"Shape__Length":646.66570011129727}},{"type":"Feature","id":41,"geometry":{"type":"LineString","coordinates":[[-73.9030769997042,40.704422667327],[-73.8958770014763,40.7061856660156]]},"properties":{"FID":41,"objectid":793,"shape_len":2097.05289783,"url":"http://web.mta.info/nyct/service/","name":"M","rt_symbol":"B","id":2000389,"Shape__Length":842.27392941508833}},{"type":"Feature","id":42,"geometry":{"type":"LineString","coordinates":[[-73.8965480003734,40.6745416666795],[-73.8970880015653,40.6766526674001],[-73.8971620013339,40.6768336669041],[-73.8972550000727,40.6770006668032],[-73.8973650005677,40.6771556662153],[-73.8974920005097,40.6772986668915],[-73.8976369994229,40.6774296669636],[-73.8977990002181,40.6775486663791],[-73.8979790008498,40.6776566673244],[-73.8981760013403,40.6777516669852],[-73.8983900009626,40.6778356671193],[-73.8986210011973,40.6779076662607],[-73.8988699999435,40.6779686665573],[-73.8991350011751,40.6780166669992],[-73.8994190002259,40.6780536665367],[-73.8997190000168,40.678078667348],[-73.9000330011099,40.6780926671428],[-73.9004439998693,40.6781116668621],[-73.900493999806,40.6781136678341],[-73.9005430011326,40.6781166665924],[-73.9005930007702,40.6781196661923],[-73.9006410014292,40.6781226667458],[-73.9006900015834,40.6781256672415],[-73.9007380019474,40.6781296664256],[-73.9007850004592,40.6781336665268],[-73.9008330008334,40.6781376665718],[-73.9008790010467,40.6781416675752],[-73.9009260004574,40.6781466662908],[-73.9009720003825,40.678151665928],[-73.9010170008203,40.6781566673885],[-73.9010629995763,40.6781616669883],[-73.9011080009139,40.6781676661848],[-73.9011520015836,40.678173666305],[-73.9026190011161,40.6783606665068],[-73.9026680000727,40.6783646675316],[-73.9027170002206,40.6783686667354],[-73.9027669998678,40.6783726667631],[-73.9028160003,40.6783756672537],[-73.9028660002328,40.6783786667664],[-73.9029149994924,40.6783816663134],[-73.9029649997043,40.678383667112],[-73.9030149999206,40.6783856669884],[-73.9030650001398,40.6783876668429],[-73.9031150006326,40.6783886662038],[-73.9031650011257,40.6783896664435],[-73.9032150007053,40.6783896670889],[-73.9032660018783,40.6783906672259],[-73.9033159993605,40.6783896673534],[-73.9033669996192,40.6783896669727],[-73.9053160005534,40.6783336660802]]},"properties":{"FID":42,"objectid":794,"shape_len":3307.34671913,"url":"http://web.mta.info/nyct/service/","name":"A-C","rt_symbol":"A","id":2000249,"Shape__Length":1329.1056440706855}},{"type":"Feature","id":43,"geometry":{"type":"LineString","coordinates":[[-73.9030969995401,40.6753446664081],[-73.9029059998493,40.6760666664753],[-73.9029010011801,40.6760846671602],[-73.9028969998784,40.6761016664132],[-73.9028929994822,40.6761196670397],[-73.9028890002679,40.6761376667666],[-73.9028860005117,40.6761556673369],[-73.9028820003847,40.6761726665901],[-73.9028790006263,40.6761906662596],[-73.9028769991444,40.6762086667717],[-73.9028740005657,40.676226666442],[-73.9028720002654,40.6762446660544],[-73.9028700014186,40.6762616669965],[-73.9028679999334,40.6762796666077],[-73.902867001459,40.6762976661652],[-73.9028660006172,40.6763156666211],[-73.9028649997749,40.6763336670769],[-73.9028100000897,40.6770086675821],[-73.902807000045,40.6770576656831],[-73.9028050009243,40.6771056668585],[-73.9028030006193,40.677153667132],[-73.9028029992668,40.6772016663923],[-73.9028050018727,40.6772486677734],[-73.9028070009355,40.6772956673501],[-73.9028110001437,40.6773426659145],[-73.9028160002914,40.6773886666527],[-73.9028220011108,40.6774346664344],[-73.9028290005105,40.6774796665866],[-73.9028380012492,40.6775246666271],[-73.9028480002985,40.6775696675096],[-73.9028590003032,40.6776136669628],[-73.9028710009879,40.6776576672593],[-73.9028860004162,40.6777006669116],[-73.9032400003645,40.678855666828]]},"properties":{"FID":43,"objectid":795,"shape_len":1298.95600121,"url":"http://web.mta.info/nyct/service/","name":"L","rt_symbol":"L","id":2000529,"Shape__Length":523.270732364455}},{"type":"Feature","id":44,"geometry":{"type":"LineString","coordinates":[[-73.9040460006823,40.6887636668154],[-73.9032329998991,40.689720666331],[-73.903192999493,40.6897676674254],[-73.9031520017331,40.6898146667659],[-73.9031100004288,40.6898626666179],[-73.9030669993963,40.6899106665128],[-73.9030230007276,40.6899596669221],[-73.9029770000198,40.6900096660971],[-73.9029310004236,40.6900596670555],[-73.9028830002354,40.6901096672075],[-73.9028339997567,40.6901616665357],[-73.9027839995269,40.6902136676998],[-73.9027330007331,40.6902656661968],[-73.9026799998664,40.6903186670507],[-73.9026270010062,40.6903726665514],[-73.9025720003433,40.6904266661336],[-73.9025160008173,40.690481667115],[-73.9024199996399,40.6905756660241],[-73.9023259996308,40.6906706670215],[-73.9022320005382,40.6907656670414],[-73.9021400008253,40.6908596673127],[-73.9020480017521,40.6909546661797],[-73.9019580008872,40.6910486671044],[-73.9018680018478,40.6911436666292],[-73.9017800010334,40.6912376664168],[-73.9016929996597,40.6913316660895],[-73.9016060001135,40.6914266661678],[-73.9015210011792,40.6915206665202],[-73.9014370005154,40.6916146667634],[-73.9013540007896,40.6917076664312],[-73.901272000231,40.691801665565],[-73.9011910006173,40.6918946668293],[-73.9010830008572,40.6920656671285],[-73.9009929996419,40.6922336669889],[-73.9009210012734,40.6923966673165],[-73.9008680014531,40.6925566663418],[-73.9008330012186,40.6927116676925],[-73.9008170009944,40.6928636677852],[-73.9008190015038,40.6930116661969],[-73.9008400005143,40.6931546669179],[-73.9008790001897,40.6932946664176],[-73.9009370018409,40.69343066687],[-73.9010130020026,40.6935636669534],[-73.9011080010954,40.6936916674518],[-73.9012210003679,40.6938156670307],[-73.9013530005129,40.6939366669654],[-73.9015040019107,40.6940536667205],[-73.9023040004344,40.6945586666758],[-73.9023419996901,40.6945846670276],[-73.9023810001784,40.6946096668452],[-73.9024210010566,40.6946366666371],[-73.902461999619,40.6946626667903],[-73.9025040012234,40.6946896664478],[-73.9025470014171,40.6947166669353],[-73.9025910011083,40.6947446669218],[-73.9026370003177,40.6947726667819],[-73.9026830007473,40.6948006675251],[-73.9027300006819,40.6948296677637],[-73.9027790013254,40.6948586669715],[-73.9028280017364,40.6948886666283],[-73.9028790007668,40.69491766658],[-73.902930000479,40.6949486665494],[-73.902984000924,40.6949786667544],[-73.9040840009191,40.69560166596]]},"properties":{"FID":44,"objectid":796,"shape_len":3160.37220604,"url":"http://web.mta.info/nyct/service/","name":"L","rt_symbol":"L","id":2000526,"Shape__Length":1271.7757979329206}},{"type":"Feature","id":45,"geometry":{"type":"LineString","coordinates":[[-73.9052489998734,40.6828286674481],[-73.9053160002477,40.6829476670634],[-73.9053769999236,40.683066666206],[-73.905434001313,40.6831866670028],[-73.905486001517,40.6833066672637],[-73.9055340007946,40.6834286669589],[-73.9055770009698,40.6835516675042],[-73.9056160004108,40.6836756670225],[-73.9056510002786,40.6838006664193],[-73.9056800002111,40.6839266676607],[-73.9057060001029,40.684053666906],[-73.905727000772,40.6841816661213],[-73.9057429998236,40.6843106662078],[-73.9057549991808,40.6844406670878],[-73.9057620001889,40.6845726666149],[-73.9057640004506,40.6847066665892],[-73.9056470016277,40.6856836656388],[-73.9056110003392,40.6858776663117],[-73.9055740003962,40.6860666673952],[-73.905533000117,40.6862476659112],[-73.9054880016085,40.6864216668316],[-73.9054409991264,40.6865896668589],[-73.9053910006165,40.6867496669347],[-73.905337000303,40.6869026657988],[-73.9052800001622,40.6870486660717],[-73.9052200013766,40.6871876668499],[-73.9051570013441,40.6873206658964],[-73.9050909993553,40.6874456676669],[-73.9050210002833,40.6875636664033],[-73.9049490010249,40.6876746664496],[-73.904873001141,40.6877786661486],[-73.9047940017011,40.6878746658499],[-73.9040460006823,40.6887636668154]]},"properties":{"FID":45,"objectid":797,"shape_len":2285.18051698,"url":"http://web.mta.info/nyct/service/","name":"L","rt_symbol":"L","id":2000527,"Shape__Length":920.42788089769965}},{"type":"Feature","id":46,"geometry":{"type":"LineString","coordinates":[[-73.872106001634,40.6753766659498],[-73.8807500016199,40.6741296664683]]},"properties":{"FID":46,"objectid":798,"shape_len":2440.38535624,"url":"http://web.mta.info/nyct/service/","name":"A-C","rt_symbol":"A","id":2000252,"Shape__Length":979.49855494940221}},{"type":"Feature","id":47,"geometry":{"type":"LineString","coordinates":[[-73.880039001362,40.6814096666241],[-73.8799710019146,40.6814306659619],[-73.8799040002135,40.6814506676296],[-73.8798360013017,40.6814706664158],[-73.8797680011614,40.6814906678622],[-73.8796999998024,40.6815106665655],[-73.8796330003086,40.6815306662767],[-73.8795650000478,40.6815506667024],[-73.879496999748,40.6815706661874],[-73.87942900003,40.6815896669615],[-73.8793610008308,40.6816096672678],[-73.8792940005794,40.6816286672091],[-73.8792259995632,40.6816476669614],[-73.8791580008725,40.6816666675766],[-73.8790900009633,40.6816856663492],[-73.8790220010121,40.6817046668826],[-73.873785000357,40.6831936677826]]},"properties":{"FID":47,"objectid":799,"shape_len":1852.37185842,"url":"http://web.mta.info/nyct/service/","name":"J-Z","rt_symbol":"J","id":2000375,"Shape__Length":743.826849065938}},{"type":"Feature","id":48,"geometry":{"type":"LineString","coordinates":[[-73.8807500016199,40.6741296664683],[-73.8903580007919,40.6727096676717]]},"properties":{"FID":48,"objectid":800,"shape_len":2714.92372395,"url":"http://web.mta.info/nyct/service/","name":"A-C","rt_symbol":"A","id":2000251,"Shape__Length":1089.6753582296717}},{"type":"Feature","id":49,"geometry":{"type":"LineString","coordinates":[[-73.8846390003725,40.679946665959],[-73.880039001362,40.6814096666241]]},"properties":{"FID":49,"objectid":801,"shape_len":1382.72377686,"url":"http://web.mta.info/nyct/service/","name":"J-Z","rt_symbol":"J","id":2000374,"Shape__Length":555.27921513863009}},{"type":"Feature","id":50,"geometry":{"type":"LineString","coordinates":[[-73.8916880006105,40.6780236665617],[-73.8899769994276,40.6782806666495],[-73.8899530007207,40.678283667629],[-73.8899300010395,40.67828766733],[-73.8899050004718,40.6782906664405],[-73.8898800001449,40.6782956673912],[-73.889855001,40.6783006665366],[-73.8898290011719,40.6783056674198],[-73.8898020001945,40.6783116678109],[-73.8897759998919,40.6783176664526],[-73.8897480001241,40.6783246663466],[-73.8897199991662,40.6783316671332],[-73.889692000099,40.6783396665861],[-73.889663000345,40.6783476677741],[-73.889634000587,40.6783556671538],[-73.8896040008541,40.6783646669397],[-73.8895740018238,40.6783746662903],[-73.8846390003725,40.679946665959]]},"properties":{"FID":50,"objectid":802,"shape_len":2084.73444452,"url":"http://web.mta.info/nyct/service/","name":"J-Z","rt_symbol":"J","id":2000373,"Shape__Length":837.079096201838}},{"type":"Feature","id":51,"geometry":{"type":"LineString","coordinates":[[-73.8650500006359,40.6770436664556],[-73.8657420008091,40.6765576671089],[-73.8657950001089,40.6765216659856],[-73.8658500009992,40.6764866676446],[-73.8659050001814,40.6764536666193],[-73.8659610003121,40.6764216663062],[-73.8660180005671,40.6763916662755],[-73.8660760017764,40.6763626660536],[-73.8661340021081,40.6763346671751],[-73.8661940008575,40.6763086670348],[-73.8662539999212,40.6762836664361],[-73.8663160009515,40.6762606672773],[-73.8663780011211,40.6762386667562],[-73.866441001074,40.6762176669346],[-73.8665049999941,40.6761986673828],[-73.8665700010744,40.6761806658285],[-73.8666360003086,40.6761656668138],[-73.872106001634,40.6753766659498]]},"properties":{"FID":51,"objectid":803,"shape_len":2094.00302617,"url":"http://web.mta.info/nyct/service/","name":"A","rt_symbol":"A","id":2000253,"Shape__Length":840.75938973808559}},{"type":"Feature","id":52,"geometry":{"type":"LineString","coordinates":[[-73.8725500011933,40.6899406672174],[-73.8720310005476,40.690165666458],[-73.8719819995252,40.6901856664089],[-73.8719319999846,40.6902056661284],[-73.8718800006222,40.6902246667305],[-73.8718260011449,40.6902446673537],[-73.8717720000118,40.690263666578],[-73.8717150014511,40.6902836665088],[-73.8716570003745,40.6903026666232],[-73.8715980015178,40.6903206660243],[-73.8715370013519,40.690339666334],[-73.871475001477,40.6903586663953],[-73.8714120014538,40.6903766666354],[-73.871346001189,40.6903946661886],[-73.871280000887,40.6904126666043],[-73.8712120011985,40.6904306665458],[-73.8711420009373,40.6904486669085],[-73.8689200007811,40.6910146673334],[-73.8688710005194,40.6910256671227],[-73.8688230015087,40.6910376667025],[-73.8687740008169,40.6910476659787],[-73.8687260001899,40.6910586668461],[-73.868677001047,40.691069666554],[-73.8686289999932,40.6910796669093],[-73.8685800004228,40.6910896670048],[-73.8685320017062,40.6910996673223],[-73.8684830009253,40.6911096664746],[-73.8684350006047,40.6911186662786],[-73.8683860005835,40.6911276667203],[-73.8683380014199,40.6911366664852],[-73.8682900010585,40.6911456671292],[-73.8682410009997,40.6911546666086],[-73.8681930014069,40.6911626667419],[-73.8671390000417,40.6913236661428]]},"properties":{"FID":52,"objectid":804,"shape_len":1589.90510971,"url":"http://web.mta.info/nyct/service/","name":"J-Z","rt_symbol":"J","id":2000377,"Shape__Length":638.47584196250682}},{"type":"Feature","id":53,"geometry":{"type":"LineString","coordinates":[[-73.8359190004713,40.6720966659828],[-73.8387150021665,40.6778786670463],[-73.8387340008847,40.6779206667318],[-73.8387540013762,40.6779646669635],[-73.8387750013831,40.6780086676915],[-73.8387969996278,40.6780546662582],[-73.8388190013947,40.6781016670996],[-73.8388429997636,40.6781496667039],[-73.8388670016638,40.6781986667811],[-73.8388930013548,40.6782486665216],[-73.8389190009852,40.6783006663019],[-73.8389460013331,40.6783526665762],[-73.8389740011201,40.6784066673881],[-73.8390030004526,40.6784606668898],[-73.8390330004154,40.6785166669293],[-73.8390630003819,40.6785736665332],[-73.839095001716,40.6786316666994],[-73.8400710005868,40.6802716665111],[-73.8401380011987,40.6803666667794],[-73.8402099998506,40.6804546661344],[-73.8402890003793,40.6805336673028],[-73.8403730001505,40.6806046670648],[-73.840463001068,40.6806666672262],[-73.8405590006981,40.6807216669148],[-73.8406610014363,40.6807676669742],[-73.8407690008671,40.6808056669577],[-73.8408820006111,40.6808356672689],[-73.8410010013709,40.6808566670021],[-73.8411270002389,40.6808706657599],[-73.8412580005002,40.680875667023],[-73.8413950016338,40.6808726663213],[-73.8415370005124,40.6808606662817],[-73.84168700038,40.6808426670336]]},"properties":{"FID":53,"objectid":805,"shape_len":3734.13935295,"url":"http://web.mta.info/nyct/service/","name":"A","rt_symbol":"A","id":2000261,"Shape__Length":1503.1722651059683}},{"type":"Feature","id":54,"geometry":{"type":"LineString","coordinates":[[-73.8340580003184,40.6682336676091],[-73.8359190004713,40.6720966659828]]},"properties":{"FID":54,"objectid":806,"shape_len":1499.09619864,"url":"http://web.mta.info/nyct/service/","name":"A","rt_symbol":"A","id":2000262,"Shape__Length":603.62676909923846}},{"type":"Feature","id":55,"geometry":{"type":"LineString","coordinates":[[-73.8321629992948,40.6843306659224],[-73.8332270005944,40.6839076675796],[-73.8332880016456,40.683884665855],[-73.8333490015994,40.6838606663253],[-73.8334110012192,40.6838356668371],[-73.833473000925,40.6838096668429],[-73.8335370009209,40.6837836661069],[-73.83360099981,40.683756666662],[-73.8336649999578,40.683728667611],[-73.83373100039,40.6837006669121],[-73.8337970010177,40.6836706670312],[-73.8338630004053,40.68364066621],[-73.8339310001858,40.6836096668647],[-73.8339990010882,40.6835786665802],[-73.8340680017466,40.6835456658512],[-73.8341370011494,40.6835126668799],[-73.8342070001786,40.6834786670337],[-73.8363190020942,40.6823276664285],[-73.8364060006937,40.6822796665936],[-73.8364940010031,40.6822326658876],[-73.8365830018371,40.6821866661076],[-73.8366720012786,40.6821416676301],[-73.8367610005255,40.6820976659542],[-73.8368510014841,40.6820546670032],[-73.8369420006166,40.6820126671676],[-73.8370330007404,40.6819716668337],[-73.8371240007523,40.6819306664278],[-73.8372160012317,40.6818916665099],[-73.8373090010772,40.6818536666034],[-73.8374020007432,40.6818166670944],[-73.8374950014187,40.6817806670841],[-73.8375890015411,40.6817446666082],[-73.8376830014232,40.681710667001]]},"properties":{"FID":55,"objectid":807,"shape_len":1807.73750677,"url":"http://web.mta.info/nyct/service/","name":"A","rt_symbol":"A","id":2000259,"Shape__Length":726.35813284275685}},{"type":"Feature","id":56,"geometry":{"type":"LineString","coordinates":[[-73.8282940013407,40.7004916663423],[-73.8262270014823,40.7008326667067],[-73.8261470010847,40.7008456663818],[-73.826067001837,40.7008586669036],[-73.8259880009661,40.7008726666484],[-73.8259090012454,40.7008866663408],[-73.8258309998954,40.7009016661596],[-73.8257540004629,40.700917666112],[-73.8256769998079,40.7009336669116],[-73.8256010001367,40.7009496664748],[-73.8255260011934,40.7009666670752],[-73.8254510007804,40.7009846662943],[-73.8253770001605,40.7010026660807],[-73.8253030004263,40.7010216671924],[-73.8252300004888,40.701040667073],[-73.8251580012746,40.7010606661967],[-73.8250860008317,40.7010806661741],[-73.8241060006179,40.7013446666823],[-73.8239010004917,40.7013866665604],[-73.8236990003231,40.7014176663907],[-73.82350100096,40.7014386663935],[-73.8233050007263,40.7014486675483],[-73.8231130017787,40.7014476666386],[-73.8229240022845,40.7014346670754],[-73.8227390004227,40.7014116668494],[-73.8225560019126,40.7013766664661],[-73.8223770000172,40.7013316663505],[-73.8222010011869,40.7012756663164],[-73.82202800107,40.7012076668001],[-73.8218580003252,40.7011296669563],[-73.8216910008157,40.7010396676602],[-73.8215280018379,40.7009396669129],[-73.8213680018712,40.700827665837],[-73.8206670005317,40.7002726660467],[-73.8202180002307,40.6999426674384],[-73.819760002017,40.6996456676129],[-73.8192979996514,40.6993816671036],[-73.8188320007754,40.6991506667792],[-73.818362001189,40.6989526665884],[-73.8178880002298,40.6987876664848],[-73.8174090021558,40.6986556666433],[-73.8169260009707,40.6985576672558],[-73.8164912381554,40.6984740717426],[-73.8159902626818,40.698403343354],[-73.8153472203164,40.6983578118646],[-73.8146789811644,40.6983630954586],[-73.8143697868821,40.6984134546341],[-73.8138432418572,40.6985270343429],[-73.8132832117171,40.6986659869494],[-73.8110428347611,40.699304413514]]},"properties":{"FID":56,"objectid":808,"shape_len":5233.6393126,"url":"http://web.mta.info/nyct/service/","name":"J-Z","rt_symbol":"J","id":2000383,"Shape__Length":2102.4115619122449}},{"type":"Feature","id":57,"geometry":{"type":"LineString","coordinates":[[-73.9939150007518,40.7202796674637],[-73.9875681180733,40.7182704609676]]},"properties":{"FID":57,"objectid":809,"shape_len":1905.5693585,"url":"http://web.mta.info/nyct/service/","name":"J-Z","rt_symbol":"J","id":2000359,"Shape__Length":765.68503639746461}},{"type":"Feature","id":58,"geometry":{"type":"LineString","coordinates":[[-73.9868202156334,40.6973899315291],[-73.986840034884,40.697462054934],[-73.9869083147967,40.6976415276338],[-73.9870118452892,40.6978646133836],[-73.9871087703625,40.6980591835717],[-73.987221122114,40.6982613043816],[-73.9873160002117,40.6984126675789],[-73.9874289994358,40.6985696671809],[-73.9875620001525,40.6987126667671],[-73.9877130008071,40.6988396669182],[-73.9878839998158,40.6989506668739],[-73.9880739995388,40.6990466669115],[-73.9882829999299,40.6991276669375],[-73.9885110009174,40.6991936668488],[-73.9887580013892,40.6992436660637],[-73.9890250008527,40.6992786668257],[-73.9893090007593,40.6992996664847],[-73.9905309995187,40.6993366665892]]},"properties":{"FID":58,"objectid":810,"shape_len":1411.89024616,"url":"http://web.mta.info/nyct/service/","name":"A-C","rt_symbol":"A","id":2000234,"Shape__Length":567.67722767790951}},{"type":"Feature","id":59,"geometry":{"type":"LineString","coordinates":[[-73.9927996688099,40.6653507102585],[-73.9927656688579,40.6653847107062],[-73.9927316687622,40.6654197098158],[-73.992699667341,40.6654537112706],[-73.9926666688417,40.6654887104243],[-73.9926346697195,40.6655227100597],[-73.9926026681995,40.6655567105865],[-73.9925716682032,40.6655917098411],[-73.9925396678007,40.6656257094496],[-73.9925096682252,40.6656607105531],[-73.9924786682445,40.6656947102096],[-73.9924486687192,40.6657287108237],[-73.9924186690498,40.6657637101021],[-73.9923896687685,40.6657977098658],[-73.9923606683431,40.6658327100954],[-73.9923306686957,40.6658667097777],[-73.9882296663025,40.6707837080391]]},"properties":{"FID":59,"objectid":811,"shape_len":2350.82160911,"url":"http://web.mta.info/nyct/service/","name":"D","rt_symbol":"B","id":2000473,"Shape__Length":945.92348092947066}},{"type":"Feature","id":60,"geometry":{"type":"LineString","coordinates":[[-73.9910570015529,40.750372665952],[-73.9874950005814,40.7552896667699]]},"properties":{"FID":60,"objectid":812,"shape_len":2045.27510835,"url":"http://web.mta.info/nyct/service/","name":"1-2-3","rt_symbol":"1","id":2000015,"Shape__Length":824.20384276264951}},{"type":"Feature","id":61,"geometry":{"type":"LineString","coordinates":[[-73.949046001048,40.6945676668136],[-73.9502340010257,40.7003766662215]]},"properties":{"FID":61,"objectid":813,"shape_len":2141.87485864,"url":"http://web.mta.info/nyct/service/","name":"G","rt_symbol":"G","id":2000323,"Shape__Length":863.11488146026625}},{"type":"Feature","id":62,"geometry":{"type":"LineString","coordinates":[[-73.9928209998189,40.7428776665824],[-73.9878229999905,40.7497186669656]]},"properties":{"FID":62,"objectid":814,"shape_len":2851.30630352,"url":"http://web.mta.info/nyct/service/","name":"B-D-F-M","rt_symbol":"B","id":2000337,"Shape__Length":1148.8922174420095}},{"type":"Feature","id":63,"geometry":{"type":"LineString","coordinates":[[-73.9559290003995,40.5992996658678],[-73.9575020000006,40.607590667132],[-73.957505000572,40.6076046659507],[-73.9575080005988,40.6076176660905],[-73.9575110011716,40.6076316667101],[-73.9575130004026,40.6076446664799],[-73.9575160009782,40.6076586661987],[-73.9575189998274,40.6076716672383],[-73.9575219998605,40.6076846664772],[-73.9575260012382,40.6076986674662],[-73.9575290012738,40.6077116667048],[-73.9575319989463,40.6077246677436],[-73.9575350001659,40.6077376669825],[-73.9575380002051,40.6077506662209],[-73.9575410002442,40.6077636672602],[-73.9575450005405,40.6077756663882],[-73.9575480005821,40.6077886674274],[-73.9575720008558,40.607868666028],[-73.9575769999695,40.6078856661204],[-73.9575819996316,40.6079036666923],[-73.9575879989177,40.6079216667324],[-73.9575920001461,40.6079396669353],[-73.9575970003636,40.6079586661852],[-73.9576020012183,40.6079766667566],[-73.9576069990776,40.6079956669056],[-73.9576110002278,40.6080156662659],[-73.9576160004559,40.6080346664154],[-73.957620000429,40.6080546666753],[-73.9576240004051,40.6080746660345],[-73.957627999748,40.6080956667734],[-73.9576320002756,40.6081166666121],[-73.9576359996241,40.6081376664501],[-73.9576400001562,40.6081586671889],[-73.9577339993614,40.6086696676693]]},"properties":{"FID":63,"objectid":815,"shape_len":3450.60417905,"url":"http://web.mta.info/nyct/service/","name":"B","rt_symbol":"B","id":2000462,"Shape__Length":1388.5762593684105}},{"type":"Feature","id":64,"geometry":{"type":"LineString","coordinates":[[-73.9613751127251,40.577797136824],[-73.9604130231112,40.5779543758657],[-73.9602112651938,40.5780011208203],[-73.9599615343617,40.5781038316018],[-73.9596568188727,40.5782979005383],[-73.9594438526296,40.5784996942672],[-73.9546700006205,40.5851976666523],[-73.9544736904545,40.5855527519626],[-73.954298599428,40.5859943325562],[-73.9541934175399,40.5864435573855],[-73.9541550003182,40.5868956670201]]},"properties":{"FID":64,"objectid":816,"shape_len":4032.40674497,"url":"http://web.mta.info/nyct/service/","name":"B","rt_symbol":"B","id":2000465,"Shape__Length":1620.510704138499}},{"type":"Feature","id":65,"geometry":{"type":"LineString","coordinates":[[-73.9749161574979,40.5762749277907],[-73.9745925213435,40.5763956358935],[-73.9743435679326,40.5764939295269],[-73.9741987236098,40.5765473855302],[-73.9741059255426,40.5765956768797],[-73.9740380182804,40.5766543253086],[-73.9739701166055,40.5766922697443],[-73.9739022227766,40.5767129591956],[-73.9738369999864,40.5767256660673],[-73.9737539997462,40.576733666304],[-73.9736700003333,40.5767386666054],[-73.9735849997868,40.5767426679337],[-73.9734979997509,40.5767436663899],[-73.9734110001096,40.5767436669994],[-73.9733220005968,40.5767416670142],[-73.9732320007758,40.57673666618],[-73.9731409998534,40.5767306672603],[-73.9686940006529,40.5763216670284],[-73.9686800000599,40.5763206663319],[-73.9686670009768,40.5763196668074],[-73.9686530003846,40.5763186661076],[-73.9686400001217,40.5763176656791],[-73.9686270010393,40.5763166670506],[-73.9686129992673,40.5763156663456],[-73.9686000001861,40.5763146668134],[-73.9685879997829,40.5763146671349],[-73.9685750007027,40.5763136666995],[-73.9685620004419,40.5763126662622],[-73.968550000039,40.5763126665797],[-73.9685370009594,40.5763116670404],[-73.9685250005571,40.5763116664548],[-73.9685129989734,40.5763116667682],[-73.9685009997518,40.5763116670809]]},"properties":{"FID":65,"objectid":817,"shape_len":1836.69424795,"url":"http://web.mta.info/nyct/service/","name":"Q","rt_symbol":"N","id":2000467,"Shape__Length":736.17000671548738}},{"type":"Feature","id":66,"geometry":{"type":"LineString","coordinates":[[-73.9837650004595,40.5888406665193],[-73.9834589991406,40.5872446668152],[-73.9834489995939,40.5872086669527],[-73.9834360000131,40.5871716661752],[-73.9834199999068,40.5871356663452],[-73.9833990009099,40.5870996657907],[-73.9833759995253,40.5870646672252],[-73.983347999512,40.5870286665485],[-73.9833179994823,40.5869936669566],[-73.9832829996559,40.5869576670484],[-73.983245999822,40.5869226673193],[-73.9832040008833,40.5868886673291],[-73.9831599989039,40.5868536665483],[-73.9831110004458,40.5868186668174],[-73.9830590003284,40.5867846671043],[-73.98300399999,40.5867506669239],[-73.9829450001314,40.5867166670239],[-73.9826200013125,40.5865426660112],[-73.9825479991067,40.5864996668094],[-73.9824759989622,40.5864536670183],[-73.9824050007143,40.5864026667287],[-73.9823340010062,40.5863486658504],[-73.9822629989312,40.5862906666034],[-73.9821909999317,40.5862286661319],[-73.9821199990695,40.5861626656448],[-73.9820499996289,40.5860936665267],[-73.9819790000268,40.5860196675022],[-73.981908001395,40.5859426669885],[-73.9818370004712,40.5858616672052],[-73.9817669991932,40.5857756660283],[-73.9816959996292,40.5856866668062],[-73.9816250010799,40.5855946669953],[-73.9815560005915,40.585496667272],[-73.9812889996813,40.5850976669501],[-73.9811090008283,40.5848006673297],[-73.9810880005509,40.5847636667633],[-73.9810679995701,40.5847266672581],[-73.9810489993498,40.5846886665321],[-73.9810310005017,40.5846516664498],[-73.9810140000486,40.5846136669484],[-73.9809980000674,40.5845756667093],[-73.9809820001042,40.5845376673683],[-73.9809679998811,40.5844996674557],[-73.9809539999595,40.584460666159],[-73.9809409990374,40.5844226664085],[-73.980930000496,40.5843836674076],[-73.9809189996057,40.5843446666039],[-73.9809089991764,40.5843056668658],[-73.9808989999401,40.5842666662264],[-73.9808909995338,40.5842266663372],[-73.9808360002044,40.583928665792],[-73.9808299992921,40.583889667613],[-73.9808239995685,40.5838506676328],[-73.9808190002935,40.5838116660181],[-73.9808149999957,40.5837736668527],[-73.9808120004301,40.5837346664718],[-73.9808090005805,40.5836966665725],[-73.9808069999922,40.5836586659394],[-73.980805000587,40.5836206662068],[-73.9808050008783,40.5835826668082],[-73.9808039992637,40.5835456677238],[-73.9808049997049,40.5835086671728],[-73.9808059992514,40.5834706661396],[-73.9808080001255,40.583433666656],[-73.9808109999642,40.5833976660198],[-73.9808140000868,40.5833606658022],[-73.9809120000977,40.5824846670202],[-73.9809230000921,40.5824016675686],[-73.9809359997159,40.582318666646],[-73.9809490004883,40.582235666622],[-73.9809639994136,40.5821536665085],[-73.9809800010793,40.5820716665584],[-73.9809905906272,40.5820234218461],[-73.9814323776719,40.5811539401389],[-73.9815885556891,40.5807995334662],[-73.9816013785593,40.5807709267754],[-73.9816127586449,40.5807446657171],[-73.9816223644457,40.5807193427198],[-73.9816315118682,40.5806943942663],[-73.9816388310085,40.5806691852685],[-73.981646323378,40.5806410874169],[-73.9816531006712,40.5806148220168],[-73.9816580011539,40.5805886850916],[-73.9816626933874,40.5805595998174],[-73.9816670131772,40.5805319463166],[-73.9816694832282,40.5805047770024],[-73.9816713658958,40.5804746700852],[-73.9816731278085,40.5804455879449],[-73.9816731272046,40.5803875293636],[-73.9815862767769,40.5790708520977],[-73.9815852955219,40.5790443594226],[-73.9815833022029,40.5790174487419],[-73.9815812125096,40.5789631296947],[-73.9815801234053,40.5789337157018],[-73.9815801221584,40.578903976794],[-73.9815811226096,40.5788779770228],[-73.9815811222302,40.5788493736759],[-73.9815833230635,40.5788218648186],[-73.9815843232364,40.5787968655294],[-73.9815867219905,40.5787668712571],[-73.9815900579049,40.5787390753142],[-73.9815930573471,40.5787150750263],[-73.9815963660304,40.5786875015082],[-73.9816014104382,40.5786572438055],[-73.9816080515412,40.578627357374],[-73.9816134843418,40.5786020003851],[-73.9816177060728,40.5785783623026],[-73.9816210750598,40.5785547673086],[-73.9816238138951,40.5785292117727],[-73.9816263445611,40.578504746738],[-73.9816271981955,40.5784799860632],[-73.9816281956094,40.5784520573674],[-73.9816290494716,40.5784264637077],[-73.9816281929406,40.5784016478272],[-73.9816272640159,40.5783738088756],[-73.9816255512212,40.578348975748],[-73.9816229258601,40.5783227151437],[-73.9816191934017,40.5782937816065],[-73.9816156869808,40.5782674974473],[-73.9814246039074,40.5772586364811]]},"properties":{"FID":66,"objectid":818,"shape_len":4510.93772531,"url":"http://web.mta.info/nyct/service/","name":"D","rt_symbol":"B","id":2000497,"Shape__Length":1814.0559674149313}},{"type":"Feature","id":67,"geometry":{"type":"LineString","coordinates":[[-73.9742500001471,40.5896196665158],[-73.9742399999975,40.589719666476],[-73.9742279999367,40.5898196668863],[-73.9742159994309,40.5899176672325],[-73.9742040000716,40.5900156666761],[-73.9741920002684,40.5901116669561],[-73.9741800004307,40.590207667234],[-73.97416799897,40.5903016665469],[-73.974156001019,40.590395666759],[-73.9741429997237,40.5904876666814],[-73.974130998935,40.5905796668268],[-73.9741179995263,40.5906696657828],[-73.9741050000818,40.5907596665377],[-73.9740920001974,40.5908476663278],[-73.974078999097,40.590935667016],[-73.9740670000816,40.5910226665465],[-73.9733570008701,40.5960626667228]]},"properties":{"FID":67,"objectid":819,"shape_len":2360.4498898,"url":"http://web.mta.info/nyct/service/","name":"F","rt_symbol":"B","id":2000411,"Shape__Length":949.7614195996066}},{"type":"Feature","id":68,"geometry":{"type":"LineString","coordinates":[[-73.9745739998442,40.5810106666535],[-73.9745160001872,40.5818436672283],[-73.9745149996852,40.5818686664494],[-73.974513999981,40.5818946679537],[-73.9745140010716,40.5819196664963],[-73.9745139994175,40.5819456673213],[-73.9745139997445,40.5819726668277],[-73.9745149996861,40.5819986660737],[-73.9745160004275,40.5820256667023],[-73.9745180000221,40.5820536662334],[-73.974520001181,40.5820806661832],[-73.9745220007783,40.5821086675151],[-73.9745249992319,40.5821376659483],[-73.9745280004308,40.5821656666014],[-73.9745319993057,40.5821946670571],[-73.9745360005467,40.5822236666125],[-73.9745400002289,40.5822536657489],[-73.9746010004997,40.5827516662162],[-73.9746059995271,40.5827846670155],[-73.9746100001159,40.5828186662746],[-73.9746140007084,40.5828526664341],[-73.9746169996967,40.582886666372],[-73.9746200006701,40.5829216667921],[-73.9746230000858,40.582957666793],[-73.974625000257,40.5829936665731],[-73.9746269992492,40.5830296663527],[-73.9746279997956,40.5830666672942],[-73.9746300003941,40.5831046671372],[-73.9746300001329,40.5831426665381],[-73.974631000303,40.5831806670604],[-73.9746309996623,40.583219666943],[-73.9746310002027,40.5832586668256],[-73.9746299999302,40.5832986660686],[-73.974327999073,40.5885066660375],[-73.9743249996886,40.5885686663968],[-73.9743220007108,40.5886326668179],[-73.9743189997772,40.5886986663999],[-73.9743149999154,40.5887666667209],[-73.9743110004569,40.588836668004],[-73.9743070006061,40.5889076670663],[-73.9743019998434,40.5889796663854],[-73.9742970006619,40.5890536675675],[-73.9742920007,40.5891296670097],[-73.9742860006157,40.58920766719],[-73.9742800001327,40.5892866660495],[-73.9742729999068,40.5893666660662],[-73.9742659996891,40.5894496666253],[-73.974258999454,40.5895326671832],[-73.9742500001471,40.5896196665158]]},"properties":{"FID":68,"objectid":820,"shape_len":3140.76067677,"url":"http://web.mta.info/nyct/service/","name":"F","rt_symbol":"B","id":2000412,"Shape__Length":1263.6302373279123}},{"type":"Feature","id":69,"geometry":{"type":"LineString","coordinates":[[-73.9782300008403,40.5927206680284],[-73.9780359993892,40.5916786665887],[-73.9780189994673,40.5915526666583],[-73.9780069995,40.5914246676193],[-73.9779989997593,40.5912956661607],[-73.9779950008801,40.5911636667243],[-73.9779949998181,40.5910306675707],[-73.9779999997892,40.5908956666096],[-73.9780090005461,40.5907576667699],[-73.9780220002234,40.5906186672114],[-73.9780390003064,40.5904776656508],[-73.978060998943,40.5903346667794],[-73.978087000289,40.5901896659018],[-73.9781170004433,40.5900436670978],[-73.9781510012151,40.5898946667004],[-73.9781900004131,40.5897436671778],[-73.9782349993834,40.5895916664941],[-73.9783289999957,40.5892366664901],[-73.978551000029,40.5886156667819],[-73.9785620005897,40.5885836660382],[-73.978574000149,40.5885526677622],[-73.9785850006883,40.5885206670162],[-73.9785969993657,40.5884886664549],[-73.9786069993721,40.5884566673213],[-73.9786179998798,40.5884246665718],[-73.9786279998669,40.5883926665357],[-73.9786379998445,40.5883606664986],[-73.9786469996234,40.5883276666937],[-73.9786559993933,40.588294666888],[-73.9786650011975,40.5882626666628],[-73.9786740000881,40.588228666374],[-73.9786819993244,40.5881956672808],[-73.9786900009158,40.5881626663863],[-73.9786969987685,40.5881286666248],[-73.9787819993139,40.587782667065],[-73.9787860005824,40.5877626662795],[-73.9787909999856,40.5877426674792],[-73.9787959993865,40.587722665977],[-73.9788009999651,40.5877026662759],[-73.9788060005407,40.5876826665744],[-73.9788120004311,40.5876626661565],[-73.9788170001363,40.5876416668735],[-73.9788230000195,40.5876216673554],[-73.9788290013977,40.5876006664553],[-73.9788349992282,40.5875796664547],[-73.9788409994171,40.5875586673547],[-73.9788480000997,40.5875376666375],[-73.978854000281,40.5875166666363],[-73.9788610012712,40.5874946672378],[-73.9788679995783,40.5874736665188],[-73.9799920006004,40.5839216662307],[-73.9800010005594,40.5838956660769],[-73.9800100005114,40.5838696659223],[-73.9800190004559,40.583843667568],[-73.9800279992127,40.5838176674117],[-73.9800379992859,40.5837926661094],[-73.9800469989107,40.5837676664334],[-73.9800559997099,40.5837426667569],[-73.9800659997612,40.5837176663525],[-73.9800750005465,40.5836926666743],[-73.9800850005831,40.5836676662681],[-73.980095000612,40.5836426667615],[-73.9801039998972,40.5836186675626],[-73.9801140007952,40.5835946676357],[-73.9801239993239,40.5835706668069],[-73.9801340002074,40.5835466668781],[-73.9807560001517,40.5821006666485],[-73.9807659988017,40.5820746665977],[-73.9807769999329,40.5820496671958],[-73.9807890005772,40.5820236665773],[-73.9808010000306,40.5819976668579],[-73.9808107203802,40.581978224371],[-73.9812079994836,40.5812676668423],[-73.9813640004968,40.5809136665857],[-73.9813770007607,40.5808846673206],[-73.9813899989301,40.580854666671],[-73.9814009995596,40.5808256670792],[-73.9814120016394,40.5807956661038],[-73.9814209996528,40.5807646670227],[-73.9814289993473,40.5807346664605],[-73.9814370004933,40.5807036672168],[-73.9814429999407,40.5806716671671],[-73.981447999892,40.5806406674377],[-73.9814530001168,40.5806086663254],[-73.9814559998289,40.5805756662089],[-73.9814580012304,40.5805436664132],[-73.9814600005449,40.5805106679359],[-73.9814600002569,40.5804776673348],[-73.9814599999692,40.5804446658331],[-73.9813729995953,40.5791256668369],[-73.9813719996685,40.5790986662615],[-73.9813700005531,40.5790716673249],[-73.9813689991685,40.5790456663308],[-73.9813680001463,40.579019667138],[-73.9813670002232,40.5789926665622],[-73.9813670001111,40.5789676671131],[-73.9813679483098,40.5789429911058],[-73.9810424121567,40.5773020576629]]},"properties":{"FID":69,"objectid":821,"shape_len":5760.13004812,"url":"http://web.mta.info/nyct/service/","name":"N","rt_symbol":"N","id":2000508,"Shape__Length":2317.0663602922391}},{"type":"Feature","id":70,"geometry":{"type":"LineString","coordinates":[[-73.9749840005913,40.5764286665875],[-73.9749189992447,40.5764536671792],[-73.9748579992268,40.5764816664553],[-73.9748030003932,40.5765116670798],[-73.9747529996753,40.5765446675223],[-73.9747070002846,40.5765806666694],[-73.9746669993439,40.5766196667673],[-73.9746320004482,40.5766606662192],[-73.9746020008605,40.576704666412],[-73.9745760002517,40.5767516662277],[-73.9745560004796,40.576801667013],[-73.9745410004187,40.576853667166],[-73.9745310008789,40.5769086671713],[-73.9745260006902,40.5769666670299],[-73.9745260010459,40.5770276667428],[-73.974530999979,40.5770906667274],[-73.9747009996269,40.5784666665473],[-73.9747040001568,40.5785086667536],[-73.9747080002508,40.5785496657968],[-73.9747109999859,40.5785906673211],[-73.9747140009067,40.5786316661439],[-73.9747159991044,40.5786726665468],[-73.9747179996663,40.5787136678505],[-73.9747190010475,40.5787546662326],[-73.9747190000793,40.5787946675138],[-73.974718999914,40.5788356674763],[-73.9747180005628,40.5788766672187],[-73.9747170012103,40.578917666961],[-73.9747159998731,40.5789576662204],[-73.9747129997796,40.578998667323],[-73.9747100000616,40.5790386670427],[-73.9747069999615,40.5790796663439],[-73.9745739998442,40.5810106666535]]},"properties":{"FID":70,"objectid":822,"shape_len":1724.60299381,"url":"http://web.mta.info/nyct/service/","name":"F","rt_symbol":"B","id":2000413,"Shape__Length":693.66067624845391}},{"type":"Feature","id":71,"geometry":{"type":"LineString","coordinates":[[-73.9759389998661,40.5761266672166],[-73.976620000695,40.5759116671592],[-73.9767189995447,40.575884667031],[-73.9768179999822,40.5758596668823],[-73.9769169996543,40.5758366667128],[-73.9770149999226,40.5758176663871],[-73.9771139997705,40.5758006671421],[-73.9772119997461,40.5757856667774],[-73.9773099998395,40.5757736668764],[-73.9774080000637,40.5757646674389],[-73.9775060007693,40.575757667082],[-73.9776030013089,40.5757536669937],[-73.9776999988068,40.575751667788],[-73.9777980003468,40.5757526665401],[-73.9778949997258,40.5757556668814],[-73.9779910001667,40.575761666596],[-73.9780879987804,40.5757706660674],[-73.9800939999932,40.5760386670032],[-73.9802119996071,40.5760576668395],[-73.9802188939818,40.5760591088658],[-73.9802671765501,40.5760669058041],[-73.9803150571912,40.5760760300262],[-73.9803624744989,40.5760864671135],[-73.9804093647045,40.576098203548],[-73.9804556699449,40.5761112240115],[-73.980501327633,40.5761255122846],[-73.9805462787254,40.5761410494472],[-73.9805904629976,40.5761578156783],[-73.9806338237692,40.5761757875555],[-73.980676304359,40.5761949434579],[-73.9807178492681,40.5762152563612],[-73.9807584041778,40.5762367019432],[-73.9807979183139,40.5762592495786],[-73.9808363361767,40.5762828731441],[-73.9808736081737,40.576307537512],[-73.9809096894343,40.5763332156603],[-73.9809445280045,40.5763598688589],[-73.9809780813764,40.5763874655835],[-73.9810103046813,40.5764159689063],[-73.9810411565934,40.5764453419002],[-73.9810705957868,40.5764755458369],[-73.9810985844794,40.5765065401877],[-73.9811250848877,40.5765382880259],[-73.9811500651355,40.5765707434204],[-73.9811953281907,40.5766376129651],[-73.9813344041638,40.5772712787295]]},"properties":{"FID":71,"objectid":823,"shape_len":1811.87754366,"url":"http://web.mta.info/nyct/service/","name":"F","rt_symbol":"B","id":2000469,"Shape__Length":726.73461852803439}},{"type":"Feature","id":72,"geometry":{"type":"LineString","coordinates":[[-73.9759389998661,40.5761266672166],[-73.9749840005913,40.5764286665875]]},"properties":{"FID":72,"objectid":824,"shape_len":287.205176715,"url":"http://web.mta.info/nyct/service/","name":"F","rt_symbol":"B","id":2000468,"Shape__Length":115.15599948018304}},{"type":"Feature","id":73,"geometry":{"type":"LineString","coordinates":[[-73.9837650004595,40.5888406665193],[-73.9851960013092,40.5963586665506],[-73.9852040009476,40.5964096668774],[-73.98521700065,40.5964586668854],[-73.9852320006739,40.5965066666683],[-73.9852509997031,40.5965546669623],[-73.9852739993689,40.5966006677049],[-73.9852989993723,40.5966456664171],[-73.9853280000221,40.5966886664743],[-73.9853589996157,40.5967316667788],[-73.9853939996464,40.5967736671026],[-73.9854329991574,40.596813666061],[-73.9854739999876,40.59685366706],[-73.9855190003051,40.5968916666866],[-73.98556700044,40.5969286670923],[-73.9856179992139,40.5969646673725],[-73.9856720013551,40.5969996666233],[-73.9868290001148,40.5977036669586]]},"properties":{"FID":73,"objectid":825,"shape_len":3454.57988625,"url":"http://web.mta.info/nyct/service/","name":"D","rt_symbol":"B","id":2000496,"Shape__Length":1389.4779860966323}},{"type":"Feature","id":74,"geometry":{"type":"LineString","coordinates":[[-73.9782300008403,40.5927206680284],[-73.9791370000717,40.5974726659747]]},"properties":{"FID":74,"objectid":826,"shape_len":1749.50193775,"url":"http://web.mta.info/nyct/service/","name":"N","rt_symbol":"N","id":2000507,"Shape__Length":703.93492259721927}},{"type":"Feature","id":75,"geometry":{"type":"LineString","coordinates":[[-73.9868290001148,40.5977036669586],[-73.9936070110392,40.6019053992204]]},"properties":{"FID":75,"objectid":827,"shape_len":2426.14115065,"url":"http://web.mta.info/nyct/service/","name":"D","rt_symbol":"B","id":2000495,"Shape__Length":974.06344145983849}},{"type":"Feature","id":76,"geometry":{"type":"LineString","coordinates":[[-74.0283979999864,40.6226866671502],[-74.0255099996266,40.6297416668869]]},"properties":{"FID":76,"objectid":828,"shape_len":2692.44234318,"url":"http://web.mta.info/nyct/service/","name":"R","rt_symbol":"N","id":2000483,"Shape__Length":1083.5563218004347}},{"type":"Feature","id":77,"geometry":{"type":"LineString","coordinates":[[-74.0308760008576,40.6166216672595],[-74.0283979999864,40.6226866671502]]},"properties":{"FID":77,"objectid":829,"shape_len":2314.25008109,"url":"http://web.mta.info/nyct/service/","name":"R","rt_symbol":"N","id":2000484,"Shape__Length":931.26541129343025}},{"type":"Feature","id":78,"geometry":{"type":"LineString","coordinates":[[-74.0004889939432,40.6135314059617],[-73.998742981147,40.6196194032266]]},"properties":{"FID":78,"objectid":830,"shape_len":2270.36873489,"url":"http://web.mta.info/nyct/service/","name":"D","rt_symbol":"B","id":2000491,"Shape__Length":913.71647515830034}},{"type":"Feature","id":79,"geometry":{"type":"LineString","coordinates":[[-74.0016150035595,40.6079844077347],[-74.0017190017267,40.6088904065174],[-74.0017210032101,40.6089304076514],[-74.0017220015403,40.6089714074785],[-74.001721002935,40.609011406856],[-74.0017200019909,40.6090524067128],[-74.0017180025633,40.6090924070054],[-74.0017150011568,40.6091334077922],[-74.0017100016491,40.6091744077079],[-74.0017050021097,40.6092144071439],[-74.0016990017675,40.6092554070737],[-74.0016920017764,40.6092964070177],[-74.0016840021349,40.6093374069757],[-74.0016750016592,40.6093784069476],[-74.0016640007045,40.6094194069476],[-74.0016530009426,40.6094614065252],[-74.0016410014978,40.6095024065371],[-74.0004889939432,40.6135314059617]]},"properties":{"FID":79,"objectid":831,"shape_len":2058.37174149,"url":"http://web.mta.info/nyct/service/","name":"D","rt_symbol":"B","id":2000492,"Shape__Length":828.35682655853373}},{"type":"Feature","id":80,"geometry":{"type":"LineString","coordinates":[[-73.9936070110392,40.6019053992204],[-73.9980470075557,40.6045864026767]]},"properties":{"FID":80,"objectid":832,"shape_len":1572.9369969,"url":"http://web.mta.info/nyct/service/","name":"D","rt_symbol":"B","id":2000494,"Shape__Length":631.51512985387888}},{"type":"Feature","id":81,"geometry":{"type":"LineString","coordinates":[[-73.9822090000468,40.7734396673343],[-73.9822119995935,40.7741656666889],[-73.9820909993476,40.7774956667808],[-73.9820580003061,40.7778686668117],[-73.9820079994977,40.7782106670708],[-73.9819699993171,40.7784526665995]]},"properties":{"FID":81,"objectid":833,"shape_len":1828.56822418,"url":"http://web.mta.info/nyct/service/","name":"1-2-3","rt_symbol":"1","id":2000019,"Shape__Length":737.78337034864091}},{"type":"Feature","id":82,"geometry":{"type":"LineString","coordinates":[[-73.9806580014637,40.7646636670412],[-73.979498999963,40.7662536674799]]},"properties":{"FID":82,"objectid":834,"shape_len":662.307932311,"url":"http://web.mta.info/nyct/service/","name":"N-Q-R","rt_symbol":"N","id":2000426,"Shape__Length":266.94457640693338}},{"type":"Feature","id":83,"geometry":{"type":"LineString","coordinates":[[-73.9799170006619,40.7839336664048],[-73.9776559999418,40.7869526660057],[-73.9771070000679,40.787600666834],[-73.9762179998974,40.7886436666534]]},"properties":{"FID":83,"objectid":835,"shape_len":1999.22684172,"url":"http://web.mta.info/nyct/service/","name":"1-2-3","rt_symbol":"1","id":2000021,"Shape__Length":805.95623725348992}},{"type":"Feature","id":84,"geometry":{"type":"LineString","coordinates":[[-73.9638700005772,40.7681406664096],[-73.9598740002463,40.77361966666]]},"properties":{"FID":84,"objectid":836,"shape_len":2282.50535329,"url":"http://web.mta.info/nyct/service/","name":"4-5-6","rt_symbol":"4","id":2000124,"Shape__Length":920.04234343637825}},{"type":"Feature","id":85,"geometry":{"type":"LineString","coordinates":[[-73.9713300004964,40.7668266672555],[-73.9661100001865,40.7646266669091]]},"properties":{"FID":85,"objectid":837,"shape_len":1653.27258231,"url":"http://web.mta.info/nyct/service/","name":"F","rt_symbol":"B","id":2000345,"Shape__Length":664.99633538859655}},{"type":"Feature","id":86,"geometry":{"type":"LineString","coordinates":[[-73.9689160010219,40.785867666843],[-73.9646990003985,40.7916456666951]]},"properties":{"FID":86,"objectid":838,"shape_len":2407.31274723,"url":"http://web.mta.info/nyct/service/","name":"A-C","rt_symbol":"A","id":2000204,"Shape__Length":970.60869123264331}},{"type":"Feature","id":87,"geometry":{"type":"LineString","coordinates":[[-73.9721430002142,40.7814326657243],[-73.9689160010219,40.785867666843]]},"properties":{"FID":87,"objectid":839,"shape_len":1846.48654464,"url":"http://web.mta.info/nyct/service/","name":"A-C","rt_symbol":"A","id":2000203,"Shape__Length":744.43447247133986}},{"type":"Feature","id":88,"geometry":{"type":"LineString","coordinates":[[-73.9641100001279,40.8077216671469],[-73.9583719999935,40.8155806667947]]},"properties":{"FID":88,"objectid":840,"shape_len":3274.36921581,"url":"http://web.mta.info/nyct/service/","name":"1","rt_symbol":"1","id":2000027,"Shape__Length":1320.6501117864334}},{"type":"Feature","id":89,"geometry":{"type":"LineString","coordinates":[[-73.9668470007111,40.8039666673309],[-73.9641100001279,40.8077216671469]]},"properties":{"FID":89,"objectid":841,"shape_len":1563.89545764,"url":"http://web.mta.info/nyct/service/","name":"1","rt_symbol":"1","id":2000026,"Shape__Length":630.71205057454574}},{"type":"Feature","id":90,"geometry":{"type":"LineString","coordinates":[[-73.9372430008139,40.7489726664529],[-73.9371700010151,40.748998667498],[-73.937098999902,40.7490246659863],[-73.9370300017419,40.7490536660129],[-73.9369629998954,40.74908266619],[-73.9368969990192,40.749113666901],[-73.936833999987,40.7491456660809],[-73.9367720007344,40.7491796676005],[-73.9367120004005,40.7492146670454],[-73.9366549995411,40.74925066677],[-73.9365990005946,40.7492876665797],[-73.9365440002399,40.7493266660362],[-73.9364919993602,40.749366666682],[-73.9364419997691,40.7494076661694],[-73.9363940005112,40.749450666764],[-73.9363470007969,40.7494946674527],[-73.9350940001517,40.7506596671798],[-73.9349130008128,40.7508256661015],[-73.9347260019246,40.7509806670569],[-73.9345320005862,40.7511246676462]]},"properties":{"FID":90,"objectid":842,"shape_len":1094.64101388,"url":"http://web.mta.info/nyct/service/","name":"E","rt_symbol":"A","id":2000290,"Shape__Length":440.68301270932579}},{"type":"Feature","id":91,"geometry":{"type":"LineString","coordinates":[[-73.9397800008176,40.7480606659951],[-73.9372430008139,40.7489726664529]]},"properties":{"FID":91,"objectid":843,"shape_len":777.523054745,"url":"http://web.mta.info/nyct/service/","name":"E","rt_symbol":"A","id":2000289,"Shape__Length":312.59927831020929}},{"type":"Feature","id":92,"geometry":{"type":"LineString","coordinates":[[-73.9287810001877,40.7520386666686],[-73.9265630006163,40.752073667009],[-73.9264500006201,40.7520776669997],[-73.9263389995219,40.7520826659186],[-73.9262290003433,40.7520896662965],[-73.9261200006317,40.7520976676726],[-73.9260109998587,40.7521076671678],[-73.9259029997263,40.7521186658647],[-73.925796001482,40.7521316660301],[-73.9256900003132,40.7521456663011],[-73.9255849998355,40.7521616662442],[-73.9254800005555,40.7521786674552],[-73.9253760007055,40.7521966669786],[-73.9252730015264,40.7522166661806],[-73.9251710006407,40.7522386659628],[-73.9250699991645,40.752261666767],[-73.9249680005685,40.7522846668331]]},"properties":{"FID":92,"objectid":844,"shape_len":1064.65552169,"url":"http://web.mta.info/nyct/service/","name":"E","rt_symbol":"A","id":2000292,"Shape__Length":427.7850170787799}},{"type":"Feature","id":93,"geometry":{"type":"LineString","coordinates":[[-73.9295750012174,40.75680366649],[-73.9255080002581,40.7618196663692]]},"properties":{"FID":93,"objectid":845,"shape_len":2146.8997689,"url":"http://web.mta.info/nyct/service/","name":"N-W","rt_symbol":"N","id":2000416,"Shape__Length":865.09823442421384}},{"type":"Feature","id":94,"geometry":{"type":"LineString","coordinates":[[-73.9434029998038,40.8259026674637],[-73.9433790001054,40.8259376669495],[-73.9433549998646,40.8259746664305],[-73.9433329994635,40.8260116668891],[-73.9433109990388,40.8260486664427],[-73.9432890001078,40.8260866664432],[-73.9432689998368,40.826124666522],[-73.9432489998751,40.8261636670479],[-73.9432290007443,40.8262016662194],[-73.9432110009418,40.8262416672728],[-73.9431929996015,40.8262806669714],[-73.9431760002872,40.8263206676112],[-73.9431590001002,40.8263616659968],[-73.9431439994383,40.826401666716],[-73.9431280000729,40.8264436669409],[-73.9431130012211,40.8264856667564],[-73.9415140011142,40.8305176670101]]},"properties":{"FID":94,"objectid":846,"shape_len":1761.76482881,"url":"http://web.mta.info/nyct/service/","name":"A-C","rt_symbol":"A","id":2000212,"Shape__Length":711.147241786094}},{"type":"Feature","id":95,"geometry":{"type":"LineString","coordinates":[[-73.9503600002311,40.8265506664393],[-73.9448900004728,40.8340406660572]]},"properties":{"FID":95,"objectid":847,"shape_len":3120.62061156,"url":"http://web.mta.info/nyct/service/","name":"1","rt_symbol":"1","id":2000030,"Shape__Length":1258.9893934925167}},{"type":"Feature","id":96,"geometry":{"type":"LineString","coordinates":[[-73.9432128616098,40.8258338769824],[-73.9424859996802,40.8270536656226],[-73.9424680007606,40.8270726670027],[-73.9424530004482,40.8270896662741],[-73.9424380004473,40.8271076668945],[-73.9424240009826,40.8271256662115],[-73.9424100011891,40.8271426668772],[-73.9423970010671,40.8271606666898],[-73.9423840006181,40.8271776669509],[-73.9423710004823,40.8271956667605],[-73.9423580000207,40.8272126661181],[-73.9423460004144,40.8272306673254],[-73.942334000484,40.8272476671804],[-73.9423220008665,40.8272656665842],[-73.9423110002832,40.8272826669365],[-73.942300000013,40.8273006668377],[-73.9422890006045,40.827317666288],[-73.9410320006842,40.8292626664596],[-73.9409530013402,40.8293576669884],[-73.9408659992185,40.8294476674119],[-73.9407719996288,40.8295326664276],[-73.9406729998738,40.829611666397],[-73.9405670011714,40.8296846662776],[-73.9404549996574,40.8297526670144],[-73.9403360015803,40.8298146676261],[-73.9402110004251,40.8298706668053],[-73.94007900065,40.8299216671668],[-73.9399410002021,40.8299666669554],[-73.9397970005726,40.8300066666005],[-73.9396460009168,40.830040666907],[-73.9394890006678,40.8300686665709],[-73.9393259998598,40.8300906664682],[-73.9391559993996,40.8301076664963],[-73.9390919993307,40.8301106673809],[-73.9390279995263,40.8301146668788],[-73.9389650000341,40.8301176664209],[-73.9389020002678,40.8301196672794],[-73.9388390007651,40.8301226667527],[-73.9387760009919,40.8301246657414],[-73.9387130012132,40.8301266664967],[-73.938650000246,40.8301286663165],[-73.9385870001977,40.8301296665529],[-73.9385239992221,40.8301316681049],[-73.9384610003554,40.8301326673727],[-73.9383979991157,40.8301336666047],[-73.9383350011707,40.8301336671552],[-73.9382730005169,40.8301346659535],[-73.9382090007967,40.8301346667995]]},"properties":{"FID":96,"objectid":848,"shape_len":2277.91300068,"url":"http://web.mta.info/nyct/service/","name":"B-D","rt_symbol":"B","id":2000220,"Shape__Length":918.30973781809439}},{"type":"Feature","id":97,"geometry":{"type":"LineString","coordinates":[[-73.9689800009715,40.7985056667863],[-73.9688520004515,40.7986506667064],[-73.9687200012139,40.7987806666783],[-73.9685820007169,40.7988956670438],[-73.9684409993837,40.7989956668027],[-73.9682949998991,40.7990796667414],[-73.9681439990223,40.7991496668498],[-73.9679880001647,40.7992036671006],[-73.967828000214,40.7992436668607],[-73.9676640002352,40.7992676670053],[-73.9674950004263,40.7992776672447],[-73.9673209995037,40.7992716675475],[-73.9671429995948,40.7992506668304],[-73.9669599995147,40.7992146665887],[-73.9667730007029,40.7991636670871],[-73.9665819992388,40.7990986660577],[-73.9620470011321,40.7971836673209],[-73.9618239994131,40.7970926657263],[-73.9615929999499,40.7970016673376],[-73.9613879995682,40.7969336669537],[-73.9611850000068,40.796889666996],[-73.9609839998699,40.7968716674851],[-73.9607949992234,40.7968826668955],[-73.9605730003321,40.7969036664693],[-73.9567390012183,40.7975346662762],[-73.9536759997316,40.7981106674348],[-73.9533100008094,40.7981766668619],[-73.953008000113,40.7982506669593],[-73.952701999978,40.7983556661211],[-73.9524700014656,40.798468667129],[-73.9523219990601,40.7985596672188],[-73.9521740004114,40.7986646671845],[-73.9520070000263,40.7988406670341],[-73.9518219996403,40.7990746665876]]},"properties":{"FID":97,"objectid":849,"shape_len":5261.60952313,"url":"http://web.mta.info/nyct/service/","name":"2-3","rt_symbol":"1","id":2000041,"Shape__Length":2116.8988801752375}},{"type":"Feature","id":98,"geometry":{"type":"LineString","coordinates":[[-73.9723229992958,40.7939186671292],[-73.9722650000252,40.7940046662525],[-73.9689800009715,40.7985056667863]]},"properties":{"FID":98,"objectid":850,"shape_len":1910.4314516,"url":"http://web.mta.info/nyct/service/","name":"1-2-3","rt_symbol":"1","id":2000023,"Shape__Length":770.35761255406123}},{"type":"Feature","id":99,"geometry":{"type":"LineString","coordinates":[[-73.9598740002463,40.77361966666],[-73.9555890000724,40.7794916668248]]},"properties":{"FID":99,"objectid":851,"shape_len":2446.49715771,"url":"http://web.mta.info/nyct/service/","name":"4-5-6","rt_symbol":"4","id":2000125,"Shape__Length":986.22779752438123}},{"type":"Feature","id":100,"geometry":{"type":"LineString","coordinates":[[-73.9442500007061,40.7950196660294],[-73.9416170010336,40.7986286670166]]},"properties":{"FID":100,"objectid":852,"shape_len":1503.4598939,"url":"http://web.mta.info/nyct/service/","name":"4-5-6","rt_symbol":"4","id":2000129,"Shape__Length":606.25610206838417}},{"type":"Feature","id":101,"geometry":{"type":"LineString","coordinates":[[-73.9614540000637,40.7960916677486],[-73.9581580002601,40.8006046665807]]},"properties":{"FID":101,"objectid":853,"shape_len":1880.50986119,"url":"http://web.mta.info/nyct/service/","name":"A-C","rt_symbol":"A","id":2000206,"Shape__Length":758.3141397802525}},{"type":"Feature","id":102,"geometry":{"type":"LineString","coordinates":[[-73.9454950003862,40.8077536668991],[-73.9407699989931,40.814228667154]]},"properties":{"FID":102,"objectid":854,"shape_len":2697.40885644,"url":"http://web.mta.info/nyct/service/","name":"2-3","rt_symbol":"1","id":2000044,"Shape__Length":1087.9349663814664}},{"type":"Feature","id":103,"geometry":{"type":"LineString","coordinates":[[-73.9496250000354,40.8020976668485],[-73.9454950003862,40.8077536668991]]},"properties":{"FID":103,"objectid":855,"shape_len":2356.62722348,"url":"http://web.mta.info/nyct/service/","name":"2-3","rt_symbol":"1","id":2000043,"Shape__Length":950.4018266523758}},{"type":"Feature","id":104,"geometry":{"type":"LineString","coordinates":[[-73.9518219996403,40.7990746665876],[-73.9496250000354,40.8020976668485]]},"properties":{"FID":104,"objectid":856,"shape_len":1258.18794789,"url":"http://web.mta.info/nyct/service/","name":"2-3","rt_symbol":"1","id":2000042,"Shape__Length":507.38373067961527}},{"type":"Feature","id":105,"geometry":{"type":"LineString","coordinates":[[-73.9548819995775,40.8050846672061],[-73.953288000887,40.8072666666729],[-73.9532360007949,40.8073296678613],[-73.9531900004176,40.807391666506],[-73.9531479990533,40.8074546672106],[-73.9531100002688,40.8075186672792],[-73.9530750009742,40.8075826667547],[-73.9530449993072,40.807646667354],[-73.9530180007067,40.8077106673677],[-73.9529950004653,40.8077766672103],[-73.9529760007129,40.8078416664249],[-73.952961000047,40.8079076668205],[-73.9529499996648,40.8079746674985],[-73.9529420000293,40.8080416675987],[-73.9529390004788,40.8081086670373],[-73.9529390009898,40.8081766663522],[-73.9529410008335,40.8082446664825],[-73.9530300008319,40.8096376669334],[-73.9530330001075,40.8096986669826],[-73.9530339997567,40.809756666658],[-73.9530330000272,40.8098146664189],[-73.9530300004339,40.8098716667124],[-73.9530250004928,40.8099266670849],[-73.9530169992088,40.809980666681],[-73.9530070008944,40.8100346672631],[-73.9529950010328,40.8100866670222],[-73.9529800009958,40.8101376669039],[-73.9529629998801,40.8101876673148],[-73.9529430009493,40.8102366669467],[-73.952921998851,40.8102846666124],[-73.9528980001132,40.8103316672982],[-73.9528720009906,40.8103766671554],[-73.9528419994798,40.8104216671703],[-73.9523430007041,40.811108666929]]},"properties":{"FID":105,"objectid":857,"shape_len":2372.59813295,"url":"http://web.mta.info/nyct/service/","name":"A-C","rt_symbol":"A","id":2000208,"Shape__Length":957.23467176875647}},{"type":"Feature","id":106,"geometry":{"type":"LineString","coordinates":[[-73.9476489993793,40.8178936669265],[-73.9449470006539,40.8236956659678],[-73.9449260009736,40.8237386672253],[-73.944903999232,40.8237806666484],[-73.9448820006606,40.8238216674187],[-73.9448599993356,40.8238616668318],[-73.9448370010455,40.823901666664],[-73.9448140011866,40.8239406660398],[-73.9447910001146,40.8239796663107],[-73.9447670005347,40.8240176665481],[-73.9447430005728,40.8240546663293],[-73.9447190005834,40.8240916670057],[-73.9446939993612,40.8241266671954],[-73.944669000837,40.8241626678318],[-73.9446429998954,40.8241966670796],[-73.9446170001119,40.8242306672224],[-73.9445909999503,40.8242636660077],[-73.9442159996888,40.8247826660398]]},"properties":{"FID":106,"objectid":858,"shape_len":2687.52920362,"url":"http://web.mta.info/nyct/service/","name":"A-C","rt_symbol":"A","id":2000210,"Shape__Length":1084.5673496144816}},{"type":"Feature","id":107,"geometry":{"type":"LineString","coordinates":[[-73.9536760011107,40.8220076665013],[-73.9503600002311,40.8265506664393]]},"properties":{"FID":107,"objectid":859,"shape_len":1892.58703809,"url":"http://web.mta.info/nyct/service/","name":"1","rt_symbol":"1","id":2000029,"Shape__Length":763.48092477300963}},{"type":"Feature","id":108,"geometry":{"type":"LineString","coordinates":[[-73.9442159996888,40.8247826660398],[-73.9441480006021,40.8248816660418],[-73.9434029998038,40.8259026674637]]},"properties":{"FID":108,"objectid":860,"shape_len":465.9927709,"url":"http://web.mta.info/nyct/service/","name":"A-C","rt_symbol":"A","id":2000211,"Shape__Length":187.98867417510112}},{"type":"Feature","id":109,"geometry":{"type":"LineString","coordinates":[[-73.9375940008705,40.8041376665024],[-73.9375699997915,40.8041716662471],[-73.9346850001951,40.8081176669216],[-73.9346619993968,40.8081486670478],[-73.9346390007448,40.808178666717],[-73.9346160008868,40.8082086663807],[-73.9345919995625,40.8082386672726],[-73.9345689992585,40.8082666669198],[-73.9345460015068,40.8082956670174],[-73.9345229997776,40.8083226662009],[-73.9345010008602,40.8083506673035],[-73.9344780012629,40.8083766669261],[-73.9344550004634,40.8084026656427],[-73.9344330010908,40.8084286667252],[-73.9344100000556,40.8084536658796],[-73.9343879992637,40.8084786673995],[-73.9343659994426,40.8085026675617],[-73.9343439994084,40.8085256663656],[-73.9309309990061,40.8120926661178]]},"properties":{"FID":109,"objectid":861,"shape_len":3441.58987586,"url":"http://web.mta.info/nyct/service/","name":"4-5-6","rt_symbol":"4","id":2000131,"Shape__Length":1387.7326875937429}},{"type":"Feature","id":110,"geometry":{"type":"LineString","coordinates":[[-73.9277820002117,40.8186846663868],[-73.9267179999434,40.8184096668285]]},"properties":{"FID":110,"objectid":862,"shape_len":311.078879423,"url":"http://web.mta.info/nyct/service/","name":"2","rt_symbol":"1","id":2000049,"Shape__Length":125.160993293814}},{"type":"Feature","id":111,"geometry":{"type":"LineString","coordinates":[[-73.9341799999713,40.8590216675445],[-73.9308519999431,40.8633136670289],[-73.9308139997163,40.8633596664844],[-73.9307760004772,40.863404666384],[-73.9307350014761,40.863449666271],[-73.9306940010889,40.8634936665985],[-73.9306499996047,40.8635366655637],[-73.9306050005281,40.8635796666133],[-73.93055799921,40.8636226664402],[-73.9305100013407,40.8636646670041],[-73.930459000131,40.8637066666383],[-73.9304070011807,40.8637476670048],[-73.9303539997466,40.8637876671988],[-73.9302989996167,40.8638276670613],[-73.9302420007873,40.8638676665894],[-73.9301830007459,40.8639066662352],[-73.9301230007239,40.8639456661455],[-73.9286430000134,40.8647886659863],[-73.9280909999522,40.8650766663737],[-73.9280310004772,40.8651086665847],[-73.9279709997593,40.8651406658631],[-73.9279129999248,40.8651716668167],[-73.9278549999354,40.8652016672971],[-73.9277980010115,40.8652316665736],[-73.9277420006811,40.8652606660033],[-73.9276860002016,40.8652886667627],[-73.9276319995399,40.8653166660476],[-73.9275780011065,40.8653436666655],[-73.9275249989076,40.8653696665395],[-73.9274720001298,40.8653946668478],[-73.9274210011792,40.8654196665886],[-73.927370001003,40.8654446672065],[-73.9273199993512,40.8654676666425],[-73.9272709999707,40.8654906666885]]},"properties":{"FID":111,"objectid":863,"shape_len":3091.60501548,"url":"http://web.mta.info/nyct/service/","name":"A","rt_symbol":"A","id":2000218,"Shape__Length":1247.084788574472}},{"type":"Feature","id":112,"geometry":{"type":"LineString","coordinates":[[-73.9415140011142,40.8305176670101],[-73.9407090003809,40.8329086673147],[-73.9407000002772,40.8329396667137],[-73.9406900007194,40.8329706664983],[-73.940680001446,40.8330026667314],[-73.940670000978,40.8330346660624],[-73.9406590010525,40.833066666679],[-73.9406480002248,40.833099666843],[-73.9406370005716,40.8331326670062],[-73.9406249990885,40.8331656666525],[-73.9406129999639,40.833198667199],[-73.9406000004861,40.8332326667778],[-73.940587000702,40.8332656668059],[-73.9405740003042,40.8333006668302],[-73.9405599989641,40.8333346667882],[-73.940546001458,40.8333696671956],[-73.9405319991958,40.8334046666981],[-73.939915000261,40.8347966678464],[-73.9398959998859,40.8348396673518],[-73.9398800002802,40.8348826666172],[-73.9398660007881,40.8349256669228],[-73.9398530010348,40.8349696672964],[-73.939840999556,40.835013666388],[-73.9398320003289,40.8350586665928],[-73.9398230010895,40.8351036667966],[-73.9398169993677,40.8351496672116],[-73.9398120006737,40.8351956672488],[-73.9398090009325,40.8352416665278],[-73.939806999761,40.835288667677],[-73.9398070002026,40.8353366667175],[-73.9398080001247,40.8353846671797],[-73.9398110001985,40.8354326677849],[-73.939817001379,40.8354816677031],[-73.939892000998,40.8360126669482]]},"properties":{"FID":112,"objectid":864,"shape_len":2069.05225667,"url":"http://web.mta.info/nyct/service/","name":"A-C","rt_symbol":"A","id":2000213,"Shape__Length":835.33052389783541}},{"type":"Feature","id":113,"geometry":{"type":"LineString","coordinates":[[-73.9401329993716,40.8405556668666],[-73.9335959999391,40.8495046656583]]},"properties":{"FID":113,"objectid":865,"shape_len":3728.50732341,"url":"http://web.mta.info/nyct/service/","name":"1","rt_symbol":"1","id":2000032,"Shape__Length":1504.5676339402823}},{"type":"Feature","id":114,"geometry":{"type":"LineString","coordinates":[[-73.9395610001561,40.8407186676261],[-73.9393899998809,40.8413946673527],[-73.9393760001732,40.8414516666196],[-73.9393630012003,40.8415086664104],[-73.9393500012932,40.8415666666466],[-73.9393379997534,40.8416246665054],[-73.9393270004142,40.841683666437],[-73.9393170009053,40.8417436673408],[-73.9393070001943,40.8418036664416],[-73.9392990009939,40.8418636665942],[-73.9392909999538,40.84192566674],[-73.9392840005781,40.8419866669639],[-73.9392769993641,40.842049667181],[-73.9392710012779,40.8421126661243],[-73.9392669999738,40.8421756679189],[-73.9392620005383,40.8422396669335],[-73.9392590005376,40.8423046656469],[-73.9392019998818,40.8427126661313],[-73.939196000675,40.8427676668839],[-73.9391890000372,40.8428246671027],[-73.9391809997934,40.8428816667935],[-73.9391730000787,40.8429406664784],[-73.9391630011569,40.8429996669088],[-73.9391519996057,40.8430606668037],[-73.9391410009485,40.8431236657928],[-73.939129000298,40.8431866669529],[-73.939115000697,40.8432506666032],[-73.9391010004238,40.8433166662455],[-73.9390860007904,40.8433836667058],[-73.9390700003377,40.8434506675352],[-73.9390530007894,40.843519666928],[-73.9390360005579,40.8435906672123],[-73.9390169998923,40.8436616673362],[-73.9388860005595,40.8442656666094],[-73.9388850005487,40.8443396667757],[-73.9388899988917,40.8444116665225],[-73.93890000008,40.8444836671174],[-73.9389159996581,40.8445536672907],[-73.9389369994767,40.8446226669591],[-73.938964000625,40.8446916670971],[-73.9389960008598,40.8447596667229],[-73.9390329999243,40.8448256671859],[-73.9390760003674,40.8448916672042],[-73.9391249995641,40.8449566672227],[-73.9391780006495,40.845020666181],[-73.9392380001403,40.845083667453],[-73.9393020003583,40.845145666749],[-73.9393719996568,40.8452076664605],[-73.939447999873,40.8452676665835],[-73.9397090001891,40.8454656667378],[-73.939776001085,40.8455226659988],[-73.9398370003864,40.8455826661334],[-73.9398920010786,40.8456436671588],[-73.9399400014244,40.8457066663075],[-73.9399820001413,40.8457726663561],[-73.9400170017531,40.8458396677001],[-73.9400470013487,40.8459096668741],[-73.9400699990616,40.8459806673515],[-73.940085999901,40.8460536668849],[-73.9400970010437,40.8461296669612],[-73.9401010017156,40.8462076660959],[-73.9400990000644,40.8462866670623],[-73.9400899993659,40.846368667535],[-73.9400750010432,40.8464516671384],[-73.9400530006794,40.8465356671491],[-73.9397040002904,40.8473906666428]]},"properties":{"FID":114,"objectid":866,"shape_len":2562.94634619,"url":"http://web.mta.info/nyct/service/","name":"A","rt_symbol":"A","id":2000215,"Shape__Length":1034.7737708007492}},{"type":"Feature","id":115,"geometry":{"type":"LineString","coordinates":[[-73.8691303861187,40.7332522755013],[-73.8689620684645,40.733186761161],[-73.8687960266205,40.7331199407269],[-73.8686329364087,40.7330530828968],[-73.8684719434575,40.7329848143314],[-73.8683155124333,40.732915741199],[-73.8681626114026,40.7328468835141],[-73.8680121626131,40.7327772891179],[-73.8678668596003,40.7327061614586],[-73.8677237589449,40.7326361338654],[-73.8675844654424,40.7325644382256],[-73.8674476704253,40.7324919573468],[-73.8673158572422,40.732419410004],[-73.8671862953595,40.7323459555915],[-73.8670607173276,40.7322724470983],[-73.8669375336267,40.7321981298749],[-73.8668112121623,40.7321201663296],[-73.8666823509693,40.7320455613053],[-73.8665498689037,40.731971527365],[-73.8664121012068,40.7318982471694],[-73.8662699507563,40.7318247212821],[-73.866124565057,40.7317525161062],[-73.8659738629541,40.7316810780955],[-73.8658195043536,40.7316102902962],[-73.8656609004524,40.7315397999075],[-73.8654982232431,40.7314712010143],[-73.8653291019879,40.7314019694005],[-73.8651580222983,40.7313331440753],[-73.8649821280425,40.7312663245877],[-73.8648015244984,40.7311992147404],[-73.864617035924,40.7311333967749],[-73.8615099924625,40.7299940134944]]},"properties":{"FID":115,"objectid":867,"shape_len":2429.27981932,"url":"http://web.mta.info/nyct/service/","name":"R","rt_symbol":"N","id":2000302,"Shape__Length":976.65863199212049}},{"type":"Feature","id":116,"geometry":{"type":"LineString","coordinates":[[-73.905900211937,40.753028363938],[-73.8983472006241,40.7498123576925]]},"properties":{"FID":116,"objectid":868,"shape_len":2398.37861761,"url":"http://web.mta.info/nyct/service/","name":"R","rt_symbol":"N","id":2000297,"Shape__Length":964.50727379779323}},{"type":"Feature","id":117,"geometry":{"type":"LineString","coordinates":[[-73.8770233123582,40.7370783063177],[-73.8768547623406,40.7367723081091],[-73.8767526849324,40.7365799304273],[-73.8766411690273,40.7364016949323],[-73.8765184019015,40.7362313411191],[-73.8763828078507,40.7360682477109],[-73.8762335973482,40.735912384998],[-73.8760730101327,40.7357632015254],[-73.8758999691495,40.7356224853959],[-73.8757145210597,40.7354874414251],[-73.8755155195554,40.73536080406],[-73.8753043289506,40.7352403954768],[-73.8750792317028,40.7351273690982],[-73.8748423791571,40.73502092843],[-73.8745912015509,40.7349227671602],[-73.87432685352,40.7348301489085],[-73.8740470612621,40.734746016662],[-73.8708455090804,40.7338014422398],[-73.8707270360289,40.7337673060841],[-73.8706087691296,40.7337319264349],[-73.8704917683017,40.7336969263016],[-73.8703731845707,40.7336614533012],[-73.8702566107023,40.733624960365],[-73.8701409881672,40.7335887655512],[-73.8700273675932,40.7335525674776],[-73.8699133839378,40.7335162536162],[-73.8697997466425,40.7334790458277],[-73.8696880986955,40.7334428352406],[-73.8695754425217,40.7334052825449],[-73.8694657761369,40.7333680582116],[-73.8693567782881,40.7333310578582],[-73.869246090019,40.7332934854597],[-73.8691374163576,40.7332548904645]]},"properties":{"FID":117,"objectid":869,"shape_len":2694.97160091,"url":"http://web.mta.info/nyct/service/","name":"R","rt_symbol":"N","id":2000301,"Shape__Length":1083.8059908798011}},{"type":"Feature","id":118,"geometry":{"type":"LineString","coordinates":[[-73.9346741478425,40.7512489065242],[-73.9344681306962,40.7513852251729],[-73.9342484854221,40.7515134401232],[-73.9340205322591,40.7516300432724],[-73.9337860390373,40.751735195878],[-73.9335427298932,40.7518289389111],[-73.9332908122561,40.7519111553708],[-73.9330323361371,40.7519805028379],[-73.9327667510802,40.7520392880434],[-73.9324927744613,40.7520854750433],[-73.9322126174735,40.7521199718887],[-73.9319248662529,40.7521429100733],[-73.9316350213219,40.7521542567848],[-73.928785898226,40.7522033083066]]},"properties":{"FID":118,"objectid":870,"shape_len":1714.57320849,"url":"http://web.mta.info/nyct/service/","name":"R","rt_symbol":"N","id":2000291,"Shape__Length":689.12233576179858}},{"type":"Feature","id":119,"geometry":{"type":"LineString","coordinates":[[-73.9371511604595,40.7488235267464],[-73.9370771030466,40.7488499026672],[-73.9369995778527,40.7488782928774],[-73.9369240682913,40.7489100286196],[-73.9368525142315,40.7489409992495],[-73.9367799329078,40.7489750913264],[-73.9367104976965,40.7490103602471],[-73.9366427479474,40.7490475112104],[-73.9365768784267,40.7490859364851],[-73.9365147983549,40.7491251445497],[-73.936454108666,40.7491652439484],[-73.9363931044719,40.7492085021173],[-73.9363355781121,40.749252752733],[-73.9362799935014,40.7492983317402],[-73.9362273995492,40.7493454459385],[-73.9361791518287,40.7493906147255],[-73.9349268399862,40.7505549718734],[-73.9347497670233,40.7507173716354],[-73.9345704687493,40.7508659849102],[-73.9343807416652,40.7510068133911]]},"properties":{"FID":119,"objectid":871,"shape_len":1114.76171459,"url":"http://web.mta.info/nyct/service/","name":"M","rt_symbol":"B","id":2000290,"Shape__Length":448.77622445783504}},{"type":"Feature","id":120,"geometry":{"type":"LineString","coordinates":[[-73.9396874595828,40.7479117782682],[-73.9371504639822,40.7488237767071]]},"properties":{"FID":120,"objectid":872,"shape_len":777.523054745,"url":"http://web.mta.info/nyct/service/","name":"M","rt_symbol":"B","id":2000289,"Shape__Length":312.59857967700918}},{"type":"Feature","id":121,"geometry":{"type":"LineString","coordinates":[[-73.9373348415785,40.7491218069835],[-73.937262897032,40.7491474304485],[-73.9371984235707,40.7491710408081],[-73.9371359320954,40.7491973051048],[-73.9370734872124,40.7492243339229],[-73.9370140679849,40.7492522432558],[-73.9369575039625,40.7492809726808],[-73.9369012540369,40.7493118211414],[-73.9368471228973,40.7493433965442],[-73.9367952024397,40.7493761888181],[-73.9367438918708,40.7494100899265],[-73.9366948965406,40.7494448324568],[-73.9366484235106,40.7494805813184],[-73.936604006567,40.74951700217],[-73.9365606008144,40.7495558882469],[-73.9365148491062,40.7495987190325],[-73.9352611620276,40.7507643613421],[-73.9350762363154,40.7509339621364],[-73.934881532084,40.751095348089],[-73.9346832600451,40.7512425189992]]},"properties":{"FID":121,"objectid":873,"shape_len":1074.5193376,"url":"http://web.mta.info/nyct/service/","name":"R","rt_symbol":"N","id":2000290,"Shape__Length":432.58937404611186}},{"type":"Feature","id":122,"geometry":{"type":"LineString","coordinates":[[-73.9398725424652,40.748209554545],[-73.9373355380583,40.7491215570217]]},"properties":{"FID":122,"objectid":874,"shape_len":777.523054745,"url":"http://web.mta.info/nyct/service/","name":"R","rt_symbol":"N","id":2000289,"Shape__Length":312.59997695018654}},{"type":"Feature","id":123,"geometry":{"type":"LineString","coordinates":[[-73.9414705735519,40.7472717365635],[-73.9396875768437,40.7479117360058]]},"properties":{"FID":123,"objectid":875,"shape_len":546.299147183,"url":"http://web.mta.info/nyct/service/","name":"M","rt_symbol":"B","id":2000288,"Shape__Length":219.63343047547548}},{"type":"Feature","id":124,"geometry":{"type":"LineString","coordinates":[[-73.8110297043924,40.699303273518],[-73.8096587926746,40.6996905301675],[-73.8095953268712,40.6997089568761],[-73.8095337785982,40.6997271183696],[-73.809469055415,40.6997462165124],[-73.8094043877052,40.6997674192124],[-73.8093427885467,40.6997876147813],[-73.8092803842119,40.69980841683],[-73.8092168291759,40.6998306604619],[-73.8091550821011,40.6998533005812],[-73.8090927036647,40.6998761728535],[-73.8090296683576,40.6999007468744],[-73.8089690015069,40.6999254256495],[-73.8089083630444,40.6999500918325],[-73.8088470510711,40.6999760707153],[-73.8087860445959,40.7000023661534],[-73.8087260324349,40.700029739326],[-73.8086709049281,40.7000553348677],[-73.8086181627192,40.7000788811768],[-73.8085662157342,40.7001011437505],[-73.8085116402886,40.7001231650926],[-73.8084546399346,40.7001461666353],[-73.8084011459527,40.7001677511743],[-73.8083483786818,40.7001871918737],[-73.80829103916,40.7002079522913],[-73.808237316932,40.7002274039563],[-73.8081820624342,40.7002451978975],[-73.8081246586275,40.7002640031088],[-73.8080671760665,40.7002822048155],[-73.8080119833904,40.7002990433326],[-73.807956988353,40.7003146259357],[-73.8078984940005,40.7003299685384]]},"properties":{"FID":124,"objectid":876,"shape_len":947.241975447,"url":"http://web.mta.info/nyct/service/","name":"J-Z","rt_symbol":"J","id":2000315,"Shape__Length":380.52139243037783}},{"type":"Feature","id":125,"geometry":{"type":"LineString","coordinates":[[-73.8616040015409,40.7298456658014],[-73.8543780008701,40.7272156670402],[-73.8542820007124,40.7271786670002],[-73.854184001393,40.7271416661493],[-73.8540850015976,40.7271026666154],[-73.8539830020707,40.7270616676617],[-73.8538790010414,40.7270206660772],[-73.8537730003483,40.7269766676629],[-73.8536650005373,40.7269326666098],[-73.8535539998567,40.7268866670085],[-73.8534420011391,40.7268386668968],[-73.8533270017492,40.7267896677896],[-73.8532100007413,40.7267396673496],[-73.8530910015102,40.7266876669091],[-73.8529690004599,40.7266346674481],[-73.8528460002554,40.7265796656467],[-73.85271900143,40.72652266667]]},"properties":{"FID":125,"objectid":877,"shape_len":2744.88898538,"url":"http://web.mta.info/nyct/service/","name":"E","rt_symbol":"A","id":2000303,"Shape__Length":1103.2860432320908}},{"type":"Feature","id":126,"geometry":{"type":"LineString","coordinates":[[-73.9060060002681,40.7528846664997],[-73.8984530001401,40.7496686671249]]},"properties":{"FID":126,"objectid":878,"shape_len":2398.37861761,"url":"http://web.mta.info/nyct/service/","name":"E","rt_symbol":"A","id":2000297,"Shape__Length":964.50519331821192}},{"type":"Feature","id":127,"geometry":{"type":"LineString","coordinates":[[-73.8766130004886,40.7484076665217],[-73.8695270016877,40.7491446663015]]},"properties":{"FID":127,"objectid":879,"shape_len":1981.65004516,"url":"http://web.mta.info/nyct/service/","name":"7","rt_symbol":"7","id":2000183,"Shape__Length":796.2090154932971}},{"type":"Feature","id":128,"geometry":{"type":"LineString","coordinates":[[-73.8772230015889,40.7370146661278],[-73.8770550006564,40.7367096665592],[-73.8769509997528,40.736513666954],[-73.8768340005873,40.7363266656379],[-73.8767050006907,40.7361476667768],[-73.8765620000705,40.7359756668215],[-73.8764050004841,40.7358116670878],[-73.8762360009946,40.7356546665009],[-73.8760539999258,40.7355066666615],[-73.8758590016969,40.7353646670182],[-73.8756500003947,40.7352316660137],[-73.875429000442,40.7351056675116],[-73.8751940016518,40.7349876670393],[-73.8749470006533,40.7348766662143],[-73.8746860012677,40.7347746673201],[-73.8744119999825,40.7346786672514],[-73.8741260002157,40.7345926661721],[-73.870923000202,40.7336476663539],[-73.8708050018292,40.7336136667864],[-73.8706880011059,40.7335786668519],[-73.8705710005054,40.7335436667984],[-73.8704540000279,40.7335086666258],[-73.8703389998946,40.7334726663198],[-73.8702240010659,40.7334366677011],[-73.8701110006392,40.7334006667188],[-73.8699980003328,40.733364666526],[-73.8698850009165,40.7333276666579],[-73.8697740003107,40.7332916658026],[-73.8696630005927,40.7332546670768],[-73.8695540004539,40.7332176660064],[-73.8694450004326,40.7331806666336],[-73.8693360005325,40.7331436671573],[-73.8692290009803,40.7331056675826]]},"properties":{"FID":128,"objectid":880,"shape_len":2739.22551145,"url":"http://web.mta.info/nyct/service/","name":"E","rt_symbol":"A","id":2000301,"Shape__Length":1101.6155543823463}},{"type":"Feature","id":129,"geometry":{"type":"LineString","coordinates":[[-73.8913940020419,40.746847667169],[-73.8836970012989,40.7476586672726]]},"properties":{"FID":129,"objectid":881,"shape_len":2153.08862989,"url":"http://web.mta.info/nyct/service/","name":"7","rt_symbol":"7","id":2000181,"Shape__Length":865.07329418121662}},{"type":"Feature","id":130,"geometry":{"type":"LineString","coordinates":[[-73.9442159996888,40.8247826660398],[-73.9441480006021,40.8248816660418],[-73.9434029998038,40.8259026674637]]},"properties":{"FID":130,"objectid":882,"shape_len":465.9927709,"url":"http://web.mta.info/nyct/service/","name":"A-C","rt_symbol":"A","id":2000211,"Shape__Length":187.98867417510112}},{"type":"Feature","id":131,"geometry":{"type":"LineString","coordinates":[[-73.8275590014136,40.583208666405],[-73.82278800108,40.5845396668596],[-73.8226800005555,40.5845716661016],[-73.822574000834,40.5846036665308],[-73.822469001762,40.5846346670242],[-73.8223660020257,40.5846666673943],[-73.822265000745,40.5846986662611],[-73.8221640005439,40.5847306668417],[-73.822066001921,40.5847616669957],[-73.8219690009985,40.5847936672948],[-73.8218730007507,40.584824665878],[-73.8217790010202,40.5848566661669],[-73.8216860007827,40.5848876674464],[-73.821595001074,40.5849196668375],[-73.8215060001444,40.5849506669769],[-73.8214180016453,40.5849826663876],[-73.8213300010114,40.5850136661445],[-73.8205580011029,40.585306666524]]},"properties":{"FID":131,"objectid":883,"shape_len":2091.04748352,"url":"http://web.mta.info/nyct/service/","name":"A","rt_symbol":"A","id":2000277,"Shape__Length":838.47421815830785}},{"type":"Feature","id":132,"geometry":{"type":"LineString","coordinates":[[-73.9689800009715,40.7985056667863],[-73.9689309987542,40.7985696664914],[-73.9688819995299,40.7986346666307],[-73.9688349997246,40.7986986668344],[-73.9687889999458,40.7987626663885],[-73.968745000313,40.7988266673664],[-73.9687019999999,40.798889667243],[-73.9686599992546,40.7989536660286],[-73.9686200007962,40.7990156671351],[-73.9685819984795,40.7990786674251],[-73.968544000119,40.7991406663478],[-73.9685089996871,40.7992026660764],[-73.968473999663,40.7992636671401],[-73.9684409993516,40.7993256664935],[-73.9684100001797,40.7993856663762],[-73.9683790009514,40.7994456671505]]},"properties":{"FID":132,"objectid":884,"shape_len":381.249021248,"url":"http://web.mta.info/nyct/service/","name":"1","rt_symbol":"1","id":2000024,"Shape__Length":153.76517470795648}},{"type":"Feature","id":133,"geometry":{"type":"LineString","coordinates":[[-73.8903580007919,40.6727096676717],[-73.8938300000446,40.672195666894],[-73.8940940003053,40.6721586666825],[-73.8943400002786,40.6721396668567],[-73.8945720005496,40.6721376662223],[-73.8947900008984,40.6721536671377],[-73.894993999914,40.6721856669339],[-73.8951840004919,40.6722356666337],[-73.8953599999773,40.6723016671586],[-73.8955220012389,40.6723856668195],[-73.8956710005925,40.6724866670059],[-73.8958050004607,40.6726046668592],[-73.895924999471,40.6727386668613],[-73.8960319998351,40.6728906662053],[-73.8961240003524,40.6730606667218],[-73.8962019999664,40.6732466675006],[-73.8962640013319,40.6734476671958],[-73.8965480003734,40.6745416666795]]},"properties":{"FID":133,"objectid":885,"shape_len":2325.37360128,"url":"http://web.mta.info/nyct/service/","name":"A-C","rt_symbol":"A","id":2000250,"Shape__Length":934.43677688092282}},{"type":"Feature","id":134,"geometry":{"type":"LineString","coordinates":[[-73.8965480003734,40.6745416666795],[-73.8970880015653,40.6766526674001],[-73.8971620013339,40.6768336669041],[-73.8972550000727,40.6770006668032],[-73.8973650005677,40.6771556662153],[-73.8974920005097,40.6772986668915],[-73.8976369994229,40.6774296669636],[-73.8977990002181,40.6775486663791],[-73.8979790008498,40.6776566673244],[-73.8981760013403,40.6777516669852],[-73.8983900009626,40.6778356671193],[-73.8986210011973,40.6779076662607],[-73.8988699999435,40.6779686665573],[-73.8991350011751,40.6780166669992],[-73.8994190002259,40.6780536665367],[-73.8997190000168,40.678078667348],[-73.9000330011099,40.6780926671428],[-73.9004439998693,40.6781116668621],[-73.900493999806,40.6781136678341],[-73.9005430011326,40.6781166665924],[-73.9005930007702,40.6781196661923],[-73.9006410014292,40.6781226667458],[-73.9006900015834,40.6781256672415],[-73.9007380019474,40.6781296664256],[-73.9007850004592,40.6781336665268],[-73.9008330008334,40.6781376665718],[-73.9008790010467,40.6781416675752],[-73.9009260004574,40.6781466662908],[-73.9009720003825,40.678151665928],[-73.9010170008203,40.6781566673885],[-73.9010629995763,40.6781616669883],[-73.9011080009139,40.6781676661848],[-73.9011520015836,40.678173666305],[-73.9026190011161,40.6783606665068],[-73.9026680000727,40.6783646675316],[-73.9027170002206,40.6783686667354],[-73.9027669998678,40.6783726667631],[-73.9028160003,40.6783756672537],[-73.9028660002328,40.6783786667664],[-73.9029149994924,40.6783816663134],[-73.9029649997043,40.678383667112],[-73.9030149999206,40.6783856669884],[-73.9030650001398,40.6783876668429],[-73.9031150006326,40.6783886662038],[-73.9031650011257,40.6783896664435],[-73.9032150007053,40.6783896670889],[-73.9032660018783,40.6783906672259],[-73.9033159993605,40.6783896673534],[-73.9033669996192,40.6783896669727],[-73.9053160005534,40.6783336660802]]},"properties":{"FID":134,"objectid":886,"shape_len":3307.34671913,"url":"http://web.mta.info/nyct/service/","name":"A-C","rt_symbol":"A","id":2000249,"Shape__Length":1329.1056440706855}},{"type":"Feature","id":135,"geometry":{"type":"LineString","coordinates":[[-73.9060060002681,40.7528846664997],[-73.8984530001401,40.7496686671249]]},"properties":{"FID":135,"objectid":887,"shape_len":2398.37861761,"url":"http://web.mta.info/nyct/service/","name":"E","rt_symbol":"A","id":2000297,"Shape__Length":964.50519331821192}},{"type":"Feature","id":136,"geometry":{"type":"LineString","coordinates":[[-73.8079690011895,40.7004856662332],[-73.8066540014958,40.7008226668461],[-73.8040390021552,40.7014866663635],[-73.803989001936,40.7014986670262],[-73.8039390017014,40.7015106667668],[-73.8038910023197,40.7015226662927],[-73.8038440009729,40.7015336661277],[-73.8037980018186,40.7015446667513],[-73.8037520008638,40.7015546659818],[-73.8037080007621,40.7015646668051],[-73.8036640018305,40.7015746676137],[-73.8036220007946,40.7015836659398],[-73.8035810007674,40.7015926668593],[-73.8035400019151,40.7016016668658],[-73.803501000958,40.7016096661952],[-73.8034619999862,40.7016176673124],[-73.8034249998843,40.7016256664305],[-73.803388000355,40.701632665967],[-73.8011090016803,40.7021466658802]]},"properties":{"FID":136,"objectid":888,"shape_len":1996.38834258,"url":"http://web.mta.info/nyct/service/","name":"E","rt_symbol":"A","id":2000316,"Shape__Length":801.78965745125788}},{"type":"Feature","id":137,"geometry":{"type":"LineString","coordinates":[[-73.9708565832363,40.6753141903415],[-73.9749085715696,40.6809081973292]]},"properties":{"FID":137,"objectid":889,"shape_len":2327.41202282,"url":"http://web.mta.info/nyct/service/","name":"4-5","rt_symbol":"4","id":2000085,"Shape__Length":936.85330041872}},{"type":"Feature","id":138,"geometry":{"type":"LineString","coordinates":[[-73.958073738661,40.670840478398],[-73.9643177536238,40.6721454797672]]},"properties":{"FID":138,"objectid":890,"shape_len":1796.15523741,"url":"http://web.mta.info/nyct/service/","name":"4-5","rt_symbol":"4","id":2000087,"Shape__Length":720.98752052729481}},{"type":"Feature","id":139,"geometry":{"type":"LineString","coordinates":[[-73.9052270005111,40.8504096672281],[-73.9015320011263,40.8549956669922],[-73.9014760006589,40.8550636666195],[-73.9014200009661,40.8551326666656],[-73.9013649994547,40.8552026661821],[-73.9013100001983,40.855272666574],[-73.9012560014961,40.8553436664404],[-73.9012020000079,40.8554156658237],[-73.9011479995861,40.8554876669829],[-73.9010960003906,40.855561666221],[-73.9010430001056,40.855635666377],[-73.9009920004638,40.8557096664239],[-73.9009400014977,40.8557856673815],[-73.9008900008092,40.8558616664295],[-73.9008400000051,40.8559376663553],[-73.9007899996601,40.8560156671506],[-73.9007410004842,40.8560926674383]]},"properties":{"FID":139,"objectid":891,"shape_len":2414.67785797,"url":"http://web.mta.info/nyct/service/","name":"B-D","rt_symbol":"B","id":2000226,"Shape__Length":974.40686446108509}},{"type":"Feature","id":140,"geometry":{"type":"LineString","coordinates":[[-73.917837120206,40.815955645946],[-73.91675176052,40.8156276302978],[-73.9165486340084,40.8155721316889],[-73.9163041327628,40.8155380147202],[-73.9159330654534,40.8155185416588],[-73.915644481295,40.8155355844137],[-73.9154019847899,40.8155827044641],[-73.9151156281291,40.8156688264802],[-73.914851751658,40.8157662106991],[-73.9147315697458,40.8158159400947],[-73.9146287638984,40.8158582162088],[-73.9143617545234,40.8159573898746],[-73.9141734112104,40.8160117029003],[-73.9140018968945,40.8160370501692],[-73.913796394736,40.816047589214],[-73.913593803018,40.8160366370046],[-73.9133544812048,40.8160162070247],[-73.9126970655997,40.8159493687788],[-73.911867541853,40.8158691256271],[-73.9111565258289,40.8158097054345],[-73.9107417497549,40.8157844151939],[-73.9103710866376,40.8157659835309],[-73.9100846031487,40.8157659837981],[-73.9098071488379,40.8157609215174],[-73.9093780542785,40.8157713099837],[-73.9090707956392,40.8158005206452],[-73.9088443008019,40.8158440780572],[-73.9086000785172,40.8159015426617],[-73.9082609789188,40.8160329836965],[-73.9076789327656,40.8163567981075]]},"properties":{"FID":140,"objectid":892,"shape_len":2939.4364099,"url":"http://web.mta.info/nyct/service/","name":"5","rt_symbol":"4","id":2000051,"Shape__Length":1182.51968784581}},{"type":"Feature","id":141,"geometry":{"type":"LineString","coordinates":[[-73.9224450542728,40.6648231836391],[-73.9240094688505,40.6662278632687],[-73.9240630497975,40.6662797449678],[-73.9241069545216,40.6663327621129],[-73.9241635732778,40.6664100511301],[-73.9242104623425,40.6664855975138],[-73.924298608266,40.6666666268757],[-73.9246028452751,40.6673838319873],[-73.9246582214326,40.6675060781989],[-73.9247162941619,40.66761684907],[-73.9247814646766,40.6677239936707],[-73.9248523904871,40.6678193002074],[-73.924980963861,40.6679742188409],[-73.9251834760864,40.6681860341084],[-73.9253196326201,40.6683180013349],[-73.9253944104626,40.6683827339125],[-73.9254822126299,40.6684510247118],[-73.9255845860166,40.6685091625477],[-73.9256985598906,40.6685623504448],[-73.9259193668005,40.668629754177],[-73.9261250404403,40.6686686653506],[-73.9263368076661,40.6686987640076],[-73.9265740382204,40.6687177427499],[-73.9329267003976,40.6690609407921]]},"properties":{"FID":141,"objectid":893,"shape_len":3678.55705187,"url":"http://web.mta.info/nyct/service/","name":"4","rt_symbol":"4","id":2000092,"Shape__Length":1477.9143650691926}},{"type":"Feature","id":142,"geometry":{"type":"LineString","coordinates":[[-73.9815246113449,40.7630024457089],[-73.9815542905659,40.7630161435327],[-73.9835930596678,40.7638747305962]]},"properties":{"FID":142,"objectid":894,"shape_len":655.233997859,"url":"http://web.mta.info/nyct/service/","name":"E","rt_symbol":"A","id":2000281,"Shape__Length":263.546154980598}},{"type":"Feature","id":143,"geometry":{"type":"LineString","coordinates":[[-73.9241435543453,40.7522909265718],[-73.9240493608916,40.752354769812],[-73.9239685852581,40.7524441853962],[-73.9239113542412,40.7525208346959],[-73.923866111437,40.7525860914849],[-73.9237968935506,40.752671578473],[-73.9237378735467,40.7527486830572],[-73.9236661791102,40.7528280980147],[-73.9236006857971,40.7529096962643],[-73.9235409266293,40.752988699422],[-73.9213783213563,40.7557701828705],[-73.9213674644577,40.7557842953875],[-73.9213589626703,40.7557956314515],[-73.9213485722065,40.7558088554861],[-73.9213363311967,40.7558247689667],[-73.9213268098104,40.7558380971509],[-73.9213092583091,40.7558604366114],[-73.9212954906575,40.7558764994291],[-73.9212828501619,40.7558937381752],[-73.9212613676393,40.7559205900768],[-73.9212467616492,40.7559385658898],[-73.9212347596974,40.7559545677723],[-73.9212237601283,40.7559681056554],[-73.9212107017655,40.7559841779528],[-73.9205556410355,40.7567922487218]]},"properties":{"FID":143,"objectid":895,"shape_len":1919.5592029,"url":"http://web.mta.info/nyct/service/","name":"M","rt_symbol":"B","id":2000294,"Shape__Length":773.45374773916171}},{"type":"Feature","id":144,"geometry":{"type":"LineString","coordinates":[[-73.8356490433252,40.581020168199],[-73.8340505579003,40.5814671849404],[-73.8340263334572,40.5814732402018],[-73.8340073332354,40.5814792408698],[-73.833956571435,40.5814919315671],[-73.8339355716923,40.5814969315512],[-73.8338955718324,40.5815069316974],[-73.8338745720804,40.5815119316703],[-73.8338545727345,40.5815169312852],[-73.8337989988271,40.581530163374],[-73.8337779991883,40.5815341628457],[-73.8337540425026,40.5815398672322],[-73.8335813900057,40.5815767927701],[-73.8335704097701,40.5815793775825],[-73.8335540704437,40.5815821005152],[-73.833527344589,40.5815880394819],[-73.8335103453744,40.5815920383974],[-73.8334852019076,40.5815976266412],[-73.8334682025533,40.5816026269346],[-73.8334341532165,40.5816101924196],[-73.8334145554597,40.5816156373996],[-73.8333975538691,40.581619636295],[-73.8333023532368,40.5816460817188],[-73.830636096346,40.582389432033],[-73.8305823153325,40.5824049462408],[-73.8305313171748,40.5824199458254],[-73.8304793162111,40.5824349448084],[-73.8304276631664,40.5824501378943],[-73.8303773150517,40.5824649456576],[-73.830323074118,40.5824805923428],[-73.8302685093325,40.5824977099826],[-73.8302185089121,40.5825137104858],[-73.8301682101975,40.5825294916985],[-73.830116508331,40.582545712072],[-73.8300643375051,40.5825624054051],[-73.8300133387425,40.5825794057266],[-73.829962608846,40.5825956382753],[-73.8299104293674,40.5826133797373],[-73.8298587841999,40.5826309391602],[-73.8295382830112,40.582744829028],[-73.8294817164098,40.58276539774],[-73.8294289462197,40.5827849418592],[-73.8293781953388,40.5828027986667],[-73.8293244894137,40.582821038288],[-73.8292728568554,40.5828395484213],[-73.8292221800571,40.5828561157175],[-73.8291722951697,40.5828733838772],[-73.8291209671274,40.5828891775097],[-73.8290702968323,40.5829064048338],[-73.8290237518816,40.5829210078398],[-73.8289746115803,40.5829357492467],[-73.8289272483206,40.5829502483357],[-73.8288799099785,40.5829637730737],[-73.8288305058878,40.5829781826328],[-73.8287841506746,40.5829919906605],[-73.8276145122424,40.5833266005713]]},"properties":{"FID":144,"objectid":896,"shape_len":2385.99468058,"url":"http://web.mta.info/nyct/service/","name":"S","rt_symbol":"L","id":2000278,"Shape__Length":956.6764029676425}},{"type":"Feature","id":145,"geometry":{"type":"LineString","coordinates":[[-73.9474446402503,40.8178387427145],[-73.9447431745773,40.8236395585332],[-73.9447236329532,40.8236795753091],[-73.944702905078,40.8237191412646],[-73.9446816045094,40.8237588420158],[-73.9446606383342,40.8237969598516],[-73.9446387416116,40.8238350412168],[-73.9446161571415,40.8238733374657],[-73.9445943157688,40.8239103724724],[-73.9445720324864,40.8239456521958],[-73.944548535706,40.8239818777525],[-73.9445264193216,40.824015973395],[-73.944502846943,40.8240489742299],[-73.9444793188538,40.8240828539651],[-73.9444555429435,40.8241139456409],[-73.9444302539423,40.8241470158723],[-73.9444029020866,40.8241817321102],[-73.9440259520686,40.8247034275765]]},"properties":{"FID":145,"objectid":897,"shape_len":2677.81414564,"url":"http://web.mta.info/nyct/service/","name":"B-D","rt_symbol":"B","id":2000210,"Shape__Length":1080.6463113553566}},{"type":"Feature","id":146,"geometry":{"type":"LineString","coordinates":[[-73.9832299356959,40.6773281633262],[-73.9789299455989,40.683678167727]]},"properties":{"FID":146,"objectid":898,"shape_len":2602.81720486,"url":"http://web.mta.info/nyct/service/","name":"N-R","rt_symbol":"N","id":2000471,"Shape__Length":1047.8434785426996}},{"type":"Feature","id":147,"geometry":{"type":"LineString","coordinates":[[-73.8374443867735,40.7181938049572],[-73.8358753989264,40.7173948288196],[-73.835732198367,40.717318325136],[-73.8355888281261,40.7172402127169],[-73.8354467396466,40.7171612752802],[-73.8353071457059,40.7170816478415],[-73.8351682367376,40.7169998779951],[-73.835029809433,40.7169168227392],[-73.8348923707941,40.7168327781705],[-73.83475669365,40.7167482253745],[-73.8346229792698,40.7166617031159],[-73.8344894866832,40.716573698777],[-73.8343572876138,40.7164849081952],[-73.834227066618,40.7163951351484],[-73.8340979583413,40.7163044630445],[-73.8339688003823,40.7162110711769],[-73.8338402494191,40.7161188308929],[-73.8335981870729,40.7159325516941],[-73.8334422703356,40.7158178783747],[-73.833288932064,40.7157026232428],[-73.8331321408722,40.7155883174419],[-73.832974686665,40.7154752738812],[-73.8328152161509,40.7153632420516],[-73.8326543749721,40.7152519680383],[-73.8324918823904,40.7151429651877],[-73.8323283843628,40.7150339678451],[-73.8321624894004,40.7149267434836],[-73.8319959704705,40.7148207777864],[-73.8318274411486,40.7147158246869],[-73.831657908573,40.714611885649],[-73.8314859579271,40.7145087136581],[-73.8313123396928,40.7144071832996],[-73.8311367672886,40.7143082982168]]},"properties":{"FID":147,"objectid":899,"shape_len":2254.69294053,"url":"http://web.mta.info/nyct/service/","name":"F","rt_symbol":"B","id":2000306,"Shape__Length":906.80220206134811}},{"type":"Feature","id":148,"geometry":{"type":"LineString","coordinates":[[-73.9343898526769,40.7510004276894],[-73.9341938682646,40.7511301076326],[-73.9339955167605,40.7512458919761],[-73.933789468575,40.7513512905188],[-73.9335779619419,40.751446136116],[-73.933359271692,40.7515303944212],[-73.9331331893816,40.7516041778362],[-73.9328996660189,40.7516668316212],[-73.9326592506147,40.7517200454014],[-73.9324112252895,40.7517618583112],[-73.9321553841906,40.7517933597924],[-73.9318911354857,40.7518144242728],[-73.9316189801547,40.7518250772062],[-73.9287761021746,40.751874024126]]},"properties":{"FID":148,"objectid":900,"shape_len":1631.34485829,"url":"http://web.mta.info/nyct/service/","name":"F-M","rt_symbol":"B","id":2000291,"Shape__Length":655.6590053514459}},{"type":"Feature","id":149,"geometry":{"type":"LineString","coordinates":[[-73.9287765059733,40.7518740171716],[-73.9265557196327,40.7519090615718],[-73.9264385634242,40.7519132083852],[-73.9263235659285,40.7519183884401],[-73.926209569082,40.7519256437871],[-73.9260966261325,40.751933932578],[-73.9259836559828,40.7519442960065],[-73.9258715383867,40.7519557161665],[-73.9257603894254,40.7519692197121],[-73.9256501924785,40.7519837746555],[-73.9255411785105,40.752000385213],[-73.925433422294,40.7520178321511],[-73.9253251743433,40.7520365663932],[-73.9252166572746,40.752057638973],[-73.925110391483,40.7520805589516],[-73.9250081584018,40.7521038398591],[-73.9249064371874,40.7521267761157]]},"properties":{"FID":149,"objectid":901,"shape_len":1080.70894953,"url":"http://web.mta.info/nyct/service/","name":"F-M","rt_symbol":"B","id":2000292,"Shape__Length":434.23467501926467}},{"type":"Feature","id":150,"geometry":{"type":"LineString","coordinates":[[-73.8616974235037,40.729697105704],[-73.8544736458335,40.7270679160997],[-73.8543790343267,40.7270314518973],[-73.8542818961926,40.726994775501],[-73.8541853376035,40.7269567381851],[-73.854083367807,40.726915750163],[-73.853980653688,40.7268752581879],[-73.8538759434036,40.7268317919041],[-73.8537678763443,40.7267877656469],[-73.8536589075704,40.7267426080015],[-73.8535480159113,40.7266950830671],[-73.8534329008009,40.7266460334888],[-73.8533169228978,40.7265964694049],[-73.8531985836992,40.7265447589789],[-73.8530775241432,40.7264921669621],[-73.8529558449864,40.7264377567966],[-73.8528289953344,40.7263808247682]]},"properties":{"FID":150,"objectid":902,"shape_len":2739.68740975,"url":"http://web.mta.info/nyct/service/","name":"F-M","rt_symbol":"B","id":2000303,"Shape__Length":1101.1926945166338}},{"type":"Feature","id":151,"geometry":{"type":"LineString","coordinates":[[-73.9346741478425,40.7512489065242],[-73.9344681306962,40.7513852251729],[-73.9342484854221,40.7515134401232],[-73.9340205322591,40.7516300432724],[-73.9337860390373,40.751735195878],[-73.9335427298932,40.7518289389111],[-73.9332908122561,40.7519111553708],[-73.9330323361371,40.7519805028379],[-73.9327667510802,40.7520392880434],[-73.9324927744613,40.7520854750433],[-73.9322126174735,40.7521199718887],[-73.9319248662529,40.7521429100733],[-73.9316350213219,40.7521542567848],[-73.928785898226,40.7522033083066]]},"properties":{"FID":151,"objectid":903,"shape_len":1714.57320849,"url":"http://web.mta.info/nyct/service/","name":"R","rt_symbol":"N","id":2000291,"Shape__Length":689.12233576179858}},{"type":"Feature","id":152,"geometry":{"type":"LineString","coordinates":[[-73.9287854956086,40.7522033161622],[-73.9265702804518,40.752238272441],[-73.9264614378735,40.7522421247087],[-73.9263544343737,40.7522469451929],[-73.9262484328824,40.7522536906005],[-73.9261433740636,40.7522614009569],[-73.9260383450539,40.752271037419],[-73.9259344612167,40.752281618252],[-73.9258316125272,40.7522941132331],[-73.9257298083403,40.7523075588296],[-73.9256288225558,40.7523229481564],[-73.9255265790439,40.7523395009358],[-73.9254268273129,40.7523567666374],[-73.9253293436769,40.7523756951564],[-73.9252316100841,40.7523967747395],[-73.9251318437727,40.7524194936404],[-73.9250295630583,40.7524425566126]]},"properties":{"FID":152,"objectid":904,"shape_len":1048.60259761,"url":"http://web.mta.info/nyct/service/","name":"R","rt_symbol":"N","id":2000292,"Shape__Length":421.33552967996104}},{"type":"Feature","id":153,"geometry":{"type":"LineString","coordinates":[[-73.8615105779742,40.7299942276194],[-73.8542823542989,40.7273634178966],[-73.8541849654857,40.7273258820169],[-73.8540861049782,40.7272885567099],[-73.8539846627867,40.7272485940519],[-73.8538826335315,40.7272075832659],[-73.8537773455798,40.7271660756719],[-73.8536700592169,40.7271215415287],[-73.8535621242829,40.727077567478],[-73.8534490928732,40.7270307259185],[-73.8533359847262,40.7269822506246],[-73.853221098694,40.7269333001847],[-73.8531030781312,40.7268828624907],[-73.852983417676,40.7268305747344],[-73.8528604763144,40.7267771669285],[-73.8527361562383,40.7267215752913],[-73.8526090070593,40.7266645075635]]},"properties":{"FID":153,"objectid":905,"shape_len":2750.09073137,"url":"http://web.mta.info/nyct/service/","name":"R","rt_symbol":"N","id":2000303,"Shape__Length":1105.3794708855426}},{"type":"Feature","id":154,"geometry":{"type":"LineString","coordinates":[[-73.8983473414414,40.7498124172503],[-73.8912323296235,40.7467874102648]]},"properties":{"FID":154,"objectid":906,"shape_len":2258.57586978,"url":"http://web.mta.info/nyct/service/","name":"R","rt_symbol":"N","id":2000298,"Shape__Length":908.24121531384628}},{"type":"Feature","id":155,"geometry":{"type":"LineString","coordinates":[[-73.944152000175,40.7525526662231],[-73.9420830006564,40.7516506667542],[-73.9420409993601,40.7516316665645],[-73.9419990001423,40.7516116667989],[-73.9419600006731,40.7515926662901],[-73.9419210009127,40.7515726671067],[-73.9418840008645,40.7515516675564],[-73.9418480005593,40.7515316671599],[-73.9418140011475,40.7515106673008],[-73.9417809991069,40.7514906665968],[-73.9417489994256,40.7514686663664],[-73.9417179994809,40.7514476661945],[-73.9416890007362,40.7514266661267],[-73.9416609999215,40.7514046678959],[-73.9416339997176,40.7513826665632],[-73.9416090004012,40.7513596666767],[-73.9415849996291,40.7513376677534],[-73.9415649213466,40.7513270883304],[-73.9415396681768,40.7513046520167],[-73.9415102018989,40.751282213558],[-73.9414765248844,40.751259773853],[-73.9414512633227,40.751246948616],[-73.9414133732258,40.7512245049498],[-73.9413754775144,40.7512084701695],[-73.9413417909371,40.7511956397197],[-73.9413038884306,40.751186011112],[-73.9412744178213,40.7511699787903],[-73.9412323147094,40.7511475347172],[-73.9411775685315,40.7511346934727],[-73.9411354598146,40.7511186546607],[-73.9410849312746,40.7510994093275],[-73.9410344027646,40.7510801630715]]},"properties":{"FID":155,"objectid":907,"shape_len":1022.0825315,"url":"http://web.mta.info/nyct/service/","name":"N-W","rt_symbol":"N","id":2000420,"Shape__Length":411.10202743457211}},{"type":"Feature","id":156,"geometry":{"type":"LineString","coordinates":[[-73.9878229999905,40.7497186669656],[-73.9845690001129,40.7542216674106]]},"properties":{"FID":156,"objectid":908,"shape_len":1871.99266442,"url":"http://web.mta.info/nyct/service/","name":"B-D-F-M","rt_symbol":"B","id":2000338,"Shape__Length":754.367446328343}},{"type":"Feature","id":157,"geometry":{"type":"LineString","coordinates":[[-73.9581309994107,40.6706816672367],[-73.9643750006249,40.6719866673244]]},"properties":{"FID":157,"objectid":909,"shape_len":1796.15541082,"url":"http://web.mta.info/nyct/service/","name":"2-3","rt_symbol":"1","id":2000087,"Shape__Length":720.98587388703584}},{"type":"Feature","id":158,"geometry":{"type":"LineString","coordinates":[[-73.9476420004691,40.6328356666351],[-73.9484109999492,40.6399666670616]]},"properties":{"FID":158,"objectid":910,"shape_len":2606.76812545,"url":"http://web.mta.info/nyct/service/","name":"2","rt_symbol":"1","id":2000105,"Shape__Length":1049.5682528714265}},{"type":"Feature","id":159,"geometry":{"type":"LineString","coordinates":[[-73.9421610005458,40.6693986666556],[-73.9504660006682,40.6698466666645]]},"properties":{"FID":159,"objectid":911,"shape_len":2309.64104382,"url":"http://web.mta.info/nyct/service/","name":"3","rt_symbol":"1","id":2000090,"Shape__Length":926.84356946459059}},{"type":"Feature","id":160,"geometry":{"type":"LineString","coordinates":[[-73.975223999975,40.7601666666912],[-73.9690550013044,40.757551666517]]},"properties":{"FID":160,"objectid":912,"shape_len":1956.65394137,"url":"http://web.mta.info/nyct/service/","name":"E","rt_symbol":"A","id":2000285,"Shape__Length":786.95073213818671}},{"type":"Feature","id":161,"geometry":{"type":"LineString","coordinates":[[-73.989951000053,40.7346726669078],[-73.9899580003541,40.7347256660115],[-73.9899640003261,40.7347786659276],[-73.9899669992849,40.7348316673827],[-73.9899690004253,40.7348836673856],[-73.9899679995083,40.7349346666624],[-73.9899650002712,40.7349856666652],[-73.9899599994589,40.7350346673655],[-73.9899529991342,40.7350836660899],[-73.9899440004759,40.7351326664401],[-73.9899330012634,40.7351806661501],[-73.9899200003086,40.7352276670203],[-73.9899040008125,40.7352736662613],[-73.989886999762,40.7353196672127],[-73.9898670001614,40.7353646665328],[-73.989844999987,40.7354086670096],[-73.9865990009621,40.7398636663862]]},"properties":{"FID":161,"objectid":913,"shape_len":2128.29300276,"url":"http://web.mta.info/nyct/service/","name":"4-5-6","rt_symbol":"4","id":2000117,"Shape__Length":857.53846382369522}},{"type":"Feature","id":162,"geometry":{"type":"LineString","coordinates":[[-73.9760410000511,40.751430666199],[-73.9570309996911,40.7434296668171],[-73.956955000571,40.7433986673035],[-73.9568789996907,40.7433686673017],[-73.9568020001303,40.7433396664377],[-73.9567239995184,40.7433116665097],[-73.9566449996885,40.7432836661525],[-73.9565660009884,40.7432576666679],[-73.9564849990484,40.7432316663722],[-73.9564039994137,40.7432076678471],[-73.956323001023,40.743183666564],[-73.9562399999175,40.7431606658265],[-73.9561560001129,40.7431386660128],[-73.9560720008875,40.7431176675016],[-73.9559870017744,40.7430976672092],[-73.9559019996823,40.7430786673161],[-73.9558149995986,40.743060667057],[-73.9535810013526,40.7426256665109]]},"properties":{"FID":162,"objectid":914,"shape_len":7022.84201964,"url":"http://web.mta.info/nyct/service/","name":"7","rt_symbol":"7","id":2000168,"Shape__Length":2823.7672379286214}},{"type":"Feature","id":163,"geometry":{"type":"LineString","coordinates":[[-73.985984000334,40.7624556669738],[-73.9853219996504,40.7633646661253]]},"properties":{"FID":163,"objectid":915,"shape_len":378.562824772,"url":"http://web.mta.info/nyct/service/","name":"A-C-E","rt_symbol":"A","id":2000198,"Shape__Length":152.57490494205956}},{"type":"Feature","id":164,"geometry":{"type":"LineString","coordinates":[[-73.981636999829,40.7628616671296],[-73.9802119993573,40.7622586668933]]},"properties":{"FID":164,"objectid":916,"shape_len":451.769929835,"url":"http://web.mta.info/nyct/service/","name":"B-D","rt_symbol":"B","id":2000282,"Shape__Length":181.70794166022148}},{"type":"Feature","id":165,"geometry":{"type":"LineString","coordinates":[[-73.951417999535,40.7127916662228],[-73.9522860013419,40.7181166680143],[-73.9522950013983,40.7182086669528],[-73.9523010007325,40.7182996668811],[-73.952301000701,40.718390667024],[-73.9522960009079,40.7184806664287],[-73.9522850000517,40.7185696664805],[-73.9522689993908,40.7186576666924],[-73.9522480005566,40.7187456675296],[-73.9522210010628,40.7188336667724],[-73.9521879999515,40.7189196670849],[-73.9521499994215,40.7190056671104],[-73.9521070001723,40.7190906663775],[-73.9520580001773,40.7191756658305],[-73.9520040002403,40.7192596663129],[-73.9519440014202,40.7193426674008],[-73.9518769997778,40.7194266668968],[-73.9504900009374,40.7208436677046],[-73.9503849997085,40.7209476665006],[-73.9502910008105,40.7210516663483],[-73.9502069998612,40.7211566673065],[-73.9501340001595,40.7212616657633],[-73.9500719993863,40.7213666671415],[-73.9500200002573,40.7214726669898],[-73.949978999408,40.7215796666552],[-73.9499490019426,40.7216856661195],[-73.9499289995969,40.7217936663517],[-73.9499199999859,40.7219016668627],[-73.9499220007967,40.7220096667534],[-73.9499340007485,40.7221176664885],[-73.9499570004745,40.7222266660654],[-73.9499910000284,40.7223366672783],[-73.9500360006523,40.7224476665161],[-73.9512770004101,40.724634665878]]},"properties":{"FID":165,"objectid":917,"shape_len":4593.59331584,"url":"http://web.mta.info/nyct/service/","name":"G","rt_symbol":"G","id":2000326,"Shape__Length":1851.0405619975938}},{"type":"Feature","id":166,"geometry":{"type":"LineString","coordinates":[[-73.9309309990061,40.8120926661178],[-73.9298489997073,40.8132236664052]]},"properties":{"FID":166,"objectid":918,"shape_len":509.414576354,"url":"http://web.mta.info/nyct/service/","name":"4-5","rt_symbol":"4","id":2000132,"Shape__Length":205.37786212536935}},{"type":"Feature","id":167,"geometry":{"type":"LineString","coordinates":[[-73.9040840009191,40.69560166596],[-73.9115860003917,40.6998136672961]]},"properties":{"FID":167,"objectid":919,"shape_len":2585.00109562,"url":"http://web.mta.info/nyct/service/","name":"L","rt_symbol":"L","id":2000525,"Shape__Length":1039.1790948489559}},{"type":"Feature","id":168,"geometry":{"type":"LineString","coordinates":[[-73.8986540006702,40.6769916669322],[-73.8916880006105,40.6780236665617]]},"properties":{"FID":168,"objectid":920,"shape_len":1968.43191414,"url":"http://web.mta.info/nyct/service/","name":"J-Z","rt_symbol":"J","id":2000372,"Shape__Length":790.10861804485512}},{"type":"Feature","id":169,"geometry":{"type":"LineString","coordinates":[[-73.9583719999935,40.8155806667947],[-73.9536760011107,40.8220076665013]]},"properties":{"FID":169,"objectid":921,"shape_len":2678.15014923,"url":"http://web.mta.info/nyct/service/","name":"1","rt_symbol":"1","id":2000028,"Shape__Length":1080.291593514107}},{"type":"Feature","id":170,"geometry":{"type":"LineString","coordinates":[[-73.9764100010229,40.7755936668925],[-73.9721430002142,40.7814326657243]]},"properties":{"FID":170,"objectid":922,"shape_len":2433.54893226,"url":"http://web.mta.info/nyct/service/","name":"A-C","rt_symbol":"A","id":2000202,"Shape__Length":981.034899165125}},{"type":"Feature","id":171,"geometry":{"type":"LineString","coordinates":[[-73.9817359992529,40.7682956658355],[-73.9764100010229,40.7755936668925]]},"properties":{"FID":171,"objectid":923,"shape_len":3040.72418709,"url":"http://web.mta.info/nyct/service/","name":"A-C","rt_symbol":"A","id":2000201,"Shape__Length":1225.6869783842342}},{"type":"Feature","id":172,"geometry":{"type":"LineString","coordinates":[[-73.9309970010675,40.7445866666533],[-73.9240160000532,40.7437806674042]]},"properties":{"FID":172,"objectid":924,"shape_len":1956.57658121,"url":"http://web.mta.info/nyct/service/","name":"7","rt_symbol":"7","id":2000175,"Shape__Length":786.09323116588678}},{"type":"Feature","id":173,"geometry":{"type":"LineString","coordinates":[[-73.9255080002581,40.7618196663692],[-73.9214790001739,40.766778666733]]},"properties":{"FID":173,"objectid":925,"shape_len":2123.65578663,"url":"http://web.mta.info/nyct/service/","name":"N-W","rt_symbol":"N","id":2000417,"Shape__Length":855.79315136934679}},{"type":"Feature","id":174,"geometry":{"type":"LineString","coordinates":[[-73.9255360004388,40.8605306673063],[-73.9251900005805,40.8609996673679],[-73.9251090008842,40.8611016673815],[-73.9250160001286,40.8612036676422],[-73.924914000074,40.8613026678402],[-73.9248070012056,40.861395667424],[-73.924645000902,40.8615156673161],[-73.9244920005135,40.8616206662001],[-73.9243329996963,40.8617116673274],[-73.9241510001369,40.8618046666138],[-73.9239659999986,40.8618876663931],[-73.9206310015424,40.8631206659278],[-73.9203050010869,40.8632386665462],[-73.9200489998795,40.8633486661877],[-73.9198670003458,40.8634506662973],[-73.9196960014119,40.8635606665235],[-73.9195650006114,40.8636686664814],[-73.9194420008997,40.8637816668925],[-73.9193090001705,40.8639496656991],[-73.9188189993586,40.8646136664428]]},"properties":{"FID":174,"objectid":926,"shape_len":2457.57093738,"url":"http://web.mta.info/nyct/service/","name":"1","rt_symbol":"1","id":2000035,"Shape__Length":990.57501633875268}},{"type":"Feature","id":175,"geometry":{"type":"LineString","coordinates":[[-73.9797010002001,40.7608926666835],[-73.9774500001648,40.7639716659353]]},"properties":{"FID":175,"objectid":927,"shape_len":1283.44736983,"url":"http://web.mta.info/nyct/service/","name":"F","rt_symbol":"B","id":2000343,"Shape__Length":517.27059377513558}},{"type":"Feature","id":176,"geometry":{"type":"LineString","coordinates":[[-73.9832442116724,40.6938689520664],[-73.9841260004872,40.6950786664875],[-73.9854839998158,40.6977696663108],[-73.9950099995527,40.7148776668174],[-73.9950340005942,40.7149246663901],[-73.9950590006029,40.7149706673345],[-73.9950849995062,40.7150166665147],[-73.9951119997462,40.7150616670654],[-73.995140998856,40.7151076663599],[-73.9951710005632,40.7151516665559],[-73.9952019999172,40.7151966663518],[-73.9952339994313,40.7152406666141],[-73.9952679990827,40.7152846669495],[-73.9953030000811,40.715327665948],[-73.9953389999897,40.7153706667771],[-73.9953760011779,40.7154136658339],[-73.9954140001656,40.7154556662524],[-73.995454000486,40.7154976667372],[-73.9954949997247,40.7155396663464],[-73.9959619998806,40.7160106667333],[-73.9959960008859,40.716046665816],[-73.996030998556,40.7160806666908],[-73.9960690011756,40.7161146658565],[-73.9961089992791,40.7161476664111],[-73.9961499999657,40.7161786669521],[-73.996193999691,40.7162096666771],[-73.9962390007589,40.716239667752],[-73.9962869997986,40.7162676670718],[-73.9963370001874,40.7162956673358],[-73.9963880007896,40.7163216675762],[-73.9964419992549,40.7163476669861],[-73.9964970002983,40.716371666368],[-73.9965549992066,40.7163956676144],[-73.9966139995064,40.7164176670268],[-73.996676001223,40.7164396673961],[-73.9981770003487,40.7169556671324],[-73.998249000181,40.7169806673105],[-73.9983199999688,40.717006666995],[-73.998390999788,40.7170336662019],[-73.9984600006767,40.7170616667054],[-73.9985279991598,40.7170906667207],[-73.9985949999941,40.7171196675842],[-73.9986600006957,40.7171506675176],[-73.9987249990715,40.7171826660799],[-73.9987889997821,40.717215665962],[-73.998852000462,40.7172496671656],[-73.9989130010512,40.7172836674151],[-73.9989740004884,40.7173196667645],[-73.9990329998198,40.7173566674317],[-73.9990920004003,40.7173936662676],[-73.9991489996779,40.7174326659915],[-74.0004600006551,40.7183826675173]]},"properties":{"FID":176,"objectid":928,"shape_len":10351.7396446,"url":"http://web.mta.info/nyct/service/","name":"N-Q","rt_symbol":"N","id":2000446,"Shape__Length":4168.60553717935}},{"type":"Feature","id":177,"geometry":{"type":"LineString","coordinates":[[-73.9850259995026,40.6174096667436],[-73.9904140002538,40.6206706670164]]},"properties":{"FID":177,"objectid":929,"shape_len":1910.21841975,"url":"http://web.mta.info/nyct/service/","name":"N","rt_symbol":"N","id":2000503,"Shape__Length":767.11407060103738}},{"type":"Feature","id":178,"geometry":{"type":"LineString","coordinates":[[-73.9980470075557,40.6045864026767],[-74.0008890064848,40.6063034065043],[-74.0009560072601,40.6063474063576],[-74.0010200069823,40.6063924066781],[-74.0010800072473,40.6064394070591],[-74.0011370064698,40.6064884065964],[-74.001189006612,40.6065384075371],[-74.0012380068665,40.6065894062645],[-74.0012840060664,40.6066424068639],[-74.0013250061654,40.606696406181],[-74.0013630063803,40.6067524064779],[-74.0013970071028,40.6068104059687],[-74.0014280067276,40.6068694068665],[-74.0014550056421,40.6069294073854],[-74.0014780062221,40.6069914071071],[-74.0014970049138,40.6070554069345],[-74.0015130060198,40.6071204072776],[-74.0016150035595,40.6079844077347]]},"properties":{"FID":178,"objectid":930,"shape_len":1675.55057043,"url":"http://web.mta.info/nyct/service/","name":"D","rt_symbol":"B","id":2000493,"Shape__Length":673.22658442132865}},{"type":"Feature","id":179,"geometry":{"type":"LineString","coordinates":[[-73.9646990003985,40.7916456666951],[-73.9614540000637,40.7960916677486]]},"properties":{"FID":179,"objectid":931,"shape_len":1852.34317809,"url":"http://web.mta.info/nyct/service/","name":"A-C","rt_symbol":"A","id":2000205,"Shape__Length":746.906572117792}},{"type":"Feature","id":180,"geometry":{"type":"LineString","coordinates":[[-73.9402019999392,40.7505816667388],[-73.9391739999618,40.7501336660695]]},"properties":{"FID":180,"objectid":932,"shape_len":328.281731252,"url":"http://web.mta.info/nyct/service/","name":"7","rt_symbol":"7","id":2000173,"Shape__Length":132.02066206385447}},{"type":"Feature","id":181,"geometry":{"type":"LineString","coordinates":[[-73.9382090007967,40.8301346667995],[-73.9366579995563,40.8300926664186],[-73.9310710011409,40.8299846673175],[-73.930905000763,40.8299746661367],[-73.9307429998275,40.8299606662193],[-73.9305860016025,40.829944667285],[-73.9304340000331,40.8299256670997],[-73.9302850010783,40.8299036662785],[-73.9301420004445,40.8298776661978],[-73.9300030008059,40.8298496665676],[-73.929867999669,40.8298186660503],[-73.9297379999992,40.8297846661714],[-73.9296130006208,40.829747666947],[-73.9294920009609,40.8297076677817],[-73.929375000907,40.8296636664368],[-73.9292630012934,40.8296176671399],[-73.9291559996311,40.8295686667526],[-73.9290529997281,40.8295136660269],[-73.9274819994359,40.8285986673029],[-73.9273690015128,40.8285436668794],[-73.9272540004618,40.8284906668819],[-73.9271379992117,40.8284396670378],[-73.9270209988516,40.8283896668946],[-73.9269020000022,40.8283406667161],[-73.9267830001425,40.8282916664137],[-73.9266619995041,40.8282446665167],[-73.9265400009289,40.8281986672075],[-73.9264170008581,40.82815366758],[-73.9262919999162,40.8281096669924],[-73.9261659998428,40.82806666698],[-73.9260400011913,40.8280246672808],[-73.925912000474,40.8279836666077],[-73.9257820000579,40.8279436667566],[-73.9256509993115,40.827904666564]]},"properties":{"FID":181,"objectid":933,"shape_len":3682.94049177,"url":"http://web.mta.info/nyct/service/","name":"B-D","rt_symbol":"B","id":2000221,"Shape__Length":1482.0569365172578}},{"type":"Feature","id":182,"geometry":{"type":"LineString","coordinates":[[-73.9448900004728,40.8340406660572],[-73.9401329993716,40.8405556668666]]},"properties":{"FID":182,"objectid":934,"shape_len":2714.20650353,"url":"http://web.mta.info/nyct/service/","name":"1","rt_symbol":"1","id":2000031,"Shape__Length":1095.1399150845996}},{"type":"Feature","id":183,"geometry":{"type":"LineString","coordinates":[[-73.9335959999391,40.8495046656583],[-73.9294120001479,40.8552246667773]]},"properties":{"FID":183,"objectid":935,"shape_len":2383.88409218,"url":"http://web.mta.info/nyct/service/","name":"1","rt_symbol":"1","id":2000033,"Shape__Length":962.074497929441}},{"type":"Feature","id":184,"geometry":{"type":"LineString","coordinates":[[-73.7885220014353,40.5923736662231],[-73.7887320019165,40.5923726666023],[-73.7889350011616,40.5923696671789],[-73.789130000153,40.5923656666405],[-73.7893180014246,40.5923596663822],[-73.7894980008431,40.5923516673003],[-73.7896710017334,40.5923426663498],[-73.789836000747,40.5923316675471],[-73.7899940008214,40.5923186664557],[-73.7901440005822,40.592304667163],[-73.7902870013866,40.5922886665412],[-73.7904230012625,40.5922716668977],[-73.7905510016011,40.5922526659534],[-73.790671000024,40.5922316673328],[-73.7907840018368,40.5922086665877],[-73.7908900007622,40.5921856673964],[-73.7942510006215,40.5913356661719],[-73.7943270014923,40.5913176665467],[-73.7944040021631,40.5913006664425],[-73.7944810004323,40.5912836662824],[-73.7945590008649,40.5912676665453],[-73.7946370012629,40.5912516658547],[-73.7947160009946,40.5912356659959],[-73.7947950011578,40.5912206665675],[-73.7948750018402,40.5912056670699],[-73.7949550013081,40.5911906666138],[-73.795036000586,40.5911766665683],[-73.7951170021925,40.59116266647],[-73.7951989995937,40.5911486662883],[-73.795280999797,40.5911356674375],[-73.79536400053,40.5911226658074],[-73.7954460018506,40.5911096668409],[-73.7969240008581,40.5909266666882]]},"properties":{"FID":184,"objectid":936,"shape_len":2404.86411615,"url":"http://web.mta.info/nyct/service/","name":"A","rt_symbol":"A","id":2000268,"Shape__Length":964.12918246881884}},{"type":"Feature","id":185,"geometry":{"type":"LineString","coordinates":[[-73.8205580011029,40.585306666524],[-73.8136410007851,40.5880336673347]]},"properties":{"FID":185,"objectid":937,"shape_len":2162.89788456,"url":"http://web.mta.info/nyct/service/","name":"A","rt_symbol":"A","id":2000276,"Shape__Length":867.57358091851734}},{"type":"Feature","id":186,"geometry":{"type":"LineString","coordinates":[[-73.9460000011079,40.7478456672058],[-73.9434790001791,40.7473566668556],[-73.9433380014867,40.7473286665684],[-73.9431989997058,40.7473056667054],[-73.943062999738,40.7472866673078],[-73.9429270003016,40.7472726664614],[-73.942794000579,40.7472636665565],[-73.942663000873,40.747258666643],[-73.9425330006321,40.7472576662286],[-73.9424050009985,40.7472626667428],[-73.9422790001195,40.7472716672659],[-73.9421549991581,40.7472846669045],[-73.9420330007739,40.7473026670296],[-73.9419130002058,40.7473256667446],[-73.9417940001407,40.7473526668901],[-73.9416780007422,40.7473846671436],[-73.941563001807,40.7474206660367]]},"properties":{"FID":186,"objectid":938,"shape_len":1263.43277672,"url":"http://web.mta.info/nyct/service/","name":"E","rt_symbol":"A","id":2000287,"Shape__Length":507.6938325158003}},{"type":"Feature","id":187,"geometry":{"type":"LineString","coordinates":[[-73.945263999485,40.7470226675096],[-73.9449090003242,40.7481096670992],[-73.944896000828,40.7481506672402],[-73.9448800005191,40.7481906663813],[-73.9448630008317,40.7482306668427],[-73.9448460004116,40.7482686672763],[-73.9448270000702,40.7483066667493],[-73.9448079997072,40.7483446662189],[-73.9447880007893,40.7483816674455],[-73.9447679991279,40.7484176664035],[-73.9447460010886,40.7484536671018],[-73.9447240003041,40.7484886664313],[-73.9447010001329,40.7485236670777],[-73.9446770002217,40.7485576667765],[-73.9446520005683,40.7485906673283],[-73.9446260003431,40.7486236664931],[-73.9445990003745,40.7486556665094],[-73.9426240001247,40.7509256663726],[-73.9425650006718,40.7509826669167],[-73.942501999544,40.7510346667239],[-73.9424350008419,40.7510796666662],[-73.942365999829,40.7511176668347],[-73.9422930004063,40.751149666688],[-73.9422170004885,40.7511746671576],[-73.9421379989136,40.751192666436],[-73.9420550010358,40.7512036667182],[-73.9419700009501,40.7512076662987],[-73.9418810001878,40.751205666428],[-73.941789999637,40.7511966667451],[-73.9416950005233,40.7511806662337],[-73.9415970002189,40.7511586667522],[-73.9414950002316,40.751129666423],[-73.9413920002897,40.7510946663233],[-73.9410870000901,40.7509626667427]]},"properties":{"FID":187,"objectid":939,"shape_len":2098.0401464,"url":"http://web.mta.info/nyct/service/","name":"7","rt_symbol":"7","id":2000171,"Shape__Length":845.02826143341383}},{"type":"Feature","id":188,"geometry":{"type":"LineString","coordinates":[[-73.9345320005862,40.7511246676462],[-73.9343310015865,40.7512576660366],[-73.9341220008365,40.7513796670209],[-73.9339049995832,40.7514906669546],[-73.9336819990797,40.7515906660448],[-73.9334509994029,40.7516796667036],[-73.9332119994517,40.7517576679822],[-73.9329660009218,40.7518236672504],[-73.932712999534,40.7518796671863],[-73.932452000368,40.7519236671369],[-73.9321839995764,40.7519566671961],[-73.9319080002361,40.7519786667256],[-73.931627000718,40.751989667448],[-73.9287810001877,40.7520386666686]]},"properties":{"FID":188,"objectid":941,"shape_len":1672.95912219,"url":"http://web.mta.info/nyct/service/","name":"E","rt_symbol":"A","id":2000291,"Shape__Length":672.39066825817326}},{"type":"Feature","id":189,"geometry":{"type":"LineString","coordinates":[[-73.9327550007151,40.7528816666456],[-73.9295750012174,40.75680366649]]},"properties":{"FID":189,"objectid":942,"shape_len":1678.68957858,"url":"http://web.mta.info/nyct/service/","name":"N-W","rt_symbol":"N","id":2000415,"Shape__Length":676.38664943733443}},{"type":"Feature","id":190,"geometry":{"type":"LineString","coordinates":[[-73.9440530004053,40.7145646662326],[-73.9485500002403,40.7141356669246],[-73.9486670000215,40.7141236667208],[-73.9487840001752,40.7141126668655],[-73.9488999994937,40.7141026669143],[-73.9490170004093,40.7140936668565],[-73.9491330005004,40.7140856667049],[-73.9492479997727,40.7140786664625],[-73.9493630006277,40.7140726665731],[-73.9494780007036,40.7140676670358],[-73.9495930000065,40.71406366695],[-73.9497079997241,40.7140606672167],[-73.9498219998327,40.7140586674002],[-73.9499349991555,40.7140576657018],[-73.9500490001196,40.7140576665953],[-73.9501620007428,40.7140596669769],[-73.9502749994436,40.7140626668135]]},"properties":{"FID":190,"objectid":943,"shape_len":1735.99276578,"url":"http://web.mta.info/nyct/service/","name":"L","rt_symbol":"L","id":2000518,"Shape__Length":697.130028112855}},{"type":"Feature","id":191,"geometry":{"type":"LineString","coordinates":[[-73.9502340010257,40.7003766662215],[-73.9502409990819,40.7004156668278],[-73.9502469996886,40.7004546661018],[-73.9502530004291,40.7004966667825],[-73.9502579989853,40.7005386661289],[-73.9502630007872,40.7005826673149],[-73.9502669996568,40.700627666735],[-73.950271000152,40.7006736666244],[-73.9502749991603,40.7007216674508],[-73.9502780011503,40.7007706656134],[-73.9502800001998,40.7008206665129],[-73.9502829999589,40.7008726669813],[-73.9502840004961,40.7009256670548],[-73.9502860001221,40.7009796671278],[-73.9502870003558,40.7010346663371],[-73.9502860006128,40.7010916665208],[-73.950196999258,40.7049176671001],[-73.9501950012312,40.7049786677957],[-73.9501929997776,40.7050426662925],[-73.9501930001643,40.705108666592],[-73.950194001319,40.7051766673601],[-73.9501970000288,40.7052476676957],[-73.9502020005986,40.7053206662314],[-73.9502070001199,40.7053966670714],[-73.9502150002273,40.7054746674434],[-73.9502240015664,40.7055556660502],[-73.9502340001513,40.7056386678242],[-73.9502459998821,40.705724667364],[-73.9502600015132,40.7058126660018],[-73.9502750004112,40.7059026669048],[-73.9502910005715,40.7059956669406],[-73.9503079996331,40.7060916670082]]},"properties":{"FID":191,"objectid":944,"shape_len":2084.67065171,"url":"http://web.mta.info/nyct/service/","name":"G","rt_symbol":"G","id":2000324,"Shape__Length":840.20400786472374}},{"type":"Feature","id":192,"geometry":{"type":"LineString","coordinates":[[-73.9535621188035,40.7068255000327],[-73.9522121194555,40.706361501976],[-73.9521671189679,40.70634450234],[-73.9521211197737,40.706327502271],[-73.9520761200516,40.7063095021314],[-73.9520311191704,40.7062915019737],[-73.9519861178502,40.7062725022304],[-73.9519411189223,40.7062535024704],[-73.9518961195586,40.7062335022243],[-73.9518521189506,40.7062135014778],[-73.9518071179959,40.706192502529],[-73.9517631181649,40.7061715021809],[-73.9517181191753,40.7061495018291],[-73.9516741189414,40.7061275027794],[-73.9516301194631,40.7061045023444],[-73.9515861188318,40.706081501892],[-73.9515421177735,40.7060575027552],[-73.9475391179831,40.7038245060781]]},"properties":{"FID":192,"objectid":945,"shape_len":2003.36883517,"url":"http://web.mta.info/nyct/service/","name":"J-Z","rt_symbol":"J","id":2000362,"Shape__Length":805.30074969796783}},{"type":"Feature","id":193,"geometry":{"type":"LineString","coordinates":[[-73.9503079996331,40.7060916670082],[-73.951417999535,40.7127916662228]]},"properties":{"FID":193,"objectid":946,"shape_len":2460.3337411,"url":"http://web.mta.info/nyct/service/","name":"G","rt_symbol":"G","id":2000325,"Shape__Length":991.65205990817765}},{"type":"Feature","id":194,"geometry":{"type":"LineString","coordinates":[[-73.9475391179831,40.7038245060781],[-73.9432641155341,40.7014275117581],[-73.943223115327,40.7014035118036],[-73.94318211548,40.7013805123036],[-73.9431411153312,40.7013565123198],[-73.9431001140288,40.7013325123208],[-73.9430601158144,40.7013075123342],[-73.9430201155933,40.7012835110007],[-73.9429801150703,40.7012585127861],[-73.9429401160906,40.7012345114252],[-73.9429011154647,40.7012095118776],[-73.9428611150324,40.7011845118204],[-73.9428221141401,40.7011585117767],[-73.9427831159694,40.7011335121901],[-73.9427451152961,40.7011085130863],[-73.9427061156768,40.7010825130037],[-73.9426681147386,40.7010565134052],[-73.9426281153464,40.7010305127979],[-73.9425891146352,40.7010045126748],[-73.942549114442,40.700979513409],[-73.942510113793,40.7009535114579],[-73.9424701136593,40.700928513065],[-73.9424301159236,40.7009035128583],[-73.9423901143487,40.7008775130671],[-73.9423501158084,40.700853513301],[-73.9423101157963,40.7008285130511],[-73.9422701158141,40.7008035127873],[-73.9422301138118,40.7007795129775],[-73.9421891152421,40.7007545130846],[-73.9421491144816,40.7007305132471],[-73.9421081151045,40.7007065128933],[-73.9420681144019,40.7006825130275],[-73.9412571146543,40.7002155141662]]},"properties":{"FID":194,"objectid":947,"shape_len":2182.9410959799998,"url":"http://web.mta.info/nyct/service/","name":"J-Z","rt_symbol":"J","id":2000363,"Shape__Length":877.64283489625882}},{"type":"Feature","id":195,"geometry":{"type":"LineString","coordinates":[[-73.9331470002421,40.7061516668073],[-73.9335130005754,40.7060936661189],[-73.9335789998578,40.7060836662184],[-73.9336450016745,40.7060746667499],[-73.9337120000226,40.7060666664848],[-73.9337800006309,40.7060586658568],[-73.9338480004197,40.7060526670256],[-73.9339180011985,40.7060466675019],[-73.9339879997917,40.7060416675024],[-73.9340589996606,40.7060376676017],[-73.9341300008999,40.706034667226],[-73.9342030009639,40.7060326666165],[-73.9342760000372,40.7060316664285],[-73.9343500002,40.7060306667652],[-73.9344239995772,40.7060316661897],[-73.934499999956,40.7060326676058],[-73.9345760007424,40.7060356672073],[-73.9346460006956,40.7060376664853],[-73.9347149995592,40.706039666954],[-73.934785001681,40.7060406674813],[-73.9348560013486,40.7060416667296],[-73.9349260006937,40.7060406671333],[-73.9349970009216,40.7060386666906],[-73.935067999962,40.7060366662035],[-73.9351389997599,40.7060326665372],[-73.9352099995493,40.7060286668272],[-73.9352810000887,40.7060226670374],[-73.9353530005242,40.7060166668649],[-73.9354239994254,40.7060086669497],[-73.9354959994016,40.7060006666511],[-73.9355690012024,40.7059906659315],[-73.9356400007967,40.7059806667476],[-73.9379529997009,40.7055336665795],[-73.9381430007838,40.705504667005],[-73.9383219999759,40.7054876668437],[-73.9384910001701,40.7054846667193],[-73.9386480002261,40.705494666942],[-73.9387939989485,40.7055176671913],[-73.9389290011456,40.7055536666108],[-73.9390529988628,40.7056036666038],[-73.9391660013492,40.7056666676426],[-73.9392680003588,40.7057426670534],[-73.939358001013,40.7058326666102],[-73.939437000586,40.705935666397],[-73.9395050002556,40.7060516673371],[-73.9395620011897,40.7061806667486],[-73.9396080000834,40.7063236669146],[-73.939643000168,40.7064796664806],[-73.9398500004229,40.7077386664561]]},"properties":{"FID":195,"objectid":948,"shape_len":2504.79595168,"url":"http://web.mta.info/nyct/service/","name":"L","rt_symbol":"L","id":2000521,"Shape__Length":1006.9398673430883}},{"type":"Feature","id":196,"geometry":{"type":"LineString","coordinates":[[-73.9398500004229,40.7077386664561],[-73.9404070002608,40.7110866668627],[-73.9404150000977,40.7111396669762],[-73.9404240011175,40.7111926667064],[-73.9404339997705,40.7112456678522],[-73.9404459998905,40.7112996668979],[-73.940459000308,40.7113546669271],[-73.9404740007259,40.7114096670879],[-73.9404899999767,40.7114646659619],[-73.9405079995259,40.7115206663345],[-73.9405270014638,40.7115766672218],[-73.9405470001693,40.7116336663864],[-73.9405690000782,40.7116906674808],[-73.9405930003073,40.711748667369],[-73.940617000579,40.7118066663511],[-73.9406430011768,40.7118656668268],[-73.9406700009277,40.7119256673782]]},"properties":{"FID":196,"objectid":949,"shape_len":1544.528299,"url":"http://web.mta.info/nyct/service/","name":"L","rt_symbol":"L","id":2000520,"Shape__Length":622.5139124085398}},{"type":"Feature","id":197,"geometry":{"type":"LineString","coordinates":[[-73.941563001807,40.7474206660367],[-73.9397800008176,40.7480606659951]]},"properties":{"FID":197,"objectid":950,"shape_len":546.299303552,"url":"http://web.mta.info/nyct/service/","name":"E","rt_symbol":"A","id":2000288,"Shape__Length":219.63398380501141}},{"type":"Feature","id":198,"geometry":{"type":"LineString","coordinates":[[-73.9883558077282,40.7557168216192],[-73.9847549994137,40.7542416671882],[-73.9847030002703,40.7542236663951],[-73.9846490008447,40.7542066675746],[-73.9845930006741,40.7541926671441],[-73.984537000063,40.7541806658085],[-73.9844789996457,40.7541726660223],[-73.9844209999587,40.7541666662296],[-73.9843609994996,40.7541636666201],[-73.984301000943,40.7541626670023],[-73.9842389992321,40.7541646666628],[-73.9841759997258,40.7541696675375],[-73.9841120000477,40.7541776669229],[-73.9840470004278,40.7541876670574],[-73.9839810006196,40.7542006665997],[-73.9839139994289,40.7542166673489],[-73.9838459996998,40.7542336674801],[-73.983747998689,40.7542556665505],[-73.9837050017496,40.7542626673089],[-73.9836609984932,40.7542686665466],[-73.9836159998242,40.7542726674043],[-73.983570000764,40.7542756667396],[-73.9835230003771,40.7542766667914],[-73.9834749986679,40.7542756666578],[-73.9834260001288,40.7542736658992],[-73.9833759990902,40.7542696667535],[-73.9833250002941,40.7542636674192],[-73.9832729999417,40.7542566665548],[-73.9832199992197,40.7542486659601],[-73.9831659998201,40.7542376665121],[-73.9831109998063,40.7542266668919],[-73.9830550011261,40.7542126666145],[-73.9829979997246,40.7541976666009],[-73.9829359997687,40.7541786666739],[-73.982871998843,40.754158666855],[-73.982808000582,40.7541376674397],[-73.9827430008063,40.7541156664768],[-73.982677000703,40.7540926666662],[-73.9826090005702,40.7540696665157],[-73.9825409998242,40.7540446663023],[-73.9824719996845,40.7540196658965],[-73.9824019992319,40.7539936666359],[-73.9823320000183,40.7539676664324],[-73.9822600001361,40.753939666756],[-73.9821869987703,40.7539106673185],[-73.9821129992097,40.7538816667792],[-73.9820389999831,40.7538516666311],[-73.9819630010256,40.7538206674616]]},"properties":{"FID":198,"objectid":951,"shape_len":1951.13799343,"url":"http://web.mta.info/nyct/service/","name":"7","rt_symbol":"7","id":2000166,"Shape__Length":784.49174253872741}},{"type":"Feature","id":199,"geometry":{"type":"LineString","coordinates":[[-73.9819630010256,40.7538206674616],[-73.981151000429,40.7534826659839],[-73.9810810004399,40.7534546667962],[-73.9810060012904,40.753429667226],[-73.9809709993057,40.753418667177],[-73.9809320013861,40.7534096664787],[-73.9808910010529,40.753400667236],[-73.980848000067,40.7533896667228],[-73.9807669988362,40.7533636664375],[-73.980686000302,40.7533326673893],[-73.9787189991809,40.7525106670455],[-73.9786499991523,40.7524836670228],[-73.9785840002516,40.7524626666854],[-73.9785219995106,40.752447667125],[-73.978460000843,40.7524336661923],[-73.9783949996392,40.7524146668567],[-73.9783349995696,40.7523906670164],[-73.9760410000511,40.751430666199]]},"properties":{"FID":199,"objectid":952,"shape_len":1859.38616467,"url":"http://web.mta.info/nyct/service/","name":"7","rt_symbol":"7","id":2000167,"Shape__Length":747.71413775991914}},{"type":"Feature","id":200,"geometry":{"type":"LineString","coordinates":[[-73.9845690001129,40.7542216674106],[-73.981328999544,40.7586626674205]]},"properties":{"FID":200,"objectid":953,"shape_len":1850.31495873,"url":"http://web.mta.info/nyct/service/","name":"B-D-F-M","rt_symbol":"B","id":2000339,"Shape__Length":745.67186492995938}},{"type":"Feature","id":201,"geometry":{"type":"LineString","coordinates":[[-73.9867539996912,40.7546716661933],[-73.9862009998799,40.7564296666951],[-73.9861540001173,40.7565686666299],[-73.9861060001149,40.7567046668396],[-73.9860560001769,40.7568386658622],[-73.9860029996216,40.7569706671758],[-73.9859489997873,40.7571006674183],[-73.9858929999958,40.757228666466],[-73.9858349992685,40.7573536665564],[-73.9857749997573,40.7574766663469],[-73.9857120005589,40.7575986670719],[-73.9856479987234,40.7577176662524],[-73.9855820004562,40.7578346660244],[-73.985514000049,40.7579486668234],[-73.9854440006168,40.7580616668668],[-73.9853710004962,40.758172667364],[-73.9852980010153,40.75827966687],[-73.9841389996384,40.7599006666954]]},"properties":{"FID":201,"objectid":954,"shape_len":2051.54356711,"url":"http://web.mta.info/nyct/service/","name":"N-Q-R-W","rt_symbol":"N","id":2000428,"Shape__Length":827.09391667170416}},{"type":"Feature","id":202,"geometry":{"type":"LineString","coordinates":[[-73.9879499996987,40.7495666668007],[-73.9875700001402,40.7518146664261],[-73.9875559997257,40.7518926667214],[-73.9875410010488,40.7519706660056],[-73.9875259999681,40.7520486670877],[-73.9875100006203,40.7521266662577],[-73.9874929996367,40.7522036666551],[-73.9874750001912,40.7522816674024],[-73.9874570007038,40.752359666345],[-73.9874369999635,40.7524376668666],[-73.9874170003605,40.7525156673841],[-73.9873960002926,40.7525926664254],[-73.9873749999864,40.7526706668243],[-73.9873529990211,40.7527486671087],[-73.9873290015189,40.7528266662678],[-73.9873059988425,40.7529036659695],[-73.9872810006157,40.7529816668076],[-73.9867539996912,40.7546716661933]]},"properties":{"FID":202,"objectid":955,"shape_len":1891.42156563,"url":"http://web.mta.info/nyct/service/","name":"N-Q-R-W","rt_symbol":"N","id":2000429,"Shape__Length":762.7826670728939}},{"type":"Feature","id":203,"geometry":{"type":"LineString","coordinates":[[-73.9767970033226,40.6868100604489],[-73.976516726386,40.6868467877742],[-73.9764177666303,40.6868992944959],[-73.976362060938,40.6869497487496],[-73.9762757034069,40.6870018418991],[-73.9761494124855,40.6870416617187],[-73.9753750008205,40.6871186663183]]},"properties":{"FID":203,"objectid":956,"shape_len":421.404629106,"url":"http://web.mta.info/nyct/service/","name":"G","rt_symbol":"G","id":2000318,"Shape__Length":169.22279647087322}},{"type":"Feature","id":204,"geometry":{"type":"LineString","coordinates":[[-73.9643750006249,40.6719866673244],[-73.9684650010422,40.6729146668653],[-73.9686310005661,40.6729546672032],[-73.9687789995133,40.6729986670089],[-73.9689469998093,40.6730556673585],[-73.9690880006474,40.6731206666913],[-73.9692590001287,40.6732076662509],[-73.9693969996874,40.6732986676766],[-73.969546000019,40.6734136660734],[-73.9696940004531,40.6735516658693],[-73.969806000018,40.6736786661439],[-73.9710460007703,40.675234666867]]},"properties":{"FID":204,"objectid":957,"shape_len":2323.23511149,"url":"http://web.mta.info/nyct/service/","name":"2-3","rt_symbol":"1","id":2000086,"Shape__Length":933.51169289348059}},{"type":"Feature","id":205,"geometry":{"type":"LineString","coordinates":[[-73.9592449994569,40.6703426665844],[-73.9576240007463,40.6747716668526]]},"properties":{"FID":205,"objectid":958,"shape_len":1675.09158702,"url":"http://web.mta.info/nyct/service/","name":"S","rt_symbol":"L","id":2000510,"Shape__Length":674.63826450897534}},{"type":"Feature","id":206,"geometry":{"type":"LineString","coordinates":[[-73.9668390000272,40.6880886671114],[-73.9600699998512,40.6888726666216]]},"properties":{"FID":206,"objectid":959,"shape_len":1898.84446228,"url":"http://web.mta.info/nyct/service/","name":"G","rt_symbol":"G","id":2000320,"Shape__Length":762.26131151661627}},{"type":"Feature","id":207,"geometry":{"type":"LineString","coordinates":[[-73.9489589997399,40.6450976666652],[-73.9495750000621,40.6508426670272]]},"properties":{"FID":207,"objectid":960,"shape_len":2100.02996249,"url":"http://web.mta.info/nyct/service/","name":"2","rt_symbol":"1","id":2000103,"Shape__Length":845.68499666186756}},{"type":"Feature","id":208,"geometry":{"type":"LineString","coordinates":[[-73.9484109999492,40.6399666670616],[-73.9489589997399,40.6450976666652]]},"properties":{"FID":208,"objectid":961,"shape_len":1875.53891937,"url":"http://web.mta.info/nyct/service/","name":"2","rt_symbol":"1","id":2000104,"Shape__Length":755.221206340661}},{"type":"Feature","id":209,"geometry":{"type":"LineString","coordinates":[[-73.9501999991816,40.656651666642],[-73.9508500006878,40.6627420008297]]},"properties":{"FID":209,"objectid":962,"shape_len":2226.19562553,"url":"http://web.mta.info/nyct/service/","name":"2","rt_symbol":"1","id":2000101,"Shape__Length":896.64868823284337}},{"type":"Feature","id":210,"geometry":{"type":"LineString","coordinates":[[-73.9495750000621,40.6508426670272],[-73.9501999991816,40.656651666642]]},"properties":{"FID":210,"objectid":963,"shape_len":2123.47277482,"url":"http://web.mta.info/nyct/service/","name":"2","rt_symbol":"1","id":2000102,"Shape__Length":855.19878400176037}},{"type":"Feature","id":211,"geometry":{"type":"LineString","coordinates":[[-73.9329420001622,40.6688966668125],[-73.9421610005458,40.6693986666556]]},"properties":{"FID":211,"objectid":964,"shape_len":2563.96640132,"url":"http://web.mta.info/nyct/service/","name":"3","rt_symbol":"1","id":2000091,"Shape__Length":1028.8956911806924}},{"type":"Feature","id":212,"geometry":{"type":"LineString","coordinates":[[-73.9408590001902,40.6799186671269],[-73.9504260012445,40.680437666872]]},"properties":{"FID":212,"objectid":965,"shape_len":2660.26316256,"url":"http://web.mta.info/nyct/service/","name":"A-C","rt_symbol":"A","id":2000244,"Shape__Length":1067.7150987291384}},{"type":"Feature","id":213,"geometry":{"type":"LineString","coordinates":[[-73.9506830002176,40.6678826658259],[-73.950631998714,40.6684656666749],[-73.9505690011199,40.6691196670676],[-73.9505590001271,40.669212667127],[-73.9505569996031,40.6692996668854],[-73.9505699998256,40.6693806666497],[-73.9505960013845,40.6694566660294],[-73.9506339990422,40.6695276663854],[-73.9506840014042,40.6695916667639],[-73.950748001453,40.6696516667197],[-73.9508229997852,40.6697046671309],[-73.9509120001235,40.6697526666013],[-73.9510130009314,40.6697946673757],[-73.9511260002908,40.669831667193],[-73.9512520006589,40.6698626659697],[-73.9513910001062,40.6698886668369],[-73.9515419999777,40.6699086670529],[-73.9517060003351,40.6699216665176]]},"properties":{"FID":213,"objectid":966,"shape_len":948.433758858,"url":"http://web.mta.info/nyct/service/","name":"2","rt_symbol":"1","id":2000099,"Shape__Length":381.64086817726189}},{"type":"Feature","id":214,"geometry":{"type":"LineString","coordinates":[[-73.9690550013044,40.757551666517],[-73.9627049995069,40.7548716660348],[-73.9626300006676,40.7548386670213],[-73.9625550000373,40.7548026665735],[-73.9624810001282,40.7547666664028],[-73.9624069996784,40.7547296675234],[-73.9623349994058,40.7546926674494],[-73.9622640004183,40.7546546671966],[-73.9621939997812,40.7546166672275],[-73.9621240003613,40.7545766671934],[-73.9620560005453,40.7545376673362],[-73.9619890002183,40.7544966668453],[-73.9619230006098,40.7544556657455],[-73.9618570004697,40.7544136668473],[-73.9617930004985,40.7543716658729],[-73.9617289999976,40.7543286662019],[-73.9616690003187,40.7542846664644],[-73.9572509999831,40.7511816672596],[-73.9569160001488,40.7509746665141],[-73.9565830005908,40.7507776665607],[-73.9562509993797,40.7505906670372],[-73.9559200005726,40.7504126665919],[-73.9555900004739,40.7502436670338],[-73.9552609994555,40.7500846670334],[-73.9549330004065,40.7499346670396],[-73.9546050007561,40.7497946671287],[-73.9542790009865,40.7496636667325],[-73.9539539997001,40.7495426668312],[-73.9536289999461,40.7494296661077],[-73.9533050000614,40.7493276672548],[-73.9529829990058,40.7492336666006],[-73.9526609993298,40.7491506665295],[-73.9523439994053,40.7490746672605],[-73.9460000011079,40.7478456672058]]},"properties":{"FID":214,"objectid":967,"shape_len":7423.19157003,"url":"http://web.mta.info/nyct/service/","name":"E","rt_symbol":"A","id":2000286,"Shape__Length":2985.4213457742981}},{"type":"Feature","id":215,"geometry":{"type":"LineString","coordinates":[[-73.9875681180733,40.7182704609676],[-73.9861131186344,40.7178164637506],[-73.9860601176601,40.7177994629207],[-73.986009118066,40.7177824632102],[-73.9859581182872,40.7177664639435],[-73.9859091189135,40.717749463532],[-73.9858601183812,40.7177324630995],[-73.9858121189284,40.717716463236],[-73.9857651197959,40.7176994639101],[-73.9857191181899,40.7176834624537],[-73.9856741192706,40.7176664642392],[-73.9856301190585,40.7176504638967],[-73.9855871189503,40.7176344636626],[-73.9855451189449,40.7176184644386],[-73.9855041202259,40.7176024635242],[-73.9854631179756,40.7175864643957],[-73.9854241194593,40.7175704646058],[-73.9852841180072,40.7175144638882],[-73.9852321196346,40.7174934645399],[-73.9851801189281,40.7174724633668],[-73.9851281203979,40.7174524635377],[-73.985076119308,40.7174334641512],[-73.9850241184725,40.7174134642747],[-73.9849731187054,40.7173944640714],[-73.9849221187411,40.7173764643121],[-73.9848701187256,40.7173584652993],[-73.9848201188953,40.7173404638251],[-73.9847691187852,40.717323463564],[-73.9847181184715,40.7173074646475],[-73.9846681196736,40.7172904653751],[-73.9846181183036,40.7172744647461],[-73.9845681179096,40.7172594645623],[-73.984518119905,40.717244464357],[-73.9790291192665,40.7155814715],[-73.961317120244,40.7102064918692],[-73.961281121144,40.7101944921644],[-73.9612461202432,40.7101814914161],[-73.961211120539,40.7101684915581],[-73.9611771202186,40.7101544906583],[-73.9611431199115,40.7101404915494],[-73.9611101213562,40.7101254914006],[-73.9610781210024,40.7101094920127],[-73.961046120664,40.7100934926158],[-73.9610151197129,40.7100764912797],[-73.9609841205451,40.7100584921696],[-73.9609541201804,40.7100404915889],[-73.9609241204174,40.7100214923339],[-73.96089512064,40.7100024925101],[-73.9608671202516,40.7099824916505],[-73.9608391192833,40.7099614921171],[-73.9596381188389,40.7089884929047],[-73.9596211198327,40.7089744930001],[-73.9596031190916,40.7089614932092],[-73.959585118964,40.708947492948],[-73.9595661206518,40.7089344928011],[-73.9595471187963,40.7089214935503],[-73.9595271187564,40.7089094935128],[-73.9595061193799,40.7088964926524],[-73.959484119451,40.7088844937049],[-73.9594621195313,40.708872492952],[-73.9594391196673,40.7088604936437],[-73.9594161192031,40.708849493898],[-73.959391119454,40.7088374938749],[-73.9593671202385,40.708826493767],[-73.9593411193372,40.7088164925144],[-73.9593151202362,40.7088054934902],[-73.9578881178204,40.7083144952597]]},"properties":{"FID":215,"objectid":968,"shape_len":9042.73758995,"url":"http://web.mta.info/nyct/service/","name":"J-Z","rt_symbol":"J","id":2000360,"Shape__Length":3633.4854770157117}},{"type":"Feature","id":216,"geometry":{"type":"LineString","coordinates":[[-73.9881139989024,40.7186106673293],[-73.9869290007412,40.7209216665699],[-73.98684800088,40.7211006660486],[-73.9867860000467,40.7212716666204],[-73.9867459998141,40.721435666427],[-73.9867270004141,40.7215916667112],[-73.986728999435,40.7217406661488],[-73.9867519997813,40.7218806665088],[-73.9867970013283,40.7220136679253],[-73.9868630008873,40.7221376666249],[-73.9869500005234,40.7222546671062],[-73.9870580003206,40.7223646666204],[-73.9871879997043,40.7224656669895],[-73.9873389995595,40.722558665794],[-73.9875109997316,40.7226446661188],[-73.9877039992491,40.7227226665037],[-73.9879190008248,40.7227916655821],[-73.9899380000343,40.7234016657491]]},"properties":{"FID":216,"objectid":969,"shape_len":2348.49955265,"url":"http://web.mta.info/nyct/service/","name":"F","rt_symbol":"B","id":2000350,"Shape__Length":945.41308038859052}},{"type":"Feature","id":217,"geometry":{"type":"LineString","coordinates":[[-73.9886909993398,40.745493666426],[-73.9879499996987,40.7495666668007]]},"properties":{"FID":217,"objectid":970,"shape_len":1498.06150459,"url":"http://web.mta.info/nyct/service/","name":"N-Q-R-W","rt_symbol":"N","id":2000430,"Shape__Length":604.1378366105414}},{"type":"Feature","id":218,"geometry":{"type":"LineString","coordinates":[[-73.9768479999647,40.751775666414],[-73.9760379996761,40.7519666673274],[-73.9759790012427,40.7519826669318],[-73.9759230002021,40.7519976657701],[-73.9758689999711,40.7520136663628],[-73.9758170001862,40.7520316673733],[-73.9757679994401,40.7520506667516],[-73.9757209991364,40.7520716665539],[-73.975676000457,40.7520946667829],[-73.9756340008137,40.75211866719],[-73.9755940016095,40.7521446662278],[-73.9755559992899,40.7521726665992],[-73.97552099956,40.7522016671573],[-73.975486999666,40.7522326670402],[-73.9754559996275,40.7522656666748],[-73.9754269992112,40.7522996671894],[-73.9753999992346,40.7523356663459],[-73.9719200008403,40.7571066667063]]},"properties":{"FID":218,"objectid":971,"shape_len":2451.22064244,"url":"http://web.mta.info/nyct/service/","name":"4-5-6","rt_symbol":"4","id":2000121,"Shape__Length":987.4185970055712}},{"type":"Feature","id":219,"geometry":{"type":"LineString","coordinates":[[-73.9820760003946,40.7460806677049],[-73.978286999761,40.7512656669406],[-73.9782600006863,40.7512976667257],[-73.9782319996089,40.7513266667301],[-73.9782030006135,40.7513546669773],[-73.9781719998864,40.7513806668143],[-73.9781410006471,40.7514056670818],[-73.9781080005332,40.7514296664985],[-73.9780740016472,40.7514516665928],[-73.9780379998485,40.7514716662717],[-73.9780020007262,40.7514906672788],[-73.9779640007321,40.7515086665295],[-73.9779249996042,40.7515246664528],[-73.9778840011582,40.7515396673185],[-73.9778429998068,40.7515526672452],[-73.9777999999565,40.7515646672106],[-73.9777560001665,40.7515746669435],[-73.9768479999647,40.751775666414]]},"properties":{"FID":219,"objectid":972,"shape_len":2612.98222813,"url":"http://web.mta.info/nyct/service/","name":"4-5-6","rt_symbol":"4","id":2000120,"Shape__Length":1052.5158544516212}},{"type":"Feature","id":220,"geometry":{"type":"LineString","coordinates":[[-73.9816280009944,40.7309526662865],[-73.9861219990768,40.7328486664964]]},"properties":{"FID":220,"objectid":973,"shape_len":1424.23472831,"url":"http://web.mta.info/nyct/service/","name":"L","rt_symbol":"L","id":2000515,"Shape__Length":572.58051827658312}},{"type":"Feature","id":221,"geometry":{"type":"LineString","coordinates":[[-73.9865990009621,40.7398636663862],[-73.9842639999985,40.7430696669718]]},"properties":{"FID":221,"objectid":974,"shape_len":1335.292976,"url":"http://web.mta.info/nyct/service/","name":"4-5-6","rt_symbol":"4","id":2000118,"Shape__Length":538.00027978096114}},{"type":"Feature","id":222,"geometry":{"type":"LineString","coordinates":[[-73.9893440010291,40.74130266729],[-73.9891920000431,40.7426426669791],[-73.9891859998824,40.7426996667026],[-73.9891800008953,40.7427566664253],[-73.9891730005784,40.7428116660273],[-73.9891660014335,40.7428666674296],[-73.9891599995132,40.7429196670981],[-73.9891529994881,40.7429726675724],[-73.9891460007989,40.7430246666824],[-73.9891380007762,40.7430746665719],[-73.9891310000226,40.7431246674553],[-73.9891230003032,40.7431726673174],[-73.9891159998551,40.7432206663726],[-73.9891079990927,40.7432676666702],[-73.9890999996665,40.7433136674046],[-73.989090998904,40.7433576671171],[-73.9890830009672,40.7434016669237],[-73.9886909993398,40.745493666426]]},"properties":{"FID":222,"objectid":975,"shape_len":1538.13606163,"url":"http://web.mta.info/nyct/service/","name":"N-Q-R-W","rt_symbol":"N","id":2000431,"Shape__Length":620.27109777038322}},{"type":"Feature","id":223,"geometry":{"type":"LineString","coordinates":[[-73.9842639999985,40.7430696669718],[-73.9820760003946,40.7460806677049]]},"properties":{"FID":223,"objectid":976,"shape_len":1253.39470524,"url":"http://web.mta.info/nyct/service/","name":"4-5-6","rt_symbol":"4","id":2000119,"Shape__Length":505.027851119031}},{"type":"Feature","id":224,"geometry":{"type":"LineString","coordinates":[[-73.979188999891,40.7527686667422],[-73.9857279993916,40.7555216674902],[-73.9857770003549,40.755544667052],[-73.9858230013379,40.7555696671465],[-73.985866999866,40.7555946669768],[-73.9859090002506,40.755621666568],[-73.9859489993621,40.7556486677007],[-73.9859870003306,40.7556776658969],[-73.9860220003428,40.7557076677798],[-73.9860550002617,40.7557376667082],[-73.9860870003213,40.7557696673294],[-73.9861159994202,40.7558026671408],[-73.9861430005798,40.7558366671656],[-73.9861670007732,40.7558716663844],[-73.986190000127,40.7559076668398],[-73.9862110015356,40.7559446666121],[-73.9862289996011,40.7559826664827]]},"properties":{"FID":224,"objectid":977,"shape_len":2293.39197208,"url":"http://web.mta.info/nyct/service/","name":"S","rt_symbol":"L","id":2000106,"Shape__Length":922.43379830438016}},{"type":"Feature","id":225,"geometry":{"type":"LineString","coordinates":[[-73.9506830002176,40.6678826658259],[-73.950631998714,40.6684656666749],[-73.9505690011199,40.6691196670676],[-73.9505590001271,40.669212667127],[-73.9505569996031,40.6692996668854],[-73.9505699998256,40.6693806666497],[-73.9505960013845,40.6694566660294],[-73.9506339990422,40.6695276663854],[-73.9506840014042,40.6695916667639],[-73.950748001453,40.6696516667197],[-73.9508229997852,40.6697046671309],[-73.9509120001235,40.6697526666013],[-73.9510130009314,40.6697946673757],[-73.9511260002908,40.669831667193],[-73.9512520006589,40.6698626659697],[-73.9513910001062,40.6698886668369],[-73.9515419999777,40.6699086670529],[-73.9517060003351,40.6699216665176]]},"properties":{"FID":225,"objectid":978,"shape_len":948.433758858,"url":"http://web.mta.info/nyct/service/","name":"2","rt_symbol":"1","id":2000099,"Shape__Length":381.64086817726189}},{"type":"Feature","id":226,"geometry":{"type":"LineString","coordinates":[[-73.9504660006682,40.6698466666645],[-73.9517060003351,40.6699216665176]]},"properties":{"FID":226,"objectid":979,"shape_len":345.067018591,"url":"http://web.mta.info/nyct/service/","name":"3","rt_symbol":"1","id":2000089,"Shape__Length":138.47432594533311}},{"type":"Feature","id":227,"geometry":{"type":"LineString","coordinates":[[-73.9504260012445,40.680437666872],[-73.9523380010755,40.6805426669748],[-73.9524320003268,40.6805476668069],[-73.9525269995899,40.680553666546],[-73.9526240007619,40.6805606666018],[-73.9527210005362,40.6805696666178],[-73.9528210005765,40.6805796664527],[-73.9529209999412,40.6805906657714],[-73.9530230005323,40.6806036667632],[-73.9531270006991,40.6806176671497],[-73.9532320002181,40.6806336669902],[-73.9533390005096,40.6806506671172],[-73.9534469996861,40.6806686671197],[-73.9535560006058,40.6806886665672],[-73.9536669999534,40.6807096671876],[-73.9537789998802,40.6807326672446],[-73.9538929994357,40.6807566666642],[-73.9568480001461,40.6813796665874]]},"properties":{"FID":227,"objectid":980,"shape_len":1821.30381279,"url":"http://web.mta.info/nyct/service/","name":"A-C","rt_symbol":"A","id":2000243,"Shape__Length":731.10825042706551}},{"type":"Feature","id":228,"geometry":{"type":"LineString","coordinates":[[-73.9535220008737,40.6896266665935],[-73.9498359996673,40.690050666376],[-73.9496210007476,40.6901026662537],[-73.9494230008985,40.6901636657282],[-73.9492420000854,40.6902336666881],[-73.9490790006743,40.6903106660146],[-73.9489339999594,40.6903966665245],[-73.9488049993689,40.6904906669263],[-73.9486950003232,40.6905926659099],[-73.9486019999607,40.6907026662371],[-73.9485260006995,40.6908206661487],[-73.9484679999187,40.6909466661248],[-73.9484270003806,40.6910806666457],[-73.9484039999035,40.6912236668457],[-73.9483990001417,40.6913736666959],[-73.9484109999759,40.6915326666897],[-73.948440001853,40.6916976663126],[-73.9486170002346,40.6924676662063],[-73.9486269996497,40.6925106665689],[-73.9486380011509,40.6925536664772],[-73.9486480005924,40.6925966668375],[-73.9486580012307,40.6926396662968],[-73.9486669998066,40.6926826662085],[-73.9486769992862,40.6927256665656],[-73.9486860002522,40.6927686664764],[-73.9486959997569,40.6928116668313],[-73.9487050007461,40.6928546676407],[-73.9487140017475,40.6928976675486],[-73.9487220006822,40.6929406670091],[-73.9487309993408,40.6929836660136],[-73.9487400003764,40.6930266659188],[-73.9487480005251,40.6930696671783],[-73.9487559995017,40.693112667536],[-73.949046001048,40.6945676668136]]},"properties":{"FID":228,"objectid":981,"shape_len":2892.95450705,"url":"http://web.mta.info/nyct/service/","name":"G","rt_symbol":"G","id":2000322,"Shape__Length":1163.6961258396768}},{"type":"Feature","id":229,"geometry":{"type":"LineString","coordinates":[[-73.9307290006683,40.6793636672164],[-73.9408590001902,40.6799186671269]]},"properties":{"FID":229,"objectid":982,"shape_len":2816.97882048,"url":"http://web.mta.info/nyct/service/","name":"A-C","rt_symbol":"A","id":2000245,"Shape__Length":1130.6053530337017}},{"type":"Feature","id":230,"geometry":{"type":"LineString","coordinates":[[-73.9348101107344,40.6966095212808],[-73.9288139989298,40.6933416669294]]},"properties":{"FID":230,"objectid":983,"shape_len":2045.03027693,"url":"http://web.mta.info/nyct/service/","name":"J-Z","rt_symbol":"J","id":2000366,"Shape__Length":822.032543490414}},{"type":"Feature","id":231,"geometry":{"type":"LineString","coordinates":[[-73.9357881128205,40.6971625212087],[-73.9348101107344,40.6966095212808]]},"properties":{"FID":231,"objectid":984,"shape_len":337.843155325,"url":"http://web.mta.info/nyct/service/","name":"J-Z","rt_symbol":"J","id":2000365,"Shape__Length":135.81410911873363}},{"type":"Feature","id":232,"geometry":{"type":"LineString","coordinates":[[-73.9672579997947,40.7626596672659],[-73.959131000483,40.7592296665138],[-73.9469380003809,40.7537646664094],[-73.944152000175,40.7525526662231]]},"properties":{"FID":232,"objectid":985,"shape_len":7385.38462504,"url":"http://web.mta.info/nyct/service/","name":"N-R-W","rt_symbol":"N","id":2000422,"Shape__Length":2970.4226617343011}},{"type":"Feature","id":233,"geometry":{"type":"LineString","coordinates":[[-73.9512770004101,40.724634665878],[-73.953641999978,40.7287726663955],[-73.9537120002873,40.7288996671927],[-73.9537790008794,40.7290306668007],[-73.9538440003293,40.7291646660603],[-73.9539060002498,40.7293006668114],[-73.9539640003697,40.7294386668576],[-73.9540199993196,40.7295796665678],[-73.9540730003803,40.7297236673481],[-73.9541220004122,40.7298696665368],[-73.9541690004245,40.7300186672013],[-73.9542129989565,40.7301706680452],[-73.9542540002327,40.7303246668074],[-73.9542919994993,40.7304806661906],[-73.9543260005095,40.7306396671679],[-73.9543580014345,40.7308016669329],[-73.9543850002307,40.7309666669992],[-73.9544490002033,40.7313516669109]]},"properties":{"FID":233,"objectid":986,"shape_len":2613.56016478,"url":"http://web.mta.info/nyct/service/","name":"G","rt_symbol":"G","id":2000327,"Shape__Length":1053.2679391825545}},{"type":"Feature","id":234,"geometry":{"type":"LineString","coordinates":[[-73.9578881178204,40.7083144952597],[-73.9535621188035,40.7068255000327]]},"properties":{"FID":234,"objectid":987,"shape_len":1316.36018045,"url":"http://web.mta.info/nyct/service/","name":"J-Z","rt_symbol":"J","id":2000361,"Shape__Length":528.88522591852609}},{"type":"Feature","id":235,"geometry":{"type":"LineString","coordinates":[[-73.956872000891,40.7173036669373],[-73.9723759989854,40.7269566671993],[-73.9724290006857,40.7269896664447],[-73.972484000931,40.7270216665782],[-73.9725400010409,40.7270546673892],[-73.9725990014697,40.7270886666506],[-73.9726600004515,40.7271216667913],[-73.9727230007193,40.7271556669386],[-73.9727879991366,40.7271896666229],[-73.9728549992568,40.7272236676427],[-73.972923999494,40.7272586668576],[-73.9729940004365,40.7272926667008],[-73.9730669993635,40.7273276667675],[-73.973142000789,40.7273636668195],[-73.9732190007883,40.7273986677226],[-73.9732980009282,40.7274346668016],[-73.9733790004303,40.7274706662886],[-73.9816280009944,40.7309526662865]]},"properties":{"FID":235,"objectid":988,"shape_len":8503.3457548,"url":"http://web.mta.info/nyct/service/","name":"L","rt_symbol":"L","id":2000516,"Shape__Length":3419.6683799378134}},{"type":"Feature","id":236,"geometry":{"type":"LineString","coordinates":[[-73.9690550013044,40.757551666517],[-73.9627049995069,40.7548716660348],[-73.9626300006676,40.7548386670213],[-73.9625550000373,40.7548026665735],[-73.9624810001282,40.7547666664028],[-73.9624069996784,40.7547296675234],[-73.9623349994058,40.7546926674494],[-73.9622640004183,40.7546546671966],[-73.9621939997812,40.7546166672275],[-73.9621240003613,40.7545766671934],[-73.9620560005453,40.7545376673362],[-73.9619890002183,40.7544966668453],[-73.9619230006098,40.7544556657455],[-73.9618570004697,40.7544136668473],[-73.9617930004985,40.7543716658729],[-73.9617289999976,40.7543286662019],[-73.9616690003187,40.7542846664644],[-73.9572509999831,40.7511816672596],[-73.9569160001488,40.7509746665141],[-73.9565830005908,40.7507776665607],[-73.9562509993797,40.7505906670372],[-73.9559200005726,40.7504126665919],[-73.9555900004739,40.7502436670338],[-73.9552609994555,40.7500846670334],[-73.9549330004065,40.7499346670396],[-73.9546050007561,40.7497946671287],[-73.9542790009865,40.7496636667325],[-73.9539539997001,40.7495426668312],[-73.9536289999461,40.7494296661077],[-73.9533050000614,40.7493276672548],[-73.9529829990058,40.7492336666006],[-73.9526609993298,40.7491506665295],[-73.9523439994053,40.7490746672605],[-73.9460000011079,40.7478456672058]]},"properties":{"FID":236,"objectid":989,"shape_len":7423.19157003,"url":"http://web.mta.info/nyct/service/","name":"E","rt_symbol":"A","id":2000286,"Shape__Length":2985.4213457742981}},{"type":"Feature","id":237,"geometry":{"type":"LineString","coordinates":[[-73.9877380007723,40.6907006665577],[-73.9875819995276,40.6909446663789],[-73.9875560000094,40.6909926663232],[-73.9875320010046,40.6910406664781],[-73.9875090004665,40.6910886676366],[-73.9874880002619,40.6911376658757],[-73.9874689993979,40.69118666703],[-73.9874520002458,40.6912356674986],[-73.9874370002558,40.6912856659511],[-73.987422998748,40.6913356663115],[-73.9874120010188,40.691385666098],[-73.9874020004075,40.6914366673628],[-73.9873940003456,40.6914876661441],[-73.9873869999623,40.691538666835],[-73.9873830008218,40.6915906665233],[-73.9873800001846,40.6916426672211],[-73.9873789989304,40.6916946663368],[-73.9873430002463,40.6923316672755],[-73.9873420005872,40.6923376663831]]},"properties":{"FID":237,"objectid":990,"shape_len":614.308435873,"url":"http://web.mta.info/nyct/service/","name":"F","rt_symbol":"B","id":2000236,"Shape__Length":247.49601730625307}},{"type":"Feature","id":238,"geometry":{"type":"LineString","coordinates":[[-73.976898505901,40.6844872939112],[-73.977416000127,40.6871806674955],[-73.9774239989674,40.6872276668684],[-73.9774370001815,40.6872726671807],[-73.9774519998249,40.6873166665118],[-73.97747199949,40.687358666779],[-73.9774949999264,40.6873986666883],[-73.9775219995841,40.687436666433],[-73.9775520012029,40.6874726667162],[-73.9775870001621,40.6875076665938],[-73.9776240002749,40.6875406668092],[-73.9776660001022,40.6875726657115],[-73.9777109998691,40.6876016664693],[-73.9777599997229,40.6876296666115],[-73.977811999183,40.6876556663701],[-73.9778679990646,40.6876796659336],[-73.9779280002185,40.6877026666672],[-73.9788050007826,40.6880676664739]]},"properties":{"FID":238,"objectid":991,"shape_len":1518.34819362,"url":"http://web.mta.info/nyct/service/","name":"B","rt_symbol":"B","id":2000450,"Shape__Length":611.29342403807811}},{"type":"Feature","id":239,"geometry":{"type":"LineString","coordinates":[[-73.9787376611822,40.6836027026062],[-73.9781979997535,40.6845976667979],[-73.9781690000107,40.6846406662396],[-73.9781429993237,40.6846826666731],[-73.9781180014135,40.684725667762],[-73.9780960010581,40.6847686676149],[-73.9780750005938,40.6848106671831],[-73.9780569985473,40.6848536668893],[-73.978039999618,40.6848966667839],[-73.9780259997736,40.6849386667777],[-73.9780140011335,40.6849816676228],[-73.9780030000364,40.6850236663853],[-73.9779949997435,40.6850666670917],[-73.9779880002185,40.6851096670883],[-73.9779840009843,40.6851516671874],[-73.9779809998283,40.6851946670475],[-73.9779800005583,40.6852366668195],[-73.9783040005801,40.6874456667735],[-73.9783120002852,40.6874956665942],[-73.9783230004049,40.6875446665086],[-73.9783380002523,40.6875936671748],[-73.9783569996274,40.6876396671794],[-73.9783799999294,40.6876856661314],[-73.9784059998129,40.6877296674019],[-73.9784359997775,40.6877726662438],[-73.9784689990099,40.687814666069],[-73.978505999839,40.6878546665915],[-73.9785469995812,40.6878936664764],[-73.9785919997457,40.6879306661498],[-73.9786400003766,40.6879666667925],[-73.9786910002941,40.6880016665993],[-73.9787469999613,40.688035665936],[-73.9788050007826,40.6880676664739]]},"properties":{"FID":239,"objectid":992,"shape_len":1720.26944879,"url":"http://web.mta.info/nyct/service/","name":"D","rt_symbol":"B","id":2000470,"Shape__Length":692.89835413703042}},{"type":"Feature","id":240,"geometry":{"type":"LineString","coordinates":[[-73.9776660000779,40.6843586665455],[-73.978708000644,40.6857806673091],[-73.9804919991462,40.6882456658448]]},"properties":{"FID":240,"objectid":993,"shape_len":1618.56830942,"url":"http://web.mta.info/nyct/service/","name":"2-3","rt_symbol":"1","id":2000083,"Shape__Length":651.59869839267219}},{"type":"Feature","id":241,"geometry":{"type":"LineString","coordinates":[[-73.9874950005814,40.7552896667699],[-73.9860090003424,40.7573416660786],[-73.9857860001287,40.7576376671918],[-73.9857089999245,40.7577576670629],[-73.9856380007648,40.7578796676503],[-73.9855690001232,40.75801366677],[-73.9855120010189,40.7581556665409],[-73.9854210003272,40.7583746668576],[-73.9853300003623,40.7586306670391],[-73.9850629991842,40.7594046661356],[-73.9849590000588,40.7597136671067],[-73.98484100074,40.7600166660661],[-73.9847249996214,40.7602826661224],[-73.984576999881,40.7605916671703],[-73.9844439988302,40.7608206665137],[-73.9842939997616,40.7610396659785],[-73.9838489999468,40.7617276673281]]},"properties":{"FID":241,"objectid":994,"shape_len":2567.10996394,"url":"http://web.mta.info/nyct/service/","name":"1-2-3","rt_symbol":"1","id":2000016,"Shape__Length":1034.8550769166659}},{"type":"Feature","id":242,"geometry":{"type":"LineString","coordinates":[[-73.981328999544,40.7586626674205],[-73.9797010002001,40.7608926666835]]},"properties":{"FID":242,"objectid":995,"shape_len":929.248344438,"url":"http://web.mta.info/nyct/service/","name":"B-D-F-M","rt_symbol":"B","id":2000340,"Shape__Length":374.50286718771929}},{"type":"Feature","id":243,"geometry":{"type":"LineString","coordinates":[[-73.9797010002001,40.7608926666835],[-73.9796220006575,40.7609846662928],[-73.9795369986814,40.7610656669186],[-73.9794479987003,40.7611376662249],[-73.9793539999991,40.7612006676251],[-73.9792549993619,40.7612536670443],[-73.9791519999275,40.7612966664523],[-73.9790440006807,40.7613306670176],[-73.9789309992897,40.7613556669247],[-73.978814000405,40.7613706658833],[-73.9786919994638,40.7613766659569],[-73.9785659999438,40.7613726677565],[-73.9784350008408,40.7613596670394],[-73.9782696305564,40.7613039820847],[-73.9780000295106,40.7612099641692],[-73.9775844103036,40.7610219505534],[-73.9767981139926,40.7606544691529]]},"properties":{"FID":243,"objectid":996,"shape_len":939.770412683,"url":"http://web.mta.info/nyct/service/","name":"M","rt_symbol":"B","id":2000342,"Shape__Length":378.00876996681}},{"type":"Feature","id":244,"geometry":{"type":"LineString","coordinates":[[-73.9800780968639,40.7623635723874],[-73.9766969993648,40.7607886671534]]},"properties":{"FID":244,"objectid":997,"shape_len":1098.42765514,"url":"http://web.mta.info/nyct/service/","name":"E","rt_symbol":"A","id":2000283,"Shape__Length":441.85802836720916}},{"type":"Feature","id":245,"geometry":{"type":"LineString","coordinates":[[-73.9797010002001,40.7608926666835],[-73.9796299994924,40.7610076674942],[-73.9795760013086,40.7611196662912],[-73.9795359990989,40.7612276666064],[-73.9795100000448,40.7613316666549],[-73.9794999991605,40.7614336659213],[-73.9795049999464,40.7615316660132],[-73.9795239993558,40.7616256667506],[-73.9795580014359,40.7617166660637],[-73.9796070003213,40.7618046666397],[-73.9796699991761,40.761888666923],[-73.979748999539,40.761968666342],[-73.9798420005328,40.7620466663351],[-73.9799499999985,40.7621206661214],[-73.9800730003349,40.7621906665598],[-73.9802119993573,40.7622586668933]]},"properties":{"FID":245,"objectid":998,"shape_len":584.781399521,"url":"http://web.mta.info/nyct/service/","name":"B-D","rt_symbol":"B","id":2000341,"Shape__Length":235.66773658491189}},{"type":"Feature","id":246,"geometry":{"type":"LineString","coordinates":[[-73.9766969993648,40.7607886671534],[-73.975223999975,40.7601666666912]]},"properties":{"FID":246,"objectid":999,"shape_len":466.766146792,"url":"http://web.mta.info/nyct/service/","name":"E","rt_symbol":"A","id":2000284,"Shape__Length":187.73320320392091}},{"type":"Feature","id":247,"geometry":{"type":"LineString","coordinates":[[-73.9719200008403,40.7571066667063],[-73.9679669994491,40.7625256671177]]},"properties":{"FID":247,"objectid":1000,"shape_len":2257.69751406,"url":"http://web.mta.info/nyct/service/","name":"4-5-6","rt_symbol":"4","id":2000122,"Shape__Length":909.89196450086979}},{"type":"Feature","id":248,"geometry":{"type":"LineString","coordinates":[[-73.9502749994436,40.7140626668135],[-73.9510680010885,40.7140646662475],[-73.9511459998248,40.7140646669557],[-73.9512219998583,40.714067666365],[-73.9512980000732,40.7140736662254],[-73.9513730004505,40.7140826661144],[-73.9514469993604,40.7140936673673],[-73.9515199996351,40.7141076659516],[-73.9515920012804,40.714124666372],[-73.9516639996032,40.714144667247],[-73.9517340004699,40.7141676668402],[-73.9518029999078,40.7141926660054],[-73.9518719995964,40.7142206674314],[-73.9519399995161,40.7142516670987],[-73.9520060008237,40.7142856672942],[-73.9520720000423,40.7143226661508],[-73.9521370014137,40.7143616663895],[-73.956872000891,40.7173036669373]]},"properties":{"FID":248,"objectid":1001,"shape_len":2237.10623174,"url":"http://web.mta.info/nyct/service/","name":"L","rt_symbol":"L","id":2000517,"Shape__Length":899.46636725232986}},{"type":"Feature","id":249,"geometry":{"type":"LineString","coordinates":[[-73.9406700009277,40.7119256673782],[-73.9419050005236,40.7143826663249],[-73.9419280002855,40.714428667005],[-73.9419540004321,40.7144716668908],[-73.9419830006522,40.7145106664135],[-73.9420150000756,40.7145466660375],[-73.9420499995719,40.7145786661942],[-73.9420890003604,40.714606666484],[-73.942130999166,40.7146316668658],[-73.9421760015885,40.714652666872],[-73.9422240008379,40.7146706669629],[-73.9422760013661,40.7146846662706],[-73.9423309995757,40.7146946660881],[-73.9423890005118,40.7147016659804],[-73.9424500002966,40.7147046663741],[-73.9425150001423,40.7147036668642],[-73.9425840003593,40.7146996670105],[-73.9440530004053,40.7145646662326]]},"properties":{"FID":249,"objectid":1002,"shape_len":1611.61475152,"url":"http://web.mta.info/nyct/service/","name":"L","rt_symbol":"L","id":2000519,"Shape__Length":648.58719950010072}},{"type":"Feature","id":250,"geometry":{"type":"LineString","coordinates":[[-73.9489160000113,40.7422156657746],[-73.9478420001772,40.742469666803],[-73.9472930003112,40.7426336675585],[-73.947006000061,40.7427276667631],[-73.9467060007197,40.7428386671139],[-73.94631499933,40.7429956663236],[-73.9451920002031,40.7434526669905],[-73.9450930004982,40.7435006672869],[-73.9450040001667,40.7435506677966],[-73.9449239999356,40.7436026671644],[-73.9448550002934,40.7436586663928],[-73.9447960008981,40.7437156663339],[-73.9447480009449,40.7437766661703],[-73.9447090011618,40.7438396667312],[-73.9446809989747,40.7439046662835],[-73.9446630002078,40.7439726657211],[-73.9446540005023,40.7440426677049],[-73.9446540002433,40.7441156672972],[-73.944663000642,40.7441916672001],[-73.9446850009401,40.7442696670678],[-73.9447220006159,40.7443486655885],[-73.9447709988564,40.7444336672262],[-73.9455489993602,40.7455656658217],[-73.9455649998263,40.7455966661244],[-73.9455800009886,40.7456276659526],[-73.9455930015239,40.7456596670975],[-73.9456039998802,40.7456916672954],[-73.9456129996061,40.7457236674487],[-73.945619000562,40.7457566666483],[-73.9456240002014,40.7457906667382],[-73.9456260006953,40.7458246672128],[-73.9456260005464,40.7458596672057],[-73.9456240005672,40.7458946671548],[-73.9456190002474,40.7459296665877],[-73.945612999781,40.7459656669113],[-73.9456040005175,40.7460026671815],[-73.9455930002262,40.7460396665057],[-73.9455790007607,40.7460766662126],[-73.945263999485,40.7470226675096]]},"properties":{"FID":250,"objectid":1003,"shape_len":2562.62378561,"url":"http://web.mta.info/nyct/service/","name":"7","rt_symbol":"7","id":2000170,"Shape__Length":1031.6403089771334}},{"type":"Feature","id":251,"geometry":{"type":"LineString","coordinates":[[-73.9391739999618,40.7501336660695],[-73.9390300003401,40.7500576664606],[-73.9388889992006,40.7499816664605],[-73.9387530012193,40.7499056671463],[-73.9386209998934,40.7498296670988],[-73.9384929999458,40.7497536663343],[-73.9383699995564,40.7496776672012],[-73.9382510005164,40.7496016664789],[-73.9381360004415,40.74952566688],[-73.9380259998805,40.7494496662535],[-73.9379200003712,40.7493726663144],[-73.9378180000378,40.7492966670973],[-73.9377199995492,40.7492196667877],[-73.9376269996989,40.7491426664003],[-73.9375380001606,40.7490666667677],[-73.9374549994115,40.7489906667209],[-73.9335559995092,40.7452196662162],[-73.9334970001481,40.7451706662048],[-73.9334349999409,40.7451246667183],[-73.9333710003824,40.7450806660672],[-73.9333039999726,40.7450396668329],[-73.9332350002065,40.7450006664262],[-73.933164000077,40.7449646662065],[-73.9330909993965,40.7449306675079],[-73.9330150002198,40.7448996666075],[-73.9329360011751,40.7448706675378],[-73.9328559998702,40.7448446665174],[-73.9327729988628,40.7448216659806],[-73.9326870003377,40.7448006672598],[-73.9325999993545,40.7447816670133],[-73.9325089993399,40.7447656675484],[-73.9324169993898,40.7447526661127],[-73.9309970010675,40.7445866666533]]},"properties":{"FID":251,"objectid":1004,"shape_len":3146.53973484,"url":"http://web.mta.info/nyct/service/","name":"7","rt_symbol":"7","id":2000174,"Shape__Length":1266.3911903929629}},{"type":"Feature","id":252,"geometry":{"type":"LineString","coordinates":[[-73.8355920014469,40.5809026661676],[-73.8339900009992,40.5813506676159],[-73.8339700017125,40.5813556663503],[-73.8339510015191,40.581361667009],[-73.8339310010407,40.581366667536],[-73.8339110005636,40.5813716662585],[-73.8338910000792,40.5813766667785],[-73.8338700003678,40.5813816667507],[-73.8338500010607,40.5813866663647],[-73.8338300005671,40.5813916668741],[-73.8338090008464,40.5813966668352],[-73.8337890015302,40.5814016664386],[-73.8337680018033,40.5814066663922],[-73.833747000892,40.5814116663401],[-73.8337260011566,40.5814166671865],[-73.833705000368,40.5814206666432],[-73.8336839994477,40.5814256665796],[-73.8335110009521,40.5814626671552],[-73.8334940005874,40.5814666660665],[-73.8334760023042,40.5814696657468],[-73.8334580003412,40.5814736668033],[-73.8334410011493,40.5814776666091],[-73.8334230003677,40.5814816658607],[-73.8334059998572,40.5814866661432],[-73.8333880002499,40.5814906662916],[-73.8333700006405,40.5814946664372],[-73.8333519997136,40.5814996670618],[-73.8333350005088,40.5815036668519],[-73.8333170007602,40.5815086665723],[-73.8332989998255,40.5815136671886],[-73.8332810012527,40.581518666905],[-73.833263001496,40.5815236666169],[-73.8332450005533,40.5815286672248],[-73.8305800005968,40.5822716677593],[-73.8305280009406,40.5822866667663],[-73.8304770004988,40.5823016663235],[-73.8304250007915,40.5823166670849],[-73.8303740003037,40.5823316665963],[-73.8303230009718,40.5823466669874],[-73.830271000016,40.5823616667767],[-73.8302200016404,40.5823776667068],[-73.8301700001171,40.5823936671872],[-73.8301190005117,40.5824096670707],[-73.8300680008819,40.5824256669315],[-73.8300180004697,40.582441666447],[-73.829967000604,40.5824586676469],[-73.829917000143,40.5824746671184],[-73.8298670006527,40.5824916670533],[-73.8298169999581,40.5825086660642],[-73.829499000845,40.5826216671084],[-73.8294440019816,40.5826416662947],[-73.8293900011473,40.5826616660362],[-73.8293360004704,40.5826806670698],[-73.829283000385,40.58269866728],[-73.829230002442,40.5827176661517],[-73.8291780005562,40.5827346673133],[-73.8291260008156,40.5827526662368],[-73.8290740002555,40.5827686668696],[-73.8290240015094,40.5827856673395],[-73.8289730013301,40.5828016667136],[-73.82892300057,40.5828166670696],[-73.8288740002189,40.5828316661922],[-73.8288250012243,40.5828456666132],[-73.8287770002764,40.5828596666996],[-73.8287300009169,40.5828736673586],[-73.8275590014136,40.583208666405]]},"properties":{"FID":252,"objectid":1005,"shape_len":2385.54536011,"url":"http://web.mta.info/nyct/service/","name":"A","rt_symbol":"A","id":2000278,"Shape__Length":956.49456555301754}},{"type":"Feature","id":253,"geometry":{"type":"LineString","coordinates":[[-73.9375940008705,40.8041376665024],[-73.9375699997915,40.8041716662471],[-73.9346850001951,40.8081176669216],[-73.9346619993968,40.8081486670478],[-73.9346390007448,40.808178666717],[-73.9346160008868,40.8082086663807],[-73.9345919995625,40.8082386672726],[-73.9345689992585,40.8082666669198],[-73.9345460015068,40.8082956670174],[-73.9345229997776,40.8083226662009],[-73.9345010008602,40.8083506673035],[-73.9344780012629,40.8083766669261],[-73.9344550004634,40.8084026656427],[-73.9344330010908,40.8084286667252],[-73.9344100000556,40.8084536658796],[-73.9343879992637,40.8084786673995],[-73.9343659994426,40.8085026675617],[-73.9343439994084,40.8085256663656],[-73.9309309990061,40.8120926661178]]},"properties":{"FID":253,"objectid":1006,"shape_len":3441.58987586,"url":"http://web.mta.info/nyct/service/","name":"4-5-6","rt_symbol":"4","id":2000131,"Shape__Length":1387.7326875937429}},{"type":"Feature","id":254,"geometry":{"type":"LineString","coordinates":[[-73.9309309990061,40.8120926661178],[-73.9307559994311,40.8122006667956],[-73.9305980011763,40.8122836661187],[-73.930440999701,40.8123526666893],[-73.930283999528,40.8124076670092],[-73.9301279998939,40.8124486667838],[-73.9299720004422,40.8124746667581],[-73.9298170006781,40.8124876666452],[-73.9296610009756,40.8124856661246],[-73.9295070002884,40.812470667031],[-73.9293520010483,40.8124406675303],[-73.9291989997086,40.8123966663092],[-73.9290450001372,40.8123386660339],[-73.9288920007028,40.812266667032],[-73.9287390011837,40.8121806659872],[-73.9285870005803,40.8120786662138],[-73.9271469992146,40.8109796667297],[-73.9271159996777,40.8109566673311],[-73.9270840009592,40.8109326668389],[-73.9270500005677,40.8109096673253],[-73.9270149999024,40.8108866662679],[-73.9269779997587,40.8108626670822],[-73.9269390003185,40.8108396670708],[-73.9269000009053,40.810816667046],[-73.9268580007117,40.8107946673585],[-73.9268150013483,40.8107716674686],[-73.9267709993469,40.8107486678262],[-73.9267250004243,40.8107266664504],[-73.9266770008547,40.8107036660322],[-73.9266280011042,40.810681666311],[-73.9265779998224,40.8106586672789],[-73.9265259992519,40.8106366674041],[-73.9261380005121,40.8104756670881]]},"properties":{"FID":254,"objectid":1007,"shape_len":1629.31908733,"url":"http://web.mta.info/nyct/service/","name":"6","rt_symbol":"4","id":2000148,"Shape__Length":656.04504138733432}},{"type":"Feature","id":255,"geometry":{"type":"LineString","coordinates":[[-73.9377539999813,40.8183706667758],[-73.9376199999818,40.8184926665939],[-73.937479999774,40.8186066665903],[-73.9373359999668,40.818711667379],[-73.9371870001845,40.8188076656991],[-73.9370339999339,40.8188956670315],[-73.9368769990214,40.8189746673069],[-73.93671499968,40.8190456664134],[-73.9365480005327,40.8191076665792],[-73.9363780001109,40.819160666184],[-73.9362019998003,40.8192056667089],[-73.9360230007025,40.8192416675391],[-73.9358390010726,40.819269667098],[-73.9356510011768,40.8192886663689],[-73.9354579994758,40.8192986665726],[-73.9352600005757,40.8192986663344],[-73.9315010010375,40.8193346665699],[-73.9313340002392,40.8193296667372],[-73.9311650005329,40.8193216659149],[-73.9309960004205,40.8193106661909],[-73.9308270000713,40.8192976671164],[-73.9306570002631,40.8192826662896],[-73.9304859995422,40.8192636664036],[-73.9303160002519,40.819242666866],[-73.9301440011356,40.819219665863],[-73.9299730009747,40.8191936674566],[-73.9298010001345,40.8191646668318],[-73.9296280011349,40.8191336671388],[-73.9294550019211,40.819099666731],[-73.9292820014525,40.81906366696],[-73.9291080003896,40.8190246667594],[-73.928934999716,40.8189836669092],[-73.9277820002117,40.8186846663868]]},"properties":{"FID":255,"objectid":1008,"shape_len":2900.50945978,"url":"http://web.mta.info/nyct/service/","name":"2","rt_symbol":"1","id":2000048,"Shape__Length":1166.9413862171875}},{"type":"Feature","id":256,"geometry":{"type":"LineString","coordinates":[[-73.9362449990513,40.8204206674098],[-73.9357000010313,40.8211566673554],[-73.9356880004985,40.8211736665359],[-73.9356770013799,40.8211896658224],[-73.9356650003963,40.8212046667989],[-73.9356540010473,40.8212196674325],[-73.9356420010224,40.8212336661547],[-73.9356300009907,40.8212476666765],[-73.9356179997686,40.8212616671964],[-73.9356059997268,40.8212756677157],[-73.9355939994638,40.8212886668817],[-73.9355819989783,40.8213006664954],[-73.9355700010751,40.8213136674612],[-73.9355570013107,40.8213256665139],[-73.9355450005946,40.8213366665727],[-73.935531999418,40.8213476669713],[-73.9355190003927,40.8213576660178],[-73.9352420014124,40.8216286664249],[-73.9352250005312,40.8216446667989],[-73.9352079994305,40.8216596667188],[-73.9351919999682,40.8216746671992],[-73.9351769999876,40.8216906659891],[-73.9351629992747,40.8217066662393],[-73.9351490011362,40.8217236669405],[-73.9351350015949,40.8217396671879],[-73.9351230010218,40.82175766766],[-73.9351110002331,40.8217746667788],[-73.935098999648,40.8217926663477],[-73.935089001168,40.8218106661419],[-73.9350780000582,40.821829665822],[-73.9350689998687,40.8218486666276],[-73.9350599996749,40.8218676665321],[-73.9350520001496,40.8218876665502],[-73.9348090001151,40.8224936669088],[-73.9347720001487,40.8225676667666],[-73.9347449999112,40.8226406664167],[-73.9347250009477,40.8227096673179],[-73.934714001094,40.8227766670051],[-73.934710000196,40.8228396670478],[-73.9347150008283,40.8229006667818],[-73.9347279999587,40.8229586669878],[-73.9347480006815,40.8230136670992],[-73.934776999234,40.823065667341],[-73.9348139998935,40.8231146662431],[-73.9348590005052,40.8231616669493],[-73.9349110001856,40.8232046670826],[-73.9349720003238,40.8232456677639],[-73.9350410012146,40.8232826666132],[-73.9351180009055,40.8233176672188],[-73.9364700003745,40.8238796667208]]},"properties":{"FID":256,"objectid":1009,"shape_len":1636.63708445,"url":"http://web.mta.info/nyct/service/","name":"3","rt_symbol":"1","id":2000047,"Shape__Length":659.86731641187532}},{"type":"Feature","id":257,"geometry":{"type":"LineString","coordinates":[[-73.9273510003655,40.8183746670669],[-73.9264690018568,40.8202556660551],[-73.9263979995899,40.8204116668969],[-73.9263410004535,40.8205626662749],[-73.926291000552,40.8207126660419],[-73.926251000019,40.8208606667739],[-73.926217999943,40.8210066674631],[-73.9261940001728,40.8211516662451],[-73.9261790007643,40.8212956667276],[-73.9261710007883,40.8214376662812],[-73.9261730005585,40.8215786663792],[-73.9261819998616,40.8217176673508],[-73.9261999997471,40.8218556673243],[-73.9262260009119,40.8219916670061],[-73.9262610003917,40.8221266665792],[-73.9263040000606,40.8222596676477],[-73.9263499998198,40.8223886670071],[-73.9270260005267,40.8243706671917],[-73.9270700008181,40.8244716667333],[-73.927105999771,40.8245616661439],[-73.9271320006011,40.8246486668766],[-73.9271650001144,40.8247726670942],[-73.9271910009258,40.8249096669413],[-73.9272100002872,40.8251076673489],[-73.9272080005143,40.8253156662053],[-73.9271480010157,40.8256236662992],[-73.9270740002268,40.8258466660086],[-73.9269719990589,40.8260636659413],[-73.9268400010497,40.8262896670144],[-73.9258309999975,40.8279936667704]]},"properties":{"FID":257,"objectid":1010,"shape_len":3667.43606267,"url":"http://web.mta.info/nyct/service/","name":"4","rt_symbol":"4","id":2000136,"Shape__Length":1480.2897193877918}},{"type":"Feature","id":258,"geometry":{"type":"LineString","coordinates":[[-73.9407699989931,40.814228667154],[-73.9377539999813,40.8183706667758]]},"properties":{"FID":258,"objectid":1011,"shape_len":1724.59976747,"url":"http://web.mta.info/nyct/service/","name":"2-3","rt_symbol":"1","id":2000045,"Shape__Length":695.63313957419291}},{"type":"Feature","id":259,"geometry":{"type":"LineString","coordinates":[[-73.9377539999813,40.8183706667758],[-73.9362449990513,40.8204206674098]]},"properties":{"FID":259,"objectid":1012,"shape_len":855.739355754,"url":"http://web.mta.info/nyct/service/","name":"3","rt_symbol":"1","id":2000046,"Shape__Length":345.18110776308623}},{"type":"Feature","id":260,"geometry":{"type":"LineString","coordinates":[[-73.9298489997073,40.8132236664052],[-73.9292810006768,40.8138806663718],[-73.929243999976,40.8139306663039],[-73.9292090012169,40.8139816670051],[-73.9291740000345,40.8140326667933],[-73.9291420011453,40.8140846670673],[-73.9291099998354,40.8141366673305],[-73.9290800003589,40.8141886670147],[-73.929051001304,40.8142416668585],[-73.9290230001821,40.8142946673089],[-73.9289970009037,40.8143476671839],[-73.9289720008693,40.8144016663197],[-73.9289490003132,40.8144556666819],[-73.9289270001905,40.8145106672078],[-73.9289060003871,40.8145656665448],[-73.9288859997173,40.8146206673943],[-73.9288680010303,40.8146766663256],[-73.9282140234152,40.8164146384554]]},"properties":{"FID":260,"objectid":1013,"shape_len":1257.74226433,"url":"http://web.mta.info/nyct/service/","name":"4-5","rt_symbol":"4","id":2000133,"Shape__Length":507.48867170829544}},{"type":"Feature","id":261,"geometry":{"type":"LineString","coordinates":[[-73.9683790009514,40.7994456671505],[-73.9682099991977,40.7997716662415],[-73.9680819995908,40.8001236666371],[-73.9679800001977,40.8005096661385],[-73.9679289995857,40.8008696670088],[-73.9678320002593,40.8019836662311],[-73.9677890000105,40.8022976663013],[-73.9677190004099,40.8026046664088],[-73.9676489998386,40.8027806672936],[-73.9675820000378,40.8029286670641],[-73.9674650001705,40.803120667271],[-73.9673130007866,40.8033236678328],[-73.9668470007111,40.8039666673309]]},"properties":{"FID":261,"objectid":1014,"shape_len":1724.99641527,"url":"http://web.mta.info/nyct/service/","name":"1","rt_symbol":"1","id":2000025,"Shape__Length":696.03873160105582}},{"type":"Feature","id":262,"geometry":{"type":"LineString","coordinates":[[-73.9555890000724,40.7794916668248],[-73.9510699994185,40.7856716658992]]},"properties":{"FID":262,"objectid":1015,"shape_len":2576.01073562,"url":"http://web.mta.info/nyct/service/","name":"4-5-6","rt_symbol":"4","id":2000126,"Shape__Length":1038.5277001339659}},{"type":"Feature","id":263,"geometry":{"type":"LineString","coordinates":[[-73.9510699994185,40.7856716658992],[-73.9474780006002,40.7905996668988]]},"properties":{"FID":263,"objectid":1016,"shape_len":2052.55537521,"url":"http://web.mta.info/nyct/service/","name":"4-5-6","rt_symbol":"4","id":2000127,"Shape__Length":827.567232256388}},{"type":"Feature","id":264,"geometry":{"type":"LineString","coordinates":[[-73.9474780006002,40.7905996668988],[-73.9442500007061,40.7950196660294]]},"properties":{"FID":264,"objectid":1017,"shape_len":1841.78229958,"url":"http://web.mta.info/nyct/service/","name":"4-5-6","rt_symbol":"4","id":2000128,"Shape__Length":742.63579716040772}},{"type":"Feature","id":265,"geometry":{"type":"LineString","coordinates":[[-73.9523430007041,40.811108666929],[-73.9522999994726,40.8111666673115],[-73.9522559992978,40.8112226663581],[-73.9522100008091,40.81127866636],[-73.9521639986874,40.8113346663416],[-73.9521169992716,40.8113896663378],[-73.9520679991634,40.8114446663831],[-73.9520190013447,40.811499666408],[-73.9519689991163,40.8115536673414],[-73.9519169997441,40.8116076665193],[-73.9518649998245,40.8116606670212],[-73.9518110003847,40.8117136675639],[-73.9517570008594,40.8117666671805],[-73.9517009989772,40.8118186672807],[-73.9516450005631,40.8118706673547],[-73.9515859999331,40.811922667041],[-73.9506040009633,40.8129056667201],[-73.9505679997129,40.8129376675763],[-73.9505330003867,40.8129706666021],[-73.9504980010252,40.8130036665176],[-73.9504639988447,40.8130376673034],[-73.9504300006266,40.8130726667324],[-73.9503970007739,40.8131086670333],[-73.9503629993677,40.8131446668933],[-73.9503310009613,40.8131806676061],[-73.9502979995079,40.8132186678821],[-73.9502660007227,40.8132566667799],[-73.9502340011523,40.8132956670215],[-73.9502030018805,40.8133346667854],[-73.9501719998897,40.8133756665443],[-73.9501409997947,40.8134156667433],[-73.950112000459,40.8134586673562],[-73.9492019993363,40.8147036658487],[-73.9491740002157,40.8147406666451],[-73.9491470002364,40.8147776669748],[-73.9491209994002,40.8148146668382],[-73.949095000141,40.8148526662482],[-73.9490700004453,40.8148916665459],[-73.9490460006604,40.8149296668276],[-73.9490230004431,40.8149686661973],[-73.9490000006167,40.8150086669152],[-73.9489769995781,40.8150486667272],[-73.9489560004213,40.8150886665202],[-73.9489349992856,40.8151296676609],[-73.948914000496,40.8151706669977],[-73.9488950000372,40.8152116672161],[-73.9488749996082,40.8152536665396],[-73.9488570003008,40.8152966662987],[-73.9476489993793,40.8178936669265]]},"properties":{"FID":265,"objectid":1018,"shape_len":2816.09055204,"url":"http://web.mta.info/nyct/service/","name":"A-C","rt_symbol":"A","id":2000209,"Shape__Length":1135.9007872157761}},{"type":"Feature","id":266,"geometry":{"type":"LineString","coordinates":[[-73.9416170010336,40.7986286670166],[-73.9375940008705,40.8041376665024]]},"properties":{"FID":266,"objectid":1019,"shape_len":2295.45145478,"url":"http://web.mta.info/nyct/service/","name":"4-5-6","rt_symbol":"4","id":2000130,"Shape__Length":925.68116030029853}},{"type":"Feature","id":267,"geometry":{"type":"LineString","coordinates":[[-73.8616040015409,40.7298456658014],[-73.8543780008701,40.7272156670402],[-73.8542820007124,40.7271786670002],[-73.854184001393,40.7271416661493],[-73.8540850015976,40.7271026666154],[-73.8539830020707,40.7270616676617],[-73.8538790010414,40.7270206660772],[-73.8537730003483,40.7269766676629],[-73.8536650005373,40.7269326666098],[-73.8535539998567,40.7268866670085],[-73.8534420011391,40.7268386668968],[-73.8533270017492,40.7267896677896],[-73.8532100007413,40.7267396673496],[-73.8530910015102,40.7266876669091],[-73.8529690004599,40.7266346674481],[-73.8528460002554,40.7265796656467],[-73.85271900143,40.72652266667]]},"properties":{"FID":267,"objectid":1020,"shape_len":2744.88898538,"url":"http://web.mta.info/nyct/service/","name":"E","rt_symbol":"A","id":2000303,"Shape__Length":1103.2860432320908}},{"type":"Feature","id":268,"geometry":{"type":"LineString","coordinates":[[-73.8600100007007,40.6924346666541],[-73.8599330008796,40.6924436672565],[-73.859857000747,40.6924526663232],[-73.8597800006203,40.6924606672522],[-73.8597040004477,40.6924696662179],[-73.8596270014661,40.692477667046],[-73.8595510019134,40.6924846676706],[-73.8594740005338,40.6924926665924],[-73.8593980006915,40.6924986666445],[-73.8593210013845,40.6925056667963],[-73.8592450003306,40.6925116667459],[-73.8591680004846,40.6925166667529],[-73.8590920005875,40.6925226666028],[-73.8590160013565,40.6925266663616],[-73.8589390014741,40.6925316671159],[-73.858862001584,40.6925366660176],[-73.8556070011632,40.6927206671515],[-73.8554760014491,40.6927276672061],[-73.8553449999322,40.6927376667221],[-73.8552150020245,40.692749666493],[-73.8550870003266,40.6927636668716],[-73.8549610007457,40.6927796669715],[-73.8548360001999,40.6927986669057],[-73.8547120008511,40.6928196671096],[-73.8545900000345,40.692842667946],[-73.8544700012983,40.6928676658237],[-73.8543510015412,40.6928956662542],[-73.8542330005736,40.6929256669682],[-73.8541170004676,40.692957667438],[-73.8540030000343,40.6929916667674],[-73.8538900009072,40.6930286659672],[-73.8537770006418,40.6930666664264],[-73.8515760008431,40.693878666469]]},"properties":{"FID":268,"objectid":1021,"shape_len":2430.07650607,"url":"http://web.mta.info/nyct/service/","name":"J-Z","rt_symbol":"J","id":2000379,"Shape__Length":975.76697353906741}},{"type":"Feature","id":269,"geometry":{"type":"LineString","coordinates":[[-73.8363450014811,40.6974176670126],[-73.8362940003218,40.6974496671856],[-73.8362430003877,40.6974806668668],[-73.8361910017162,40.6975126664752],[-73.8361380008467,40.6975446655339],[-73.8360840013204,40.6975766667478],[-73.8360290007786,40.6976086665101],[-73.8359740000889,40.697641666717],[-73.8359180008379,40.6976736668039],[-73.8358610004688,40.6977066668073],[-73.8358030014396,40.6977396671587],[-73.8357449999888,40.6977726665769],[-73.8356850000879,40.6978056667147],[-73.8356250013084,40.6978386677233],[-73.8355650012909,40.6978716668977],[-73.8355030015352,40.6979056663553],[-73.832747000685,40.6994036668614],[-73.8326810002853,40.6994356670461],[-73.8326150012964,40.6994656662533],[-73.8325490010626,40.6994956663213],[-73.8324840020568,40.6995236668671],[-73.832418999449,40.6995516664703],[-73.8323550004428,40.6995776674576],[-73.832291000208,40.6996036666064],[-73.8322270014068,40.6996276656806],[-73.8321640013352,40.6996506675058],[-73.8321020010408,40.6996736671529],[-73.8320390011953,40.6996946661673],[-73.8319780010917,40.6997146666953],[-73.8319160011369,40.6997346666313],[-73.8318550012712,40.6997526670533],[-73.8317940001918,40.6997706665407],[-73.8305820007789,40.7000776669758],[-73.8305260002259,40.7000906662953],[-73.8304679998285,40.7001046667148],[-73.8304100007709,40.7001176657357],[-73.8303500008571,40.7001306671813],[-73.8302900007441,40.7001446672651],[-73.8302279999597,40.7001576665974],[-73.830166000332,40.7001706667985],[-73.8301020020352,40.7001846671883],[-73.8300370005244,40.7001976664908],[-73.8299720001669,40.7002106675594],[-73.8299049999563,40.7002246670071],[-73.8298370000802,40.7002376662682],[-73.8297680003507,40.7002506667118],[-73.8296980017656,40.7002646670075],[-73.8296270011499,40.7002776671076],[-73.8282940013407,40.7004916663423]]},"properties":{"FID":269,"objectid":1022,"shape_len":2535.95020917,"url":"http://web.mta.info/nyct/service/","name":"J-Z","rt_symbol":"J","id":2000382,"Shape__Length":1018.9597595099737}},{"type":"Feature","id":270,"geometry":{"type":"LineString","coordinates":[[-73.8893950001582,40.6654486677756],[-73.8948950001195,40.6646346676617]]},"properties":{"FID":270,"objectid":1023,"shape_len":1554.39708876,"url":"http://web.mta.info/nyct/service/","name":"3","rt_symbol":"1","id":2000097,"Shape__Length":623.80246343095223}},{"type":"Feature","id":271,"geometry":{"type":"LineString","coordinates":[[-73.9005710012041,40.6640376669537],[-73.9019749997466,40.6693666670054]]},"properties":{"FID":271,"objectid":1024,"shape_len":1980.18937246,"url":"http://web.mta.info/nyct/service/","name":"L","rt_symbol":"L","id":2000531,"Shape__Length":797.54864106852551}},{"type":"Feature","id":272,"geometry":{"type":"LineString","coordinates":[[-73.8903580007919,40.6727096676717],[-73.8938300000446,40.672195666894],[-73.8940940003053,40.6721586666825],[-73.8943400002786,40.6721396668567],[-73.8945720005496,40.6721376662223],[-73.8947900008984,40.6721536671377],[-73.894993999914,40.6721856669339],[-73.8951840004919,40.6722356666337],[-73.8953599999773,40.6723016671586],[-73.8955220012389,40.6723856668195],[-73.8956710005925,40.6724866670059],[-73.8958050004607,40.6726046668592],[-73.895924999471,40.6727386668613],[-73.8960319998351,40.6728906662053],[-73.8961240003524,40.6730606667218],[-73.8962019999664,40.6732466675006],[-73.8962640013319,40.6734476671958],[-73.8965480003734,40.6745416666795]]},"properties":{"FID":272,"objectid":1025,"shape_len":2325.37360128,"url":"http://web.mta.info/nyct/service/","name":"A-C","rt_symbol":"A","id":2000250,"Shape__Length":934.43677688092282}},{"type":"Feature","id":273,"geometry":{"type":"LineString","coordinates":[[-73.9019749997466,40.6693666670054],[-73.90231000102,40.6707026675095],[-73.9023140003348,40.6707256664797],[-73.902318999649,40.6707506672452],[-73.9023260003778,40.6707746665348],[-73.9023329996465,40.6707996662958],[-73.9023400012846,40.6708246669589],[-73.9023490005104,40.6708496666155],[-73.9023580009242,40.6708746671728],[-73.9023679992656,40.6709006663478],[-73.9023790005435,40.6709266672734],[-73.9023900009299,40.6709516668234],[-73.9024020001458,40.6709786672655],[-73.9024150002195,40.6710046671815],[-73.9024290008706,40.671030667044],[-73.9024430012533,40.671057666477],[-73.9024580010315,40.6710846667557],[-73.9024699996124,40.6711056661519],[-73.902480999995,40.6711266674021],[-73.9024920001085,40.6711486664227],[-73.9025030002278,40.6711706663427],[-73.9025130006892,40.6711936658875],[-73.9025230008766,40.6712176668049],[-73.9025329998911,40.6712416659193],[-73.9025430000929,40.6712656668347],[-73.9025520015406,40.671291666949],[-73.9025610009102,40.6713166656871],[-73.9025690003382,40.6713436663248],[-73.9025770009555,40.6713706669629],[-73.9025850015806,40.6713976666997],[-73.9025930007511,40.6714256669079],[-73.9025990008706,40.671454665896],[-73.903274000034,40.6740986676358],[-73.9032830001238,40.6741366670518],[-73.9032900001764,40.6741746674873],[-73.9032970005061,40.6742116665491],[-73.9033020007939,40.6742486666309],[-73.9033060016525,40.6742856676735],[-73.9033089995372,40.6743226660718],[-73.9033110006187,40.674358667662],[-73.9033110004707,40.6743946666697],[-73.9033109991386,40.6744306665767],[-73.903309000117,40.6744666666058],[-73.9033060007416,40.6745016662218],[-73.9033019995591,40.6745366667966],[-73.9032970001188,40.674571666532],[-73.9032900006127,40.6746066672875],[-73.9032830001859,40.6746406666685],[-73.9030969995401,40.6753446664081]]},"properties":{"FID":273,"objectid":1026,"shape_len":2223.34005514,"url":"http://web.mta.info/nyct/service/","name":"L","rt_symbol":"L","id":2000530,"Shape__Length":895.55077462783345}},{"type":"Feature","id":274,"geometry":{"type":"LineString","coordinates":[[-73.9897350009096,40.7573076671657],[-73.985984000334,40.7624556669738]]},"properties":{"FID":274,"objectid":1027,"shape_len":2144.21166258,"url":"http://web.mta.info/nyct/service/","name":"A-C-E","rt_symbol":"A","id":2000197,"Shape__Length":864.157384021026}},{"type":"Feature","id":275,"geometry":{"type":"LineString","coordinates":[[-73.9581580002601,40.8006046665807],[-73.9548819995775,40.8050846672061]]},"properties":{"FID":275,"objectid":1028,"shape_len":1867.28240449,"url":"http://web.mta.info/nyct/service/","name":"A-C","rt_symbol":"A","id":2000207,"Shape__Length":753.02950670541145}},{"type":"Feature","id":276,"geometry":{"type":"LineString","coordinates":[[-73.9819699993171,40.7784526665995],[-73.9819060011403,40.7788216661503],[-73.981757000332,40.7794256670539],[-73.9813140004433,40.7809956671631],[-73.9809239994771,40.7821546670114],[-73.9808470000227,40.7823736661533],[-73.9807480003778,40.7826216667208],[-73.9806640012793,40.7827936664764],[-73.9805720003603,40.7829696666465],[-73.9804730000856,40.7831486669245],[-73.9803710004922,40.7833126669477],[-73.9799170006619,40.7839336664048]]},"properties":{"FID":276,"objectid":1029,"shape_len":2088.89593616,"url":"http://web.mta.info/nyct/service/","name":"1-2-3","rt_symbol":"1","id":2000020,"Shape__Length":842.61881374387042}},{"type":"Feature","id":277,"geometry":{"type":"LineString","coordinates":[[-73.9762179998974,40.7886436666534],[-73.9759419996396,40.7889566666668],[-73.9723229992958,40.7939186671292]]},"properties":{"FID":277,"objectid":1030,"shape_len":2204.27013714,"url":"http://web.mta.info/nyct/service/","name":"1-2-3","rt_symbol":"1","id":2000022,"Shape__Length":888.76190701594317}},{"type":"Feature","id":278,"geometry":{"type":"LineString","coordinates":[[-73.9774500001648,40.7639716659353],[-73.9756369998204,40.7664566662497],[-73.9754339997505,40.7666596669461],[-73.9752139999998,40.7668336665006],[-73.9749829997998,40.7669816665994],[-73.9747400013164,40.7671056678786],[-73.9744870008617,40.7672046675445],[-73.9742219990005,40.7672796673455],[-73.9739450003148,40.7673286662814],[-73.9736579992582,40.7673526669827],[-73.9733590004074,40.7673516671126],[-73.9730490009703,40.7673266672705],[-73.9727270012853,40.7672756671118],[-73.9723939993863,40.7672006667931],[-73.972050001247,40.7670996671012],[-73.9716950005486,40.7669746670533],[-73.9713300004964,40.7668266672555]]},"properties":{"FID":278,"objectid":1031,"shape_len":2378.4138897,"url":"http://web.mta.info/nyct/service/","name":"F","rt_symbol":"B","id":2000344,"Shape__Length":957.45230860285756}},{"type":"Feature","id":279,"geometry":{"type":"LineString","coordinates":[[-73.979498999963,40.7662536674799],[-73.9794379994742,40.7663286658786],[-73.9793749996943,40.7663956674122],[-73.9793080001942,40.766454667216],[-73.9792389987552,40.7665066670033],[-73.9791659991229,40.7665496672914],[-73.9790910002724,40.7665846661938],[-73.9790119994059,40.7666116669439],[-73.9789310002372,40.7666316667578],[-73.9788459994191,40.7666426661449],[-73.9787589994858,40.7666456677265],[-73.9786680000171,40.7666406675257],[-73.9785750003142,40.7666276668052],[-73.9784780002827,40.7666056665278],[-73.9783789997676,40.7665766670776],[-73.9782759998638,40.7665396667123],[-73.9742169989261,40.7648246665769],[-73.9741930000019,40.7648156660686],[-73.9741700003026,40.7648076671399],[-73.9741459998182,40.7647996670814],[-73.9741210005292,40.7647926663531],[-73.9740970004626,40.7647866663041],[-73.9740730000109,40.7647816667099],[-73.9740479999567,40.7647766668856],[-73.9740240003067,40.764772666841],[-73.9739990006635,40.7647696661251],[-73.9739739994467,40.7647676667641],[-73.9739490006003,40.7647656673981],[-73.9739240001796,40.7647646675859],[-73.9738979997622,40.7647646662007],[-73.9738730009265,40.7647656672978],[-73.973847000116,40.764766666361],[-73.9733470006038,40.7648106665688]]},"properties":{"FID":279,"objectid":1032,"shape_len":1935.33601044,"url":"http://web.mta.info/nyct/service/","name":"N-R-W","rt_symbol":"N","id":2000424,"Shape__Length":778.3985249031241}},{"type":"Feature","id":280,"geometry":{"type":"LineString","coordinates":[[-73.9841379994871,40.7649856660554],[-73.9817359992529,40.7682956658355]]},"properties":{"FID":280,"objectid":1033,"shape_len":1377.31804266,"url":"http://web.mta.info/nyct/service/","name":"A-C","rt_symbol":"A","id":2000200,"Shape__Length":555.14410985550137}},{"type":"Feature","id":281,"geometry":{"type":"LineString","coordinates":[[-73.981929000049,40.7682466665497],[-73.9820119986914,40.7684536665866],[-73.9820529988788,40.7685816669525],[-73.9820780015093,40.7686946669279],[-73.9820880011442,40.768793667138],[-73.9820980000205,40.7692216662899],[-73.9822090000468,40.7734396673343]]},"properties":{"FID":281,"objectid":1034,"shape_len":1897.78935708,"url":"http://web.mta.info/nyct/service/","name":"1-2-3","rt_symbol":"1","id":2000018,"Shape__Length":765.643357756746}},{"type":"Feature","id":282,"geometry":{"type":"LineString","coordinates":[[-73.983698001237,40.7637306675269],[-73.9838089996911,40.763793666243],[-73.9839100002797,40.7638606661967],[-73.9839990004909,40.7639306675764],[-73.9840770001336,40.7640026664859],[-73.9841419997485,40.7640776667345],[-73.9841949998449,40.7641566671404],[-73.9842369995138,40.7642366664765],[-73.9842659988092,40.7643206676629],[-73.9842840006786,40.7644076669203],[-73.9842890001909,40.7644966662221],[-73.9842569375039,40.7645852579386],[-73.9841895067712,40.7646706723211],[-73.9841333116232,40.7647475460295],[-73.9840771175294,40.7648244215109],[-73.983964736868,40.7649354578822]]},"properties":{"FID":282,"objectid":1035,"shape_len":522.461416331,"url":"http://web.mta.info/nyct/service/","name":"B-D","rt_symbol":"B","id":2000279,"Shape__Length":210.53872582854913}},{"type":"Feature","id":283,"geometry":{"type":"LineString","coordinates":[[-73.9953549591134,40.6314654010801],[-73.9953399579655,40.63152140017],[-73.9953249579043,40.6315784006352],[-73.9953099578175,40.6316354001975],[-73.9952959587935,40.6316934002755],[-73.9952819585631,40.6317514003514],[-73.995268958287,40.6318093995658],[-73.9952559567351,40.6318684001559],[-73.9952439574335,40.631928400362],[-73.9952319569282,40.6319883996659],[-73.9952199564013,40.6320484007692],[-73.9952089569462,40.6321094005884],[-73.9951989573831,40.6321714000244],[-73.9951889566192,40.6322334003596],[-73.9951789570189,40.6322954006936],[-73.9951709573012,40.6323583997861],[-73.9946699489133,40.6362903996828]]},"properties":{"FID":283,"objectid":1036,"shape_len":1768.7549606,"url":"http://web.mta.info/nyct/service/","name":"D","rt_symbol":"B","id":2000488,"Shape__Length":712.11534623912416}},{"type":"Feature","id":284,"geometry":{"type":"LineString","coordinates":[[-73.961638999733,40.6292696668899],[-73.9618340002049,40.6300546670121],[-73.9618440004614,40.6300926659539],[-73.9618540013389,40.6301316662727],[-73.9618629999494,40.6301726663119],[-73.9618730008888,40.6302136675832],[-73.9618830000893,40.630255665728],[-73.9618920005663,40.6302996671968],[-73.9619010010567,40.630343665963],[-73.9619110003742,40.6303896660137],[-73.9619200003587,40.6304366662096],[-73.9619290015373,40.6304836673053],[-73.9619380004069,40.6305326666523],[-73.9619469999008,40.6305826673762],[-73.9619560000209,40.6306336667755],[-73.9619639996229,40.63068566632],[-73.9619729998117,40.6307386666718],[-73.9627929993467,40.635081666773]]},"properties":{"FID":284,"objectid":1037,"shape_len":2141.86684704,"url":"http://web.mta.info/nyct/service/","name":"B","rt_symbol":"B","id":2000458,"Shape__Length":862.27684421537094}},{"type":"Feature","id":285,"geometry":{"type":"LineString","coordinates":[[-73.8574730018991,40.8931926660954],[-73.8551239991444,40.8974506665388],[-73.8549400005075,40.8977156661786],[-73.854783999364,40.8978996660815],[-73.8543760009158,40.8983786667419]]},"properties":{"FID":285,"objectid":1038,"shape_len":2078.45050079,"url":"http://web.mta.info/nyct/service/","name":"2","rt_symbol":"1","id":2000068,"Shape__Length":839.55726564160841}},{"type":"Feature","id":286,"geometry":{"type":"LineString","coordinates":[[-73.9267179999434,40.8184096668285],[-73.9177569994499,40.8161086670506]]},"properties":{"FID":286,"objectid":1039,"shape_len":2618.18868792,"url":"http://web.mta.info/nyct/service/","name":"2","rt_symbol":"1","id":2000050,"Shape__Length":1053.3895111841484}},{"type":"Feature","id":287,"geometry":{"type":"LineString","coordinates":[[-73.9258309999975,40.8279936667704],[-73.9214000017937,40.835536667057]]},"properties":{"FID":287,"objectid":1040,"shape_len":3009.34171122,"url":"http://web.mta.info/nyct/service/","name":"4","rt_symbol":"4","id":2000137,"Shape__Length":1214.4446709640163}},{"type":"Feature","id":288,"geometry":{"type":"LineString","coordinates":[[-73.9261380005121,40.8104756670881],[-73.9192400006826,40.8075656675941]]},"properties":{"FID":288,"objectid":1041,"shape_len":2184.13818589,"url":"http://web.mta.info/nyct/service/","name":"6","rt_symbol":"4","id":2000149,"Shape__Length":879.09895992288159}},{"type":"Feature","id":289,"geometry":{"type":"LineString","coordinates":[[-73.9256509993115,40.827904666564],[-73.9245980000845,40.8276006662957],[-73.9242979998537,40.8275036673891],[-73.924013000184,40.8274286667843],[-73.9237420002712,40.8273776666338],[-73.9234860014164,40.8273476663499],[-73.9232439993487,40.8273416667161],[-73.9230160008595,40.8273576669243],[-73.9228019998311,40.8273966666034],[-73.9226030001703,40.8274586665049],[-73.9224190016936,40.8275426662552],[-73.9222479996323,40.827649666825],[-73.9220919997066,40.8277786673747],[-73.9219510006775,40.8279306666122],[-73.9218230001974,40.8281056668356],[-73.9217109999211,40.8283036665218],[-73.9216120005444,40.8285236668282],[-73.92052300092,40.8308136668214],[-73.9203999994755,40.8310436674631],[-73.9202749995782,40.8312696665852],[-73.9201480000569,40.8314906664326],[-73.9200180003087,40.8317066663053],[-73.9198859997638,40.8319176659875],[-73.9197509989999,40.8321236656779],[-73.9196140009892,40.8323256656147],[-73.9194750010189,40.8325226671394],[-73.9193340002926,40.8327146666439],[-73.9191900005621,40.832901667024],[-73.9190429994341,40.8330846669158],[-73.9188949993992,40.8332626672669],[-73.9187440003938,40.8334356666647],[-73.9185910006961,40.8336036667031],[-73.9184320000443,40.8337686663449]]},"properties":{"FID":289,"objectid":1042,"shape_len":3486.45721172,"url":"http://web.mta.info/nyct/service/","name":"B-D","rt_symbol":"B","id":2000222,"Shape__Length":1405.7422477506898}},{"type":"Feature","id":290,"geometry":{"type":"LineString","coordinates":[[-73.9207859997288,40.6788216676831],[-73.9307290006683,40.6793636672164]]},"properties":{"FID":290,"objectid":1043,"shape_len":2764.92848172,"url":"http://web.mta.info/nyct/service/","name":"A-C","rt_symbol":"A","id":2000246,"Shape__Length":1109.7053980556311}},{"type":"Feature","id":291,"geometry":{"type":"LineString","coordinates":[[-73.9288139989298,40.6933416669294],[-73.9222700008774,40.6896296672749]]},"properties":{"FID":291,"objectid":1044,"shape_len":2263.25043617,"url":"http://web.mta.info/nyct/service/","name":"J-Z","rt_symbol":"J","id":2000367,"Shape__Length":909.76596389217343}},{"type":"Feature","id":292,"geometry":{"type":"LineString","coordinates":[[-73.9273970017058,40.6978566666152],[-73.9197110004679,40.6986636672496]]},"properties":{"FID":292,"objectid":1045,"shape_len":2151.42115688,"url":"http://web.mta.info/nyct/service/","name":"M","rt_symbol":"B","id":2000385,"Shape__Length":863.76767975816654}},{"type":"Feature","id":293,"geometry":{"type":"LineString","coordinates":[[-73.9229130000312,40.7066066659887],[-73.9237820010692,40.7071496669454],[-73.9238740010457,40.7071996656951],[-73.9239660009863,40.7072456669999],[-73.9240589995808,40.7072866656474],[-73.9241530003991,40.7073236675089],[-73.9242480010652,40.7073566671776],[-73.9243429992173,40.7073846662253],[-73.9244390019105,40.7074086675825],[-73.924535000869,40.7074276665154],[-73.9246329995304,40.7074426666051],[-73.9247310015146,40.7074526669734],[-73.9248290009398,40.7074586662838],[-73.924928999956,40.7074596671747],[-73.9250290011082,40.7074566670073],[-73.9251300006964,40.7074486677623],[-73.9252300000241,40.7074356663379],[-73.9331470002421,40.7061516668073]]},"properties":{"FID":293,"objectid":1046,"shape_len":2983.91019236,"url":"http://web.mta.info/nyct/service/","name":"L","rt_symbol":"L","id":2000522,"Shape__Length":1198.4938314484211}},{"type":"Feature","id":294,"geometry":{"type":"LineString","coordinates":[[-73.9272709999707,40.8654906666885],[-73.9272080006512,40.8655176668619],[-73.9271450000944,40.8655446670001],[-73.927080000801,40.8655716676417],[-73.927016001393,40.8655986661774],[-73.9269510007201,40.8656246672019],[-73.9268850001485,40.8656516661989],[-73.9268179994988,40.8656776667814],[-73.92675100117,40.865703666426],[-73.9266839992303,40.8657296660292],[-73.9266159996699,40.8657556676605],[-73.9265470013067,40.8657816668147],[-73.9264779993309,40.8658076659254],[-73.9264079996527,40.8658326666161],[-73.9263380000009,40.8658586668075],[-73.9262670002769,40.865883666774],[-73.921380000289,40.8676346667179],[-73.9213330007267,40.8676516674395],[-73.9212860011426,40.8676686663411],[-73.9212400014976,40.8676846672634],[-73.9211930006785,40.867700666583],[-73.9211470009911,40.8677166656672],[-73.921101000094,40.8677316660896],[-73.9210560003298,40.8677466671785],[-73.9210100017639,40.8677616675662],[-73.9209650007748,40.8677766668178],[-73.920919999768,40.8677906665088],[-73.9208750011093,40.8678056675278],[-73.9208310012245,40.8678186665265],[-73.9207860001599,40.8678326670656],[-73.9207420002398,40.8678456660303],[-73.9206979991143,40.8678586667784],[-73.9198990002209,40.8680716659154]]},"properties":{"FID":294,"objectid":1047,"shape_len":2247.00696203,"url":"http://web.mta.info/nyct/service/","name":"A","rt_symbol":"A","id":2000219,"Shape__Length":904.98102578278815}},{"type":"Feature","id":295,"geometry":{"type":"LineString","coordinates":[[-73.9226100006096,40.6647166672862],[-73.9241769999046,40.6661236670236],[-73.9242400007321,40.6661846662718],[-73.9242929992294,40.666248666627],[-73.9243560003111,40.6663346668408],[-73.924410000672,40.666421666982],[-73.924503001085,40.666612667191],[-73.9248079996407,40.6673316669915],[-73.924861000204,40.667448666948],[-73.924914999489,40.667551666307],[-73.9249739999906,40.6676486678624],[-73.9250380002426,40.6677346674382],[-73.9251600001532,40.6678816669545],[-73.9253559991548,40.6680866661804],[-73.9254859996852,40.6682126669009],[-73.9255530008541,40.6682706665843],[-73.9256249999055,40.6683266667121],[-73.9257060007698,40.6683726669756],[-73.9257960003018,40.6684146674915],[-73.9259859995517,40.6684726669454],[-73.9261710006539,40.6685076673032],[-73.9263680006594,40.668535667229],[-73.9265930006571,40.6685536664475],[-73.9329420001622,40.6688966668125]]},"properties":{"FID":295,"objectid":1048,"shape_len":3630.70626188,"url":"http://web.mta.info/nyct/service/","name":"3","rt_symbol":"1","id":2000092,"Shape__Length":1458.6921993860647}},{"type":"Feature","id":296,"geometry":{"type":"LineString","coordinates":[[-73.9249680005685,40.7522846668331],[-73.9187339999411,40.7536506671031],[-73.9185110011166,40.7536966667937],[-73.9182879998709,40.75373666598],[-73.9180639991885,40.7537706666547],[-73.9178399997581,40.7537986659235],[-73.9176140003835,40.7538206668579],[-73.9173880011957,40.7538366672783],[-73.9171600010017,40.7538466675468],[-73.9169320010551,40.7538516659546],[-73.9167020002813,40.7538496664342],[-73.9164719998695,40.7538426668462],[-73.9162410005028,40.7538296669023],[-73.9160089998756,40.7538106665948],[-73.915776000419,40.7537856668198],[-73.9155419998296,40.753754666669],[-73.9153090005187,40.7537186662695],[-73.911537000554,40.7530786674342],[-73.9114200014992,40.7530656669674],[-73.9113040005889,40.7530536667119],[-73.9111869999914,40.7530436664933],[-73.9110720016926,40.7530346654623],[-73.9109570008999,40.7530266674782],[-73.9108440009055,40.753021666011],[-73.9107300003111,40.7530166663589],[-73.9106180004893,40.7530146668317],[-73.9105060005155,40.7530136667572],[-73.9103950009981,40.7530136669138],[-73.9102849992395,40.7530166664257],[-73.9101749998382,40.7530196667348],[-73.9100660005433,40.7530256673054],[-73.9099580004936,40.7530326663147],[-73.9098520002961,40.7530406663495],[-73.9082570010527,40.7532076657094],[-73.9080919998655,40.7532196666942],[-73.907927999242,40.7532256663696],[-73.9077670012417,40.7532276672673],[-73.9076090001791,40.7532246671323],[-73.9074520005704,40.7532176657362],[-73.9072980005358,40.7532046664683],[-73.9071449996495,40.7531876668514],[-73.9069950015414,40.7531666658057],[-73.9068470001233,40.7531396661074],[-73.9067020003535,40.7531086668009],[-73.9065579998416,40.7530736662733],[-73.9064170002805,40.7530326661303],[-73.906278000643,40.7529876664929],[-73.9061409999915,40.7529376669053],[-73.9060060002681,40.7528846664997]]},"properties":{"FID":296,"objectid":1049,"shape_len":5387.21803142,"url":"http://web.mta.info/nyct/service/","name":"E","rt_symbol":"A","id":2000293,"Shape__Length":2164.9342425639024}},{"type":"Feature","id":297,"geometry":{"type":"LineString","coordinates":[[-73.976970999658,40.6297546663858],[-73.9781719996516,40.6361186666629]]},"properties":{"FID":297,"objectid":1050,"shape_len":2342.41698068,"url":"http://web.mta.info/nyct/service/","name":"F","rt_symbol":"B","id":2000404,"Shape__Length":943.03412687299681}},{"type":"Feature","id":298,"geometry":{"type":"LineString","coordinates":[[-74.0255099996266,40.6297416668869],[-74.0233769995073,40.6349666668238]]},"properties":{"FID":298,"objectid":1051,"shape_len":1993.54801619,"url":"http://web.mta.info/nyct/service/","name":"R","rt_symbol":"N","id":2000482,"Shape__Length":802.36545356472777}},{"type":"Feature","id":299,"geometry":{"type":"LineString","coordinates":[[-74.0053510004628,40.6313856672244],[-74.0086529996369,40.6333896663413],[-74.0086990010276,40.6334176672156],[-74.0087460000957,40.6334456661946],[-74.0087930003856,40.6334736669551],[-74.0088389983466,40.6335016668729],[-74.0088859998967,40.6335296657942],[-74.0089330003046,40.6335576673978],[-74.008979999435,40.6335846667044],[-74.0090279999265,40.6336126672903],[-74.009074999134,40.6336396665579],[-74.0091220008805,40.6336676671834],[-74.0091700013538,40.6336946663325],[-74.0092170006767,40.6337216673429],[-74.0092650012273,40.6337486673527],[-74.0093129994525,40.6337756664422],[-74.0093610000809,40.6338026673123],[-74.0109069996137,40.6346526670119],[-74.0109689995891,40.6346876660908],[-74.0110300004589,40.6347206669803],[-74.0110900001842,40.6347536670333],[-74.0111490009606,40.6347856666751],[-74.0112060002283,40.6348156664288],[-74.0112629995474,40.6348456670546],[-74.0113179997114,40.6348736668957],[-74.0113719987146,40.6349016668093],[-74.0114249997594,40.634927666744],[-74.0114770006478,40.6349526662772],[-74.0115270001683,40.6349766664115],[-74.0115769997247,40.6350006665239],[-74.011626000124,40.6350226666628],[-74.0116730003264,40.6350436665072],[-74.0117189991733,40.6350636659578]]},"properties":{"FID":299,"objectid":1052,"shape_len":2219.22056656,"url":"http://web.mta.info/nyct/service/","name":"N","rt_symbol":"N","id":2000500,"Shape__Length":891.31951455913543}},{"type":"Feature","id":300,"geometry":{"type":"LineString","coordinates":[[-73.9838489999468,40.7617276673281],[-73.9833580002969,40.7624856663637],[-73.98303799965,40.7629796669793],[-73.9827930005941,40.7634116673754],[-73.9826260004673,40.7637136669206],[-73.9824640004834,40.7640286666494],[-73.982319999563,40.7643856675104],[-73.9821559994835,40.7648206667376],[-73.9820630003592,40.7651246660557],[-73.9819769996977,40.7654606666888],[-73.9819099998344,40.7658076671799],[-73.9817550000811,40.7668076666646],[-73.9817019998666,40.7671716670902],[-73.9816890006283,40.7673236664505],[-73.9816940001296,40.7674396674301],[-73.9816970001634,40.7675606658852],[-73.9817180001014,40.7676806667361],[-73.9817449995918,40.7677776669671],[-73.9817810000401,40.7678946660982],[-73.981929000049,40.7682466665497]]},"properties":{"FID":300,"objectid":1053,"shape_len":2490.37492398,"url":"http://web.mta.info/nyct/service/","name":"1-2-3","rt_symbol":"1","id":2000017,"Shape__Length":1004.3066457268557}},{"type":"Feature","id":301,"geometry":{"type":"LineString","coordinates":[[-73.9679669994491,40.7625256671177],[-73.9638700005772,40.7681406664096]]},"properties":{"FID":301,"objectid":1054,"shape_len":2339.44898148,"url":"http://web.mta.info/nyct/service/","name":"4-5-6","rt_symbol":"4","id":2000123,"Shape__Length":942.91667153106516}},{"type":"Feature","id":302,"geometry":{"type":"LineString","coordinates":[[-73.9733470006038,40.7648106665688],[-73.9727179998738,40.7648726667248],[-73.9726939998132,40.7648726673426],[-73.9726700009378,40.7648726661547],[-73.9726469997113,40.7648716665396],[-73.9726230004732,40.7648696671232],[-73.9725990004639,40.7648666672417],[-73.9725749992722,40.7648636673549],[-73.9725499992996,40.7648586672056],[-73.9725260001225,40.7648536672896],[-73.9725010001573,40.7648486671296],[-73.972475999838,40.7648416669446],[-73.972450001101,40.764834667416],[-73.9724250000221,40.7648266667597],[-73.9723990005262,40.7648186676599],[-73.9723730006824,40.7648086667335],[-73.9723469996617,40.7647986667014],[-73.9672579997947,40.7626596672659]]},"properties":{"FID":302,"objectid":1055,"shape_len":1893.99878202,"url":"http://web.mta.info/nyct/service/","name":"N-R-W","rt_symbol":"N","id":2000423,"Shape__Length":761.71547138298433}},{"type":"Feature","id":303,"geometry":{"type":"LineString","coordinates":[[-73.9661100001865,40.7646266669091],[-73.9577069996035,40.761087666452],[-73.9576660003945,40.7610706669756],[-73.9576250018428,40.7610526670242],[-73.9575850010425,40.7610356669855],[-73.9575450002632,40.7610186660325],[-73.9575060007834,40.761002666796],[-73.9574680003263,40.7609856674545],[-73.9574309999835,40.7609696671295],[-73.9573940008427,40.7609536667931],[-73.9573570005349,40.7609376673448],[-73.9573220005263,40.7609216677251],[-73.9572870010783,40.7609066667547],[-73.9572530000091,40.7608916670444],[-73.9572189989552,40.7608766673242],[-73.9571859998336,40.7608616661652],[-73.9571540002735,40.760846666269],[-73.9532599999196,40.7591446668863]]},"properties":{"FID":303,"objectid":1056,"shape_len":4081.91283956,"url":"http://web.mta.info/nyct/service/","name":"F","rt_symbol":"B","id":2000346,"Shape__Length":1641.8030037626047}},{"type":"Feature","id":304,"geometry":{"type":"LineString","coordinates":[[-73.981636999829,40.7628616671296],[-73.981662999753,40.7628736659882],[-73.983698001237,40.7637306675269]]},"properties":{"FID":304,"objectid":1057,"shape_len":652.849707922,"url":"http://web.mta.info/nyct/service/","name":"B-D","rt_symbol":"B","id":2000281,"Shape__Length":262.58652993201093}},{"type":"Feature","id":305,"geometry":{"type":"LineString","coordinates":[[-73.9841389996384,40.7599006666954],[-73.9806580014637,40.7646636670412]]},"properties":{"FID":305,"objectid":1058,"shape_len":1985.25195233,"url":"http://web.mta.info/nyct/service/","name":"N-Q-R","rt_symbol":"N","id":2000427,"Shape__Length":800.11899750577163}},{"type":"Feature","id":306,"geometry":{"type":"LineString","coordinates":[[-73.9853219996504,40.7633646661253],[-73.9841379994871,40.7649856660554]]},"properties":{"FID":306,"objectid":1059,"shape_len":675.546420906,"url":"http://web.mta.info/nyct/service/","name":"A-C","rt_symbol":"A","id":2000199,"Shape__Length":272.27438669619909}},{"type":"Feature","id":307,"geometry":{"type":"LineString","coordinates":[[-73.9853219996504,40.7633646661253],[-73.9852419998757,40.7634546676058],[-73.9851570006221,40.7635346664853],[-73.9850680000888,40.7636056678453],[-73.9849760002586,40.7636676664043],[-73.984878999837,40.7637196668357],[-73.9847820804908,40.7637790090063],[-73.9846952898255,40.7638164963042],[-73.9845829257372,40.7638677353182],[-73.9844593318805,40.7639018892436],[-73.9843357399062,40.7639274999537],[-73.9842233846326,40.7639445680869],[-73.9841222661104,40.7639530972783],[-73.9839874482198,40.7639359942544],[-73.9837739858528,40.7639188791228],[-73.9836062819131,40.7638885786304]]},"properties":{"FID":307,"objectid":1060,"shape_len":555.041231125,"url":"http://web.mta.info/nyct/service/","name":"E","rt_symbol":"A","id":2000280,"Shape__Length":223.25777295618974}},{"type":"Feature","id":308,"geometry":{"type":"LineString","coordinates":[[-73.9910570015529,40.750372665952],[-73.9874950005814,40.7552896667699]]},"properties":{"FID":308,"objectid":1061,"shape_len":2045.27510835,"url":"http://web.mta.info/nyct/service/","name":"1-2-3","rt_symbol":"1","id":2000015,"Shape__Length":824.20384276264951}},{"type":"Feature","id":309,"geometry":{"type":"LineString","coordinates":[[-73.934681071535,40.6967417190284],[-73.9344779954565,40.6966993776541],[-73.9342316448449,40.6966914242938],[-73.9340160431252,40.6967303642288],[-73.9338517266553,40.6968083974887],[-73.9335435671024,40.6970191641628],[-73.9333792493687,40.6970971958447],[-73.9332046660984,40.6971752222347],[-73.9330220000445,40.6972286668642],[-73.9273970017058,40.6978566666152]]},"properties":{"FID":309,"objectid":1062,"shape_len":2097.35989172,"url":"http://web.mta.info/nyct/service/","name":"M","rt_symbol":"B","id":2000384,"Shape__Length":842.21412452828656}},{"type":"Feature","id":310,"geometry":{"type":"LineString","coordinates":[[-73.9899380000343,40.7234016657491],[-73.992549999571,40.7241846671824]]},"properties":{"FID":310,"objectid":1063,"shape_len":778.173703038,"url":"http://web.mta.info/nyct/service/","name":"F","rt_symbol":"B","id":2000349,"Shape__Length":312.68653836992672}},{"type":"Feature","id":311,"geometry":{"type":"LineString","coordinates":[[-73.9933909997389,40.7522866666883],[-73.9897350009096,40.7573076671657]]},"properties":{"FID":311,"objectid":1064,"shape_len":2091.02000665,"url":"http://web.mta.info/nyct/service/","name":"A-C-E","rt_symbol":"A","id":2000196,"Shape__Length":842.65690480467242}},{"type":"Feature","id":312,"geometry":{"type":"LineString","coordinates":[[-73.991070001032,40.7300536662013],[-73.9910029995514,40.7300976670348],[-73.9909410002467,40.7301436664509],[-73.9908819999386,40.7301936670301],[-73.9908270003546,40.7302456670263],[-73.9907750012263,40.7302996672656],[-73.9907270001841,40.7303576669611],[-73.9906820006463,40.7304186664727],[-73.9906409994795,40.730481667221],[-73.9906029986416,40.7305476677927],[-73.9905690006402,40.7306176669365],[-73.990537999568,40.7306896663451],[-73.9905110003043,40.7307646665685],[-73.9904879993075,40.7308426676092],[-73.9904679988174,40.7309226671209],[-73.9904530001634,40.7310076675662],[-73.9898629996568,40.7334756661448],[-73.9898540007761,40.7335426676551],[-73.9898470010341,40.7336116675676],[-73.9898420005886,40.7336816663188],[-73.9898389991403,40.7337546666389],[-73.9898380005522,40.7338286666988],[-73.9898400002698,40.7339046679513],[-73.9898430000155,40.7339826666179],[-73.9898490004513,40.734062666477],[-73.9898570000742,40.7341446665392],[-73.9898670002281,40.7342276672403],[-73.9898799997668,40.7343136659943],[-73.9898939995216,40.7344006661983],[-73.9899109988332,40.7344896666906],[-73.9899299998972,40.7345796669181],[-73.989951000053,40.7346726669078]]},"properties":{"FID":312,"objectid":1065,"shape_len":1749.44675824,"url":"http://web.mta.info/nyct/service/","name":"4-5-6","rt_symbol":"4","id":2000116,"Shape__Length":705.21742436648833}},{"type":"Feature","id":313,"geometry":{"type":"LineString","coordinates":[[-73.9899980008399,40.6932186664214],[-73.9903380002544,40.6939046665191],[-73.9903560007774,40.6939406678286],[-73.990373000409,40.6939766672504],[-73.9903900000591,40.6940126666696],[-73.9904069995835,40.6940496665557],[-73.9904230005804,40.6940866663561],[-73.9904390004118,40.6941236670545],[-73.9904539992041,40.6941616672366],[-73.9904700001111,40.6941996665991],[-73.9904839992064,40.6942376666941],[-73.9904990002738,40.6942766664392],[-73.9905130004425,40.6943156670001],[-73.9905260008943,40.6943546665763],[-73.9905399999122,40.6943936662329],[-73.9905520005185,40.6944336661933],[-73.9905650008743,40.6944736671346],[-73.9911559999477,40.6963696677384],[-73.9911769996564,40.6964416662254],[-73.9912000014405,40.6965126661926],[-73.9912250010992,40.6965786666616],[-73.9912549987261,40.6966426665658],[-73.9912880007109,40.6967046666508],[-73.9913290002518,40.6967626672524],[-73.9913739993346,40.6968176658303],[-73.9914230003287,40.6968696668825],[-73.9914769995878,40.6969176664064],[-73.9915360004082,40.6969636671351],[-73.9915989995986,40.6970066658166],[-73.9916669994227,40.697045667451],[-73.99173999963,40.6970826666643],[-73.9918159997343,40.6971156668688],[-73.9918970000958,40.6971476660053],[-73.9920179998532,40.6971796669653],[-73.9930859994373,40.6974656667752]]},"properties":{"FID":313,"objectid":1066,"shape_len":1909.34736676,"url":"http://web.mta.info/nyct/service/","name":"2-3","rt_symbol":"1","id":2000079,"Shape__Length":768.62896836431219}},{"type":"Feature","id":314,"geometry":{"type":"LineString","coordinates":[[-73.9834279997692,40.6938286663216],[-73.9839339998494,40.6951376657485],[-73.9852419999512,40.6978386670103],[-73.9947129999613,40.7148966669362],[-73.9947650006617,40.7149906672823],[-73.9948099998584,40.7150866664213],[-73.9948469999232,40.7151836665511],[-73.9948769997637,40.7152806672571],[-73.9949000004566,40.7153786672105],[-73.9949149995545,40.7154776663712],[-73.9949229994412,40.7155776665877],[-73.9949230001085,40.7156776664498],[-73.9949159991319,40.7157786664685],[-73.9949009987899,40.7158806665981],[-73.994878999103,40.7159836668802],[-73.9948490000555,40.716086666799],[-73.9948120004101,40.7161906668602],[-73.9947670000698,40.7162956670114],[-73.9947139990739,40.7164006667765],[-73.993752999167,40.7182666672617]]},"properties":{"FID":314,"objectid":1067,"shape_len":9586.8554777,"url":"http://web.mta.info/nyct/service/","name":"B-D","rt_symbol":"B","id":2000331,"Shape__Length":3862.0341004727293}},{"type":"Feature","id":315,"geometry":{"type":"LineString","coordinates":[[-73.8977490003474,40.8612956673024],[-73.8973369995761,40.8620726669334],[-73.8972919994196,40.8621506669828],[-73.8972470010615,40.8622266670262],[-73.8972020002284,40.8623026670489],[-73.8971570000144,40.8623766661642],[-73.8971109989842,40.8624496666252],[-73.8970640010586,40.8625206670892],[-73.8970170010249,40.8625906661862],[-73.8969700000671,40.8626596666186],[-73.8969229993751,40.8627276674872],[-73.8968750002455,40.8627946669988],[-73.8968270005636,40.8628596665004],[-73.8967789999657,40.8629236673369],[-73.8967300001147,40.862985666369],[-73.8966810001694,40.8630476671806],[-73.8966309997843,40.8631076679862],[-73.894163999726,40.8661026665754],[-73.8935089993791,40.8669776677182]]},"properties":{"FID":315,"objectid":1068,"shape_len":2383.9337739,"url":"http://web.mta.info/nyct/service/","name":"B-D","rt_symbol":"B","id":2000228,"Shape__Length":962.22986143107937}},{"type":"Feature","id":316,"geometry":{"type":"LineString","coordinates":[[-73.8456250015564,40.7546216665298],[-73.8419160017248,40.7557276661399],[-73.8418720011972,40.7557406666975],[-73.8418269999896,40.7557546672277],[-73.8417820011279,40.7557696664055],[-73.841735000921,40.755785666881],[-73.8416870000332,40.7558016677632],[-73.8416380008204,40.7558196663777],[-73.8415870002611,40.7558376667217],[-73.8415360008489,40.7558566666071],[-73.8414840007482,40.7558756668939],[-73.8414310011201,40.7558966667073],[-73.8413760001404,40.7559176664418],[-73.8413210014797,40.7559396666162],[-73.8412640014474,40.7559626671709],[-73.8412070013614,40.7559866672597],[-73.8411480010997,40.7560106663631],[-73.8371470003802,40.7576186658843],[-73.8371030021729,40.7576346669118],[-73.8370590015804,40.7576506661182],[-73.8370150010418,40.757665666646],[-73.8369710005615,40.757679667595],[-73.8369270011726,40.7576946662898],[-73.8368830007383,40.7577076658419],[-73.8368400020739,40.7577216663583],[-73.8367960016832,40.7577336672155],[-73.8367530007009,40.7577466663329],[-73.8367100010499,40.7577576663117],[-73.8366670001157,40.7577696667353],[-73.8366230010171,40.7577796666028],[-73.8365810008252,40.7577906670503],[-73.8365380000177,40.757800667401],[-73.8364950016552,40.7578096663758],[-73.8344940010123,40.7581516659805],[-73.83441700156,40.7581666667293],[-73.834341999911,40.758181665797],[-73.8342680024686,40.7581966671612],[-73.8341960015278,40.758212666411],[-73.8341250012429,40.7582286670567],[-73.8340570006385,40.7582446674773],[-73.8339900005742,40.7582616670607],[-73.8339250006804,40.7582786667872],[-73.833861000263,40.758295667018],[-73.8337990010773,40.7583136669612],[-73.8337390020669,40.7583316661557],[-73.8336800013477,40.7583496667603],[-73.8336240013753,40.7583686658277],[-73.8335680013663,40.7583876666689],[-73.8335150010497,40.758406666415],[-73.8306230010891,40.7594086666564],[-73.8305880013152,40.7594206666692],[-73.8305530015309,40.7594326657708],[-73.8305190012561,40.7594446672328],[-73.8304859994938,40.7594556669899],[-73.8304530000868,40.7594666676414],[-73.8304210013872,40.7594776661546],[-73.830389001665,40.7594876668963],[-73.8303590009948,40.7594976660702],[-73.8303290014976,40.7595076661386],[-73.8302990009853,40.7595166666356],[-73.8302700011792,40.7595256667982],[-73.8302419998903,40.7595336670617],[-73.8302150014985,40.7595426665576],[-73.8301880010927,40.7595496660194],[-73.8301620000248,40.7595576674109],[-73.8300299999225,40.7595996659588]]},"properties":{"FID":316,"objectid":1069,"shape_len":4702.28159689,"url":"http://web.mta.info/nyct/service/","name":"7","rt_symbol":"7","id":2000187,"Shape__Length":1890.5706280047596}},{"type":"Feature","id":317,"geometry":{"type":"LineString","coordinates":[[-73.8553340002546,40.7517296671324],[-73.8456250015564,40.7546216665298]]},"properties":{"FID":317,"objectid":1070,"shape_len":2888.96608746,"url":"http://web.mta.info/nyct/service/","name":"7","rt_symbol":"7","id":2000186,"Shape__Length":1161.3525820915158}},{"type":"Feature","id":318,"geometry":{"type":"LineString","coordinates":[[-73.8107080006127,40.7054596665563],[-73.8033260010733,40.7075636664526]]},"properties":{"FID":318,"objectid":1071,"shape_len":2185.52676154,"url":"http://web.mta.info/nyct/service/","name":"F","rt_symbol":"B","id":2000310,"Shape__Length":877.92442966361591}},{"type":"Feature","id":319,"geometry":{"type":"LineString","coordinates":[[-73.8111050004833,40.6994576669162],[-73.8097350013906,40.69984466662],[-73.8096730015037,40.6998626662492],[-73.8096120013999,40.6998806665982],[-73.8095510024464,40.6998986669169],[-73.8094900012969,40.6999186663412],[-73.8094290012914,40.6999386666356],[-73.8093690010697,40.6999586667525],[-73.8093090003167,40.6999796673086],[-73.8092490014015,40.7000016665067],[-73.8091890012581,40.7000236674726],[-73.8091300004068,40.700046666033],[-73.8090710001965,40.7000706659361],[-73.8090119999411,40.7000946667094],[-73.8089530015118,40.7001196670263],[-73.8088950016807,40.7001446662694],[-73.8088380011247,40.7001706667137],[-73.808782001534,40.7001966660912],[-73.8087260012152,40.70022166677],[-73.8086700013566,40.7002456678515],[-73.808613000963,40.7002686658702],[-73.8085560005196,40.7002916674627],[-73.8084990012253,40.7003146672279],[-73.8084420017224,40.7003356669224],[-73.8083839999934,40.7003566658207],[-73.8083260005891,40.7003776664947],[-73.8082670011572,40.7003966672326],[-73.8082090003383,40.7004156669027],[-73.8081490010146,40.7004346668146],[-73.8080900008147,40.7004526660887],[-73.8080300000836,40.7004696658941],[-73.8079690011895,40.7004856662332]]},"properties":{"FID":319,"objectid":1072,"shape_len":948.650931911,"url":"http://web.mta.info/nyct/service/","name":"E","rt_symbol":"A","id":2000315,"Shape__Length":381.08818194910384}},{"type":"Feature","id":320,"geometry":{"type":"LineString","coordinates":[[-73.8185748674615,40.705490586336],[-73.8183908667203,40.705251587185],[-73.8181908646861,40.705037587726],[-73.8179808661085,40.7048465874274],[-73.8177598650435,40.7046785882458],[-73.817527864898,40.7045335892245],[-73.8172848655061,40.7044115893977],[-73.8170308643074,40.7043125895935],[-73.8167658634524,40.7042365906444],[-73.8164908653444,40.7041825909013],[-73.8162038660276,40.7041515911664],[-73.8159068657749,40.7041445914182],[-73.8155978652985,40.7041595928389],[-73.815278867204,40.704197592713],[-73.8149488669293,40.7042575933746],[-73.8146088670818,40.7043435937238],[-73.8107089741744,40.7054572745923]]},"properties":{"FID":320,"objectid":1073,"shape_len":2460.72452757,"url":"http://web.mta.info/nyct/service/","name":"F","rt_symbol":"B","id":2000309,"Shape__Length":988.72940829318327}},{"type":"Feature","id":321,"geometry":{"type":"LineString","coordinates":[[-73.8205740019486,40.709178666419],[-73.8194790017029,40.7073036667002],[-73.8183800011585,40.7055596662904]]},"properties":{"FID":321,"objectid":1074,"shape_len":1452.21403329,"url":"http://web.mta.info/nyct/service/","name":"E","rt_symbol":"A","id":2000308,"Shape__Length":584.94464496088312}},{"type":"Feature","id":322,"geometry":{"type":"LineString","coordinates":[[-73.8183800011585,40.7055596662904],[-73.8183110018064,40.7054576670123],[-73.8182470003711,40.7053606671286],[-73.8181860009284,40.7052676666272],[-73.8181290006215,40.7051796666583],[-73.818077001688,40.7050966661106],[-73.8180280007529,40.7050186663265],[-73.8179830004238,40.7049446657235],[-73.8179420003063,40.7048756674777],[-73.8179050003886,40.7048116679917],[-73.8178720006556,40.7047526654682],[-73.8178430002536,40.7046976666432],[-73.8178180011813,40.7046476665904],[-73.8177970010549,40.7046026662092],[-73.8177790011531,40.7045626666225],[-73.8177650009088,40.704525666672],[-73.8168590010155,40.702565667381]]},"properties":{"FID":322,"objectid":1075,"shape_len":1170.98102176,"url":"http://web.mta.info/nyct/service/","name":"E","rt_symbol":"A","id":2000313,"Shape__Length":471.72182805877151}},{"type":"Feature","id":323,"geometry":{"type":"LineString","coordinates":[[-73.8168590010155,40.702565667381],[-73.8161870003693,40.7012716663181],[-73.8161290006653,40.7011526671175],[-73.816062001873,40.7010416671783],[-73.8159910012084,40.700934667187],[-73.8159140009841,40.7008326671139],[-73.8158320002565,40.7007346662736],[-73.8157460012222,40.7006406671606],[-73.8156550020804,40.7005526673026],[-73.8155580018336,40.7004676663721],[-73.8154570012977,40.7003886671744],[-73.8153510006695,40.7003126666819],[-73.8152400010969,40.7002426671965],[-73.8151240010153,40.7001766677592],[-73.8150030004236,40.7001146665539],[-73.8148780010831,40.7000576665479],[-73.8147440015646,40.7000026663695],[-73.8126499995936,40.6994356657825],[-73.8125450005762,40.6994166668692],[-73.8124380015516,40.6993986668731],[-73.812331000057,40.6993836663862],[-73.8122250013515,40.6993726666195],[-73.8121200015889,40.6993636666268],[-73.8120159998525,40.6993586664515],[-73.8119119998592,40.6993576671698],[-73.8118080013252,40.6993586669381],[-73.8117060005788,40.699363666363],[-73.8116040019869,40.6993716662145],[-73.811503000612,40.6993826672218],[-73.8114020009059,40.6993976673269],[-73.8113030017517,40.6994156675348],[-73.8112030013362,40.6994366674291],[-73.8111050004833,40.6994576669162]]},"properties":{"FID":323,"objectid":1076,"shape_len":2184.9320529,"url":"http://web.mta.info/nyct/service/","name":"E","rt_symbol":"A","id":2000314,"Shape__Length":878.54754696441569}},{"type":"Feature","id":324,"geometry":{"type":"LineString","coordinates":[[-73.8033260010733,40.7075636664526],[-73.7956110017583,40.7097546671976],[-73.7955560013419,40.7097696666365],[-73.795499001446,40.7097856665694],[-73.7954430003075,40.7098016664479],[-73.7953860008362,40.7098186667961],[-73.7953290013387,40.7098356662155],[-73.7952720011033,40.7098536669762],[-73.7952150008398,40.7098716668082],[-73.7951570005764,40.7098896666336],[-73.7950990007563,40.7099086669009],[-73.7950420001637,40.7099286675874],[-73.7949830019687,40.709948666489],[-73.7949250018087,40.7099696676088],[-73.7948670004344,40.7099906668962],[-73.7948080002357,40.710011666175],[-73.7947490016528,40.7100336658969],[-73.7936040014418,40.7104696670832]]},"properties":{"FID":324,"objectid":1077,"shape_len":2897.86447931,"url":"http://web.mta.info/nyct/service/","name":"F","rt_symbol":"B","id":2000311,"Shape__Length":1164.1652489552837}},{"type":"Feature","id":325,"geometry":{"type":"LineString","coordinates":[[-73.8079690011895,40.7004856662332],[-73.8066540014958,40.7008226668461],[-73.8040390021552,40.7014866663635],[-73.803989001936,40.7014986670262],[-73.8039390017014,40.7015106667668],[-73.8038910023197,40.7015226662927],[-73.8038440009729,40.7015336661277],[-73.8037980018186,40.7015446667513],[-73.8037520008638,40.7015546659818],[-73.8037080007621,40.7015646668051],[-73.8036640018305,40.7015746676137],[-73.8036220007946,40.7015836659398],[-73.8035810007674,40.7015926668593],[-73.8035400019151,40.7016016668658],[-73.803501000958,40.7016096661952],[-73.8034619999862,40.7016176673124],[-73.8034249998843,40.7016256664305],[-73.803388000355,40.701632665967],[-73.8011090016803,40.7021466658802]]},"properties":{"FID":325,"objectid":1078,"shape_len":1996.38834258,"url":"http://web.mta.info/nyct/service/","name":"E","rt_symbol":"A","id":2000316,"Shape__Length":801.78965745125788}},{"type":"Feature","id":326,"geometry":{"type":"LineString","coordinates":[[-73.8376830014232,40.681710667001],[-73.8377530008757,40.681685666551],[-73.8378240009374,40.6816616661405],[-73.8378950008795,40.6816386670595],[-73.83796700032,40.6816156666407],[-73.8380400003746,40.6815936662571],[-73.8381130015617,40.6815716667294],[-73.8381870021852,40.6815506663322],[-73.8382610015164,40.6815306672591],[-73.8383370010755,40.6815106664461],[-73.838412000985,40.6814916673536],[-73.8384890010679,40.6814736660897],[-73.8385660011048,40.6814556665752],[-73.8386440005899,40.6814386661822],[-73.8387220012138,40.6814216675389],[-73.8388010001088,40.6814056671122],[-73.84168700038,40.6808426670336]]},"properties":{"FID":326,"objectid":1079,"shape_len":1156.1936482199999,"url":"http://web.mta.info/nyct/service/","name":"A","rt_symbol":"A","id":2000258,"Shape__Length":464.18365481718797}},{"type":"Feature","id":327,"geometry":{"type":"LineString","coordinates":[[-73.8438529999203,40.6804286664003],[-73.8442240006641,40.6803566660483],[-73.8442890001907,40.6803446664058],[-73.8443559999267,40.6803326667307],[-73.8444220013294,40.6803216670403],[-73.8444900006115,40.6803116668831],[-73.8445570015305,40.6803016671381],[-73.8446260014802,40.6802916664514],[-73.844695000262,40.6802826661947],[-73.8447649997679,40.6802746668192],[-73.844835000442,40.6802666665022],[-73.844906000622,40.6802586665894],[-73.8449780003497,40.6802516666514],[-73.8450500001035,40.6802456671414],[-73.8451230005517,40.6802396671322],[-73.8451970005112,40.6802336666205],[-73.8452710004998,40.6802286674346],[-73.851470001005,40.6798426672647]]},"properties":{"FID":327,"objectid":1080,"shape_len":2125.74561547,"url":"http://web.mta.info/nyct/service/","name":"A","rt_symbol":"A","id":2000256,"Shape__Length":853.20529927495}},{"type":"Feature","id":328,"geometry":{"type":"LineString","coordinates":[[-73.9850998845245,40.6883371886159],[-73.9841475969094,40.6879646864551],[-73.9840717839006,40.6879359991349],[-73.9839953924285,40.6879074800802],[-73.9839200051458,40.6878799741928],[-73.9838450058276,40.6878529725978],[-73.9837710050221,40.6878259737962],[-73.983694084801,40.687798282939],[-73.9836181686737,40.6877719636552],[-73.9835441678033,40.6877459642774],[-73.983467228588,40.6877192926467],[-73.9833907824482,40.687693810614],[-73.9833162739559,40.6876689744797],[-73.9832408098227,40.6876434798824],[-73.9831638407566,40.6876188495082],[-73.9830888412768,40.6875948497315],[-73.9830142783411,40.6875709895499],[-73.9829457932631,40.6875488042754],[-73.9828757932797,40.6875248032994],[-73.9828047922747,40.6875018035022],[-73.9827383753635,40.6874790330792],[-73.9826683757878,40.6874540324069],[-73.9825983760035,40.6874300321624],[-73.9825283753483,40.6874050332055],[-73.9824604445342,40.6873817409947],[-73.9823929461252,40.6873563073886],[-73.9823214374526,40.6873307686672],[-73.9822544853776,40.6873065102339],[-73.9821869776601,40.6872810738038],[-73.9821194510689,40.6872556274254],[-73.982049902092,40.6872284129837],[-73.981976374803,40.687201103323],[-73.9813997460376,40.686995235207],[-73.9813625887908,40.686981301852],[-73.9813219386796,40.6869656677483],[-73.9812802769445,40.6869507124529],[-73.981238546622,40.6869357319169],[-73.9811977351092,40.6869221284012],[-73.9811578096838,40.6869084700846],[-73.9811168998226,40.6868955509143],[-73.9810759166386,40.6868826092046],[-73.9810358014026,40.6868709967814],[-73.9809965639699,40.6868593304583],[-73.9809531364434,40.6868475940887],[-73.9809128515644,40.6868377943284],[-73.9808766784591,40.6868289966084],[-73.9808380828589,40.6868193474884],[-73.9808073544766,40.6868125182754],[-73.9804122675487,40.6866965474958],[-73.9803041366709,40.6866662708809],[-73.9801924696338,40.6866410913633],[-73.980080068492,40.6866183952268],[-73.979965723666,40.6866000562274],[-73.9798507736834,40.686584091663],[-73.9797327104018,40.686571211595],[-73.9796128232038,40.6865615774345],[-73.979489894813,40.6865551079124],[-73.9793654284138,40.68655298026],[-73.9792414783216,40.6865529804799],[-73.9791146632546,40.6865561237395],[-73.978985992594,40.6865613980362],[-73.9788533800561,40.6865709471035],[-73.9787213544556,40.6865835200513],[-73.9785884146574,40.6865988590554],[-73.9767952556334,40.686807878152]]},"properties":{"FID":328,"objectid":1081,"shape_len":2448.06920027,"url":"http://web.mta.info/nyct/service/","name":"G","rt_symbol":"G","id":2000239,"Shape__Length":983.06438364224687}},{"type":"Feature","id":329,"geometry":{"type":"LineString","coordinates":[[-73.9815246113449,40.7630024457089],[-73.9815542905659,40.7630161435327],[-73.9835930596678,40.7638747305962]]},"properties":{"FID":329,"objectid":1082,"shape_len":655.233997859,"url":"http://web.mta.info/nyct/service/","name":"E","rt_symbol":"A","id":2000281,"Shape__Length":263.546154980598}},{"type":"Feature","id":330,"geometry":{"type":"LineString","coordinates":[[-73.9815308831676,40.7630039640642],[-73.9800783217137,40.7623641469481]]},"properties":{"FID":330,"objectid":1083,"shape_len":465.032579441,"url":"http://web.mta.info/nyct/service/","name":"E","rt_symbol":"A","id":2000282,"Shape__Length":187.05340087532988}},{"type":"Feature","id":331,"geometry":{"type":"LineString","coordinates":[[-73.96916009341,40.7574076706234],[-73.9628117881822,40.7547283887229],[-73.9627420684492,40.7546977111878],[-73.9626711522662,40.7546636716358],[-73.9625988477414,40.7546284969523],[-73.9625271239313,40.754592634426],[-73.9624579625963,40.7545570923694],[-73.9623892378147,40.754520311318],[-73.9623219825292,40.7544838008578],[-73.9622542513338,40.7544450974713],[-73.9621891199176,40.7544077438553],[-73.9621253915818,40.7543687454401],[-73.9620610007497,40.7543287445086],[-73.9619972450416,40.7542881728299],[-73.9619354444841,40.7542476170703],[-73.9618759303273,40.754207630253],[-73.9618176458138,40.7541648900664],[-73.9573928870042,40.7510571465418],[-73.9570507771777,40.7508457535877],[-73.9567139439857,40.750646486006],[-73.9563779730109,40.750457248496],[-73.9560430091654,40.7502771172022],[-73.9557085729044,40.750105845211],[-73.9553748883002,40.7499445816604],[-73.9550418161918,40.749792262105],[-73.9547085942845,40.7496500343963],[-73.9543772147814,40.7495168718455],[-73.9540466431159,40.7493937979316],[-73.9537154609111,40.7492786472755],[-73.9533852263973,40.7491746866388],[-73.9530565857813,40.7490787465119],[-73.952728318167,40.7489941312655],[-73.9524033241493,40.7489162144005],[-73.9460534607056,40.7476860801942]]},"properties":{"FID":331,"objectid":1084,"shape_len":7438.64158073,"url":"http://web.mta.info/nyct/service/","name":"M","rt_symbol":"B","id":2000286,"Shape__Length":2991.6252997850329}},{"type":"Feature","id":332,"geometry":{"type":"LineString","coordinates":[[-73.975329451124,40.7600228210913],[-73.9691604604512,40.7574078265091]]},"properties":{"FID":332,"objectid":1085,"shape_len":1956.65422798,"url":"http://web.mta.info/nyct/service/","name":"M","rt_symbol":"B","id":2000285,"Shape__Length":786.94914776913254}},{"type":"Feature","id":333,"geometry":{"type":"LineString","coordinates":[[-73.9768021499195,40.7606446931872],[-73.9753291527316,40.7600226940562]]},"properties":{"FID":333,"objectid":1086,"shape_len":466.766146792,"url":"http://web.mta.info/nyct/service/","name":"M","rt_symbol":"B","id":2000284,"Shape__Length":187.73279742281238}},{"type":"Feature","id":334,"geometry":{"type":"LineString","coordinates":[[-73.9460535127971,40.7476860892237],[-73.9435331141785,40.747197207392],[-73.943388391392,40.7471684687256],[-73.943241591663,40.7471441764554],[-73.9430971033581,40.7471239914498],[-73.9429511294732,40.7471089636283],[-73.9428090275991,40.7470993477877],[-73.9426695246216,40.7470940239791],[-73.9425285367583,40.7470929397458],[-73.9423893146031,40.7470983776915],[-73.9422540790266,40.7471080372412],[-73.9421195689283,40.7471221391955],[-73.941985886268,40.7471418623713],[-73.9418555628404,40.7471668415434],[-73.9417260714083,40.7471962217643],[-73.9415998359791,40.7472310461519],[-73.9414805794123,40.7472683782557]]},"properties":{"FID":334,"objectid":1087,"shape_len":1301.85447496,"url":"http://web.mta.info/nyct/service/","name":"M","rt_symbol":"B","id":2000287,"Shape__Length":523.13092162042778}},{"type":"Feature","id":335,"geometry":{"type":"LineString","coordinates":[[-73.8770233123582,40.7370783063177],[-73.8768547623406,40.7367723081091],[-73.8767526849324,40.7365799304273],[-73.8766411690273,40.7364016949323],[-73.8765184019015,40.7362313411191],[-73.8763828078507,40.7360682477109],[-73.8762335973482,40.735912384998],[-73.8760730101327,40.7357632015254],[-73.8758999691495,40.7356224853959],[-73.8757145210597,40.7354874414251],[-73.8755155195554,40.73536080406],[-73.8753043289506,40.7352403954768],[-73.8750792317028,40.7351273690982],[-73.8748423791571,40.73502092843],[-73.8745912015509,40.7349227671602],[-73.87432685352,40.7348301489085],[-73.8740470612621,40.734746016662],[-73.8708455090804,40.7338014422398],[-73.8707270360289,40.7337673060841],[-73.8706087691296,40.7337319264349],[-73.8704917683017,40.7336969263016],[-73.8703731845707,40.7336614533012],[-73.8702566107023,40.733624960365],[-73.8701409881672,40.7335887655512],[-73.8700273675932,40.7335525674776],[-73.8699133839378,40.7335162536162],[-73.8697997466425,40.7334790458277],[-73.8696880986955,40.7334428352406],[-73.8695754425217,40.7334052825449],[-73.8694657761369,40.7333680582116],[-73.8693567782881,40.7333310578582],[-73.869246090019,40.7332934854597],[-73.8691374163576,40.7332548904645]]},"properties":{"FID":335,"objectid":1088,"shape_len":2694.97160091,"url":"http://web.mta.info/nyct/service/","name":"R","rt_symbol":"N","id":2000301,"Shape__Length":1083.8059908798011}},{"type":"Feature","id":336,"geometry":{"type":"LineString","coordinates":[[-73.8912321426719,40.7467873317441],[-73.8850435192126,40.7441494887091],[-73.8849968159585,40.7441297704984],[-73.8849509190272,40.7441093722905],[-73.8849059924648,40.7440899718957],[-73.8848610700567,40.7440695530134],[-73.884819227474,40.7440510651802],[-73.8847752659926,40.7440316395846],[-73.8847301885151,40.7440112466107],[-73.8846872104198,40.7439907818793],[-73.8846473345408,40.7439723031564],[-73.8846053138173,40.7439528299114],[-73.8845643018987,40.7439333486571],[-73.8845232521474,40.74391384934],[-73.8844832088317,40.7438943420125],[-73.884443126502,40.7438748148208],[-73.8844049922572,40.743855747028],[-73.8827984067185,40.743070461113],[-73.8827270596605,40.7430342844329],[-73.8826560421388,40.742999275102],[-73.8825846313789,40.7429630532429],[-73.8825175945661,40.7429280343767],[-73.8824531419536,40.7428953108014],[-73.8823871702736,40.7428612943105],[-73.8823237709659,40.7428275496617],[-73.8822635951425,40.7427954571027],[-73.8822047786088,40.7427640196709],[-73.8821469342119,40.7427325615915],[-73.8820902610429,40.742701647688],[-73.8820355392266,40.7426706727196],[-73.8819849834741,40.7426419262481],[-73.8819330241929,40.7426128289185],[-73.8818834833704,40.7425833153094]]},"properties":{"FID":336,"objectid":1089,"shape_len":3011.34280275,"url":"http://web.mta.info/nyct/service/","name":"R","rt_symbol":"N","id":2000299,"Shape__Length":1210.9877243584876}},{"type":"Feature","id":337,"geometry":{"type":"LineString","coordinates":[[-73.8818913950042,40.7425878106531],[-73.8818188113524,40.7425484938693],[-73.8817472294318,40.7425091744659],[-73.8816741300384,40.7424690222901],[-73.8816015039471,40.7424270821456],[-73.8815309115291,40.7423867433487],[-73.8814582878622,40.7423442069797],[-73.8813883011044,40.7423016048416],[-73.8813173222419,40.7422590187479],[-73.8812461725539,40.7422146782448],[-73.881177232096,40.7421710837962],[-73.881107291885,40.7421264851081],[-73.8810380944277,40.7420817106449],[-73.8809701849005,40.7420371130699],[-73.8809003839719,40.7419909214006],[-73.8808286930345,40.7419417002258],[-73.8792685364126,40.7407808613515],[-73.8791983172459,40.7407257666798],[-73.8791307585954,40.7406680137559],[-73.8790671636909,40.7406097183455],[-73.8790031968968,40.7405489497136],[-73.878940554085,40.7404841481612],[-73.8788802459387,40.7404174903809],[-73.878821112422,40.7403488544873],[-73.878763855207,40.7402778107782],[-73.8787082812147,40.7402044130835],[-73.8786539278199,40.7401291516948],[-73.8786007602539,40.7400509657787],[-73.8785486325656,40.7399706863519],[-73.8784984685635,40.739888124383],[-73.8784501465011,40.7398038191505],[-73.8784017504159,40.7397173255836],[-73.87702179157,40.737075473495]]},"properties":{"FID":337,"objectid":1090,"shape_len":2476.57995173,"url":"http://web.mta.info/nyct/service/","name":"R","rt_symbol":"N","id":2000300,"Shape__Length":997.45765099622827}},{"type":"Feature","id":338,"geometry":{"type":"LineString","coordinates":[[-73.8526102546239,40.7266650638748],[-73.8524262889172,40.7265837526083],[-73.8522422270838,40.7264963489716],[-73.8520637095083,40.7264070899072],[-73.851889891862,40.726315069342],[-73.8517193496671,40.7262215794961],[-73.8515541138606,40.7261240799613],[-73.8513922988308,40.7260257624366],[-73.8512348540788,40.7259238861093],[-73.8510821103516,40.7258203478997],[-73.8509330263892,40.725714446782],[-73.850788020519,40.7256054340876],[-73.8506471542459,40.725494386922],[-73.850511325031,40.7253811948022],[-73.8503794313098,40.7252656609039],[-73.850251023025,40.7251494803161],[-73.8500845846376,40.7249930692978],[-73.8499189026482,40.7248411921901],[-73.8497499276133,40.7246928495488],[-73.8495772851418,40.7245476725619],[-73.8494007438473,40.7244064389514],[-73.8492200235395,40.7242679515542],[-73.8490351702679,40.7241322617403],[-73.8488478719445,40.7239998768922],[-73.8486553649922,40.723871212103],[-73.8484598905138,40.723744497191],[-73.848259817248,40.7236219029237],[-73.848056787224,40.7235022427701],[-73.8478484799065,40.7233862988934],[-73.8476373598989,40.7232723914724],[-73.847426514484,40.723165524218],[-73.8444122531471,40.7218330595539]]},"properties":{"FID":338,"objectid":1091,"shape_len":2897.44534577,"url":"http://web.mta.info/nyct/service/","name":"R","rt_symbol":"N","id":2000304,"Shape__Length":1165.3612254249576}},{"type":"Feature","id":339,"geometry":{"type":"LineString","coordinates":[[-73.9371511604595,40.7488235267464],[-73.9370771030466,40.7488499026672],[-73.9369995778527,40.7488782928774],[-73.9369240682913,40.7489100286196],[-73.9368525142315,40.7489409992495],[-73.9367799329078,40.7489750913264],[-73.9367104976965,40.7490103602471],[-73.9366427479474,40.7490475112104],[-73.9365768784267,40.7490859364851],[-73.9365147983549,40.7491251445497],[-73.936454108666,40.7491652439484],[-73.9363931044719,40.7492085021173],[-73.9363355781121,40.749252752733],[-73.9362799935014,40.7492983317402],[-73.9362273995492,40.7493454459385],[-73.9361791518287,40.7493906147255],[-73.9349268399862,40.7505549718734],[-73.9347497670233,40.7507173716354],[-73.9345704687493,40.7508659849102],[-73.9343807416652,40.7510068133911]]},"properties":{"FID":339,"objectid":1092,"shape_len":1114.76171459,"url":"http://web.mta.info/nyct/service/","name":"M","rt_symbol":"B","id":2000290,"Shape__Length":448.77622445783504}},{"type":"Feature","id":340,"geometry":{"type":"LineString","coordinates":[[-73.8821426057352,40.7423195230778],[-73.8820711896851,40.7422808389021],[-73.8820007706124,40.7422421584049],[-73.8819318703584,40.7422043114905],[-73.8818624969696,40.7421642506012],[-73.8817930898057,40.74212458856],[-73.8817257116853,40.7420851266722],[-73.8816577001136,40.7420437271015],[-73.8815886787279,40.7420023147454],[-73.881521829256,40.7419606551414],[-73.8814547704509,40.7419182487616],[-73.881386709502,40.7418748480503],[-73.8813199056946,40.7418316232924],[-73.8812538162182,40.7417882209314],[-73.8811876174425,40.7417444131907],[-73.8811253074074,40.741701633303],[-73.8795754648602,40.7405484716153],[-73.8795156826716,40.7405015664623],[-73.8794592428808,40.7404533185166],[-73.879402836658,40.7404016144281],[-73.8793468038593,40.740348383441],[-73.8792934456653,40.7402931867189],[-73.8792397541054,40.7402338418818],[-73.8791868879473,40.7401724798463],[-73.8791361463835,40.7401095225143],[-73.8790857193519,40.7400429202327],[-73.879036074143,40.7399741800427],[-73.8789872408712,40.7399023672495],[-73.8789393701511,40.7398286463693],[-73.8788935330889,40.7397532076364],[-73.8788478542252,40.7396735141498],[-73.8788022486178,40.7395920088987],[-73.8774242088694,40.736953860207]]},"properties":{"FID":340,"objectid":1093,"shape_len":2407.72941301,"url":"http://web.mta.info/nyct/service/","name":"F-M","rt_symbol":"B","id":2000300,"Shape__Length":969.73117745900174}},{"type":"Feature","id":341,"geometry":{"type":"LineString","coordinates":[[-73.9373348415785,40.7491218069835],[-73.937262897032,40.7491474304485],[-73.9371984235707,40.7491710408081],[-73.9371359320954,40.7491973051048],[-73.9370734872124,40.7492243339229],[-73.9370140679849,40.7492522432558],[-73.9369575039625,40.7492809726808],[-73.9369012540369,40.7493118211414],[-73.9368471228973,40.7493433965442],[-73.9367952024397,40.7493761888181],[-73.9367438918708,40.7494100899265],[-73.9366948965406,40.7494448324568],[-73.9366484235106,40.7494805813184],[-73.936604006567,40.74951700217],[-73.9365606008144,40.7495558882469],[-73.9365148491062,40.7495987190325],[-73.9352611620276,40.7507643613421],[-73.9350762363154,40.7509339621364],[-73.934881532084,40.751095348089],[-73.9346832600451,40.7512425189992]]},"properties":{"FID":341,"objectid":1094,"shape_len":1074.5193376,"url":"http://web.mta.info/nyct/service/","name":"R","rt_symbol":"N","id":2000290,"Shape__Length":432.58937404611186}},{"type":"Feature","id":342,"geometry":{"type":"LineString","coordinates":[[-73.9953549591134,40.6314654010801],[-73.9953399579655,40.63152140017],[-73.9953249579043,40.6315784006352],[-73.9953099578175,40.6316354001975],[-73.9952959587935,40.6316934002755],[-73.9952819585631,40.6317514003514],[-73.995268958287,40.6318093995658],[-73.9952559567351,40.6318684001559],[-73.9952439574335,40.631928400362],[-73.9952319569282,40.6319883996659],[-73.9952199564013,40.6320484007692],[-73.9952089569462,40.6321094005884],[-73.9951989573831,40.6321714000244],[-73.9951889566192,40.6322334003596],[-73.9951789570189,40.6322954006936],[-73.9951709573012,40.6323583997861],[-73.9946699489133,40.6362903996828]]},"properties":{"FID":342,"objectid":1095,"shape_len":1768.7549606,"url":"http://web.mta.info/nyct/service/","name":"D","rt_symbol":"B","id":2000488,"Shape__Length":712.11534623912416}},{"type":"Feature","id":343,"geometry":{"type":"LineString","coordinates":[[-73.9841389996384,40.7599006666954],[-73.9806580014637,40.7646636670412]]},"properties":{"FID":343,"objectid":1096,"shape_len":1985.25195233,"url":"http://web.mta.info/nyct/service/","name":"N-Q-R-W","rt_symbol":"N","id":2000427,"Shape__Length":800.11899750577163}},{"type":"Feature","id":344,"geometry":{"type":"LineString","coordinates":[[-73.9904140002538,40.6206706670164],[-73.9951499998462,40.623530667312],[-73.9952180011297,40.623572666817],[-73.9952839991709,40.6236156666772],[-73.9953499995215,40.6236606665547],[-73.9954140000406,40.6237086668472],[-73.9954769994764,40.6237586662191],[-73.995539999988,40.6238116660893],[-73.9956009995668,40.6238666668037],[-73.9956609992557,40.6239236675028],[-73.9957200001753,40.6239836659644],[-73.9957780000302,40.6240456671152],[-73.9958350000051,40.6241096664542],[-73.9958899989941,40.6241766662257],[-73.9959450003359,40.6242456660257],[-73.9959989994414,40.6243166667194],[-73.9960520009807,40.6243906669853],[-73.9963530002597,40.6248416672589]]},"properties":{"FID":344,"objectid":1097,"shape_len":2266.03254293,"url":"http://web.mta.info/nyct/service/","name":"N","rt_symbol":"N","id":2000502,"Shape__Length":910.3052318283701}},{"type":"Feature","id":345,"geometry":{"type":"LineString","coordinates":[[-74.0118619985417,40.7075566667764],[-74.0095089997007,40.7103676674341]]},"properties":{"FID":345,"objectid":1098,"shape_len":1214.25386497,"url":"http://web.mta.info/nyct/service/","name":"4-5","rt_symbol":"4","id":2000110,"Shape__Length":488.89397031233949}},{"type":"Feature","id":346,"geometry":{"type":"LineString","coordinates":[[-74.0092660004712,40.7154776660241],[-74.0072489991169,40.718031667288],[-74.0072269993434,40.7180626660249],[-74.0072059997474,40.7180946669625],[-74.0071860014048,40.7181266669331],[-74.0071669996905,40.7181596673046],[-74.0071499993231,40.718192666648],[-74.0071330003366,40.7182276669218],[-74.0071170001338,40.7182616657641],[-74.0071030003134,40.7182976663142],[-74.0070890004778,40.7183336659619],[-74.0070769996311,40.7183696663854],[-74.0070659990777,40.7184076658781],[-74.0070549996954,40.7184456671704],[-74.0070459993079,40.7184836665383],[-74.0070380002953,40.7185226663104],[-74.0070310002921,40.7185626673879],[-74.0068859991859,40.7193176672132]]},"properties":{"FID":346,"objectid":1099,"shape_len":1567.51928671,"url":"http://web.mta.info/nyct/service/","name":"1-2-3","rt_symbol":"1","id":2000006,"Shape__Length":631.42278492253877}},{"type":"Feature","id":347,"geometry":{"type":"LineString","coordinates":[[-74.0068859991859,40.7193176672132],[-74.0062770001436,40.7228536664004]]},"properties":{"FID":347,"objectid":1100,"shape_len":1299.28628843,"url":"http://web.mta.info/nyct/service/","name":"1-2-3","rt_symbol":"1","id":2000007,"Shape__Length":523.7733271784374}},{"type":"Feature","id":348,"geometry":{"type":"LineString","coordinates":[[-73.9861219990768,40.7328486664964],[-73.9907300001539,40.7347886672416]]},"properties":{"FID":348,"objectid":1101,"shape_len":1459.60904882,"url":"http://web.mta.info/nyct/service/","name":"L","rt_symbol":"L","id":2000514,"Shape__Length":586.81710448555441}},{"type":"Feature","id":349,"geometry":{"type":"LineString","coordinates":[[-73.9818480008168,40.6118146673691],[-73.9821949995843,40.6135106668248],[-73.9822350000744,40.6136686667333],[-73.9822750003687,40.6138236669898],[-73.9823160007033,40.6139736667903],[-73.9823589993431,40.6141196667664],[-73.9824039998386,40.6142616669162],[-73.9824500001134,40.6143996670847],[-73.9824979998854,40.6145336665227],[-73.982547000879,40.6146626663983],[-73.9825970002043,40.6147886667672],[-73.9826490004691,40.6149096668218],[-73.9827030002317,40.6150266670384],[-73.9827579997639,40.6151396672642],[-73.982814000243,40.6152486665975],[-73.9828720013954,40.6153536669872],[-73.982932999409,40.615454666777],[-73.9830150002826,40.615583666833],[-73.9831010011827,40.6157096659807],[-73.9831910009381,40.6158326669128],[-73.9832850004905,40.6159536673972],[-73.9833829996046,40.6160736661017],[-73.9834849999732,40.6161906665617],[-73.9835920001688,40.6163046671082],[-73.9837029999663,40.6164176667416],[-73.9838180008051,40.6165286667731],[-73.9839369993902,40.6166366667117],[-73.9840609999661,40.6167426662624],[-73.9841889992454,40.6168466670721],[-73.9843199998433,40.6169486671904],[-73.9844569998527,40.617048666112],[-73.9845970014228,40.617145667438],[-73.9850259995026,40.6174096667436]]},"properties":{"FID":349,"objectid":1102,"shape_len":2293.13390547,"url":"http://web.mta.info/nyct/service/","name":"N","rt_symbol":"N","id":2000504,"Shape__Length":922.31678269274232}},{"type":"Feature","id":350,"geometry":{"type":"LineString","coordinates":[[-74.0041309993845,40.7130646671448],[-74.0034370004456,40.7138496667665],[-74.0034019991613,40.713888667113],[-74.0033690003582,40.7139296665234],[-74.0033390004143,40.7139706667376],[-74.0033110005896,40.7140136669199],[-74.0032859996326,40.7140566670097],[-74.0032629999839,40.7141016661702],[-74.0032420004623,40.7141486662037],[-74.0032239986376,40.7141956670497],[-74.003208999298,40.714243666475],[-74.0031949988819,40.7142936677049],[-74.0031840009596,40.7143446675158],[-74.0031760007557,40.7143956672427],[-74.0031699995211,40.7144486660466],[-74.003165999627,40.7145036666295],[-74.0031649998359,40.7145586662289],[-74.0030630002825,40.7153706672542],[-74.0030589992809,40.715404666126],[-74.003053999363,40.7154376663582],[-74.0030479993901,40.7154706666165],[-74.0030400004475,40.7155026664602],[-74.0030310002625,40.7155346663297],[-74.0030200011037,40.7155656675849],[-74.0030079995154,40.715596667064],[-74.0029940001329,40.7156266670274],[-74.0029790006847,40.7156566670148],[-74.002962999986,40.7156866670259],[-74.0029450003042,40.715715666619],[-74.0029250004542,40.7157436675941],[-74.0029049994039,40.7157716667647],[-74.0028829994099,40.7157996668822],[-74.0028590004267,40.7158266656778],[-74.0001929992723,40.7188026678884]]},"properties":{"FID":350,"objectid":1103,"shape_len":2405.31121908,"url":"http://web.mta.info/nyct/service/","name":"4-5-6","rt_symbol":"4","id":2000112,"Shape__Length":968.73183211638}},{"type":"Feature","id":351,"geometry":{"type":"LineString","coordinates":[[-73.9980186683932,40.6603337141971],[-73.9927996688099,40.6653507102585]]},"properties":{"FID":351,"objectid":1104,"shape_len":2331.8421495,"url":"http://web.mta.info/nyct/service/","name":"D","rt_symbol":"B","id":2000474,"Shape__Length":937.87051430403892}},{"type":"Feature","id":352,"geometry":{"type":"LineString","coordinates":[[-74.0117189991733,40.6350636659578],[-74.011804999621,40.6350996671152],[-74.0118909999831,40.6351346668309],[-74.0119799993401,40.6351696661697],[-74.012068999792,40.6352036667639],[-74.0121610002419,40.6352366655947],[-74.0122540008137,40.6352696669467],[-74.0123480001412,40.635301666739],[-74.0124439996215,40.635333666238],[-74.012542000252,40.6353646667629],[-74.0126410008162,40.6353946657171],[-74.0127419991713,40.6354246670661],[-74.0128450010369,40.635453665825],[-74.012949000468,40.6354816666041],[-74.0130550000544,40.6355096670621],[-74.0131609997295,40.6355376665216],[-74.0161900004814,40.6363186674222],[-74.0162379997078,40.6363306672725],[-74.0162850000867,40.6363426663437],[-74.016331999056,40.6363536667203],[-74.0163789994682,40.6363656666536],[-74.0164249986682,40.6363776667106],[-74.0164709993136,40.636390666325],[-74.0165159996821,40.6364026664887],[-74.0165610000668,40.6364146666347],[-74.0166059995345,40.6364276672398],[-74.016649999904,40.6364396665948],[-74.0166939993578,40.6364526673103],[-74.0167370008935,40.6364646676776],[-74.0167799991497,40.6364776667046],[-74.0168219997383,40.6364906667621],[-74.0168640003432,40.6365036668043],[-74.0194869999113,40.6372646670048],[-74.0196039998187,40.6373006669695],[-74.019716000136,40.6373386668241],[-74.0198249995098,40.6373776666628],[-74.0199290001783,40.6374176659399],[-74.0200289998371,40.6374586671966],[-74.020123999902,40.6375016665919],[-74.0202160001989,40.6375456669124],[-74.020303000595,40.6375906667173],[-74.0203859999682,40.6376366667415],[-74.0204650006779,40.6376836660926],[-74.0205390005962,40.6377326672353],[-74.0206099995452,40.6377826675432],[-74.0206759997478,40.6378336664809],[-74.0207370000138,40.637885665858],[-74.0207950007876,40.6379396675981],[-74.0208369990638,40.6379776663893],[-74.0208720010588,40.6380176664872],[-74.0208999993568,40.6380586665229],[-74.0209209998568,40.6381006665001],[-74.0209360005698,40.638144667618],[-74.0209430007082,40.6381886665891],[-74.0209439998526,40.6382346667048],[-74.0209380002786,40.6382826663458],[-74.020925000162,40.6383306672605],[-74.0209050001133,40.6383806667966],[-74.0208790001934,40.6384326665701],[-74.020844999604,40.6384846668875],[-74.0208050014726,40.6385386665309],[-74.0207579994791,40.6385936660997],[-74.0207039995152,40.6386496664849]]},"properties":{"FID":352,"objectid":1105,"shape_len":3031.62929073,"url":"http://web.mta.info/nyct/service/","name":"N","rt_symbol":"N","id":2000499,"Shape__Length":1216.9763294174991}},{"type":"Feature","id":353,"geometry":{"type":"LineString","coordinates":[[-73.987185638031,40.6893310130964],[-73.9872956381196,40.6893940134971],[-73.9873956373207,40.689462014148],[-73.9874816363612,40.6895320141299],[-73.9875566373674,40.6896060147392],[-73.9876186364431,40.689683014411],[-73.9876676359174,40.689763014067],[-73.9877046354162,40.6898460138305],[-73.9877296347157,40.6899330132827],[-73.987741634472,40.6900220140859],[-73.9877406356338,40.6901140149135],[-73.9877276340856,40.6902100136398],[-73.9877016338332,40.6903090141866],[-73.9876636333072,40.69041101305],[-73.987612633954,40.6905160137126],[-73.9875476338483,40.6906230146778]]},"properties":{"FID":353,"objectid":1106,"shape_len":534.191713353,"url":"http://web.mta.info/nyct/service/","name":"A-C","rt_symbol":"A","id":2000237,"Shape__Length":215.08709995263413}},{"type":"Feature","id":354,"geometry":{"type":"LineString","coordinates":[[-73.9638909995498,40.640926666591],[-73.964492001206,40.644030667643]]},"properties":{"FID":354,"objectid":1107,"shape_len":1143.10570588,"url":"http://web.mta.info/nyct/service/","name":"B","rt_symbol":"B","id":2000456,"Shape__Length":460.26662714600616}},{"type":"Feature","id":355,"geometry":{"type":"LineString","coordinates":[[-73.9753750008205,40.6871186663183],[-73.9668390000272,40.6880886671114]]},"properties":{"FID":355,"objectid":1108,"shape_len":2393.54243165,"url":"http://web.mta.info/nyct/service/","name":"G","rt_symbol":"G","id":2000319,"Shape__Length":960.83432461753978}},{"type":"Feature","id":356,"geometry":{"type":"LineString","coordinates":[[-73.9797789046027,40.6439446359331],[-73.9800319058945,40.6453006361523],[-73.9800669068065,40.6455166359711],[-73.9800859070375,40.6457256368804],[-73.9800869078306,40.6459256357904],[-73.9800699060607,40.6461186363542],[-73.9800369081798,40.6463036357355],[-73.9799869067741,40.6464806364475],[-73.979918907437,40.6466496364937],[-73.9798339090774,40.6468106360178],[-73.9797329082611,40.6469636369593],[-73.9796139092285,40.6471086362212],[-73.9794769107218,40.6472456373497],[-73.9793239095576,40.6473746361375],[-73.9791529108682,40.6474966371371],[-73.9789659109419,40.6476096369818],[-73.9787609119308,40.6477166366506],[-73.9774069142052,40.6482526387514],[-73.9772139151973,40.6483406379893],[-73.9770339148534,40.6484396393227],[-73.9768679157375,40.6485496394121],[-73.9767139153583,40.648669639238],[-73.9765739161909,40.6488006397314],[-73.9764459169492,40.6489416391573],[-73.9763319177712,40.6490936402431],[-73.9762299173909,40.6492556403402],[-73.9761409180994,40.6494286401629],[-73.9760649167658,40.649611639265],[-73.9760019190138,40.6498056399489],[-73.9759519193754,40.6500096399581],[-73.9759149179474,40.6502236393088],[-73.9758899209513,40.6504496387544],[-73.9758769185765,40.6506856409519]]},"properties":{"FID":356,"objectid":1109,"shape_len":2966.80335392,"url":"http://web.mta.info/nyct/service/","name":"F","rt_symbol":"B","id":2000402,"Shape__Length":1193.4887992520808}},{"type":"Feature","id":357,"geometry":{"type":"LineString","coordinates":[[-73.9977020004599,40.7243286659757],[-73.9926290008261,40.7303276671037]]},"properties":{"FID":357,"objectid":1110,"shape_len":2598.84113236,"url":"http://web.mta.info/nyct/service/","name":"N-Q-R-W","rt_symbol":"N","id":2000434,"Shape__Length":1046.6394227549549}},{"type":"Feature","id":358,"geometry":{"type":"LineString","coordinates":[[-73.9614949999119,40.6552916668841],[-73.9614680008147,40.6554056669042],[-73.9614449999927,40.6555186659813],[-73.9614250000732,40.655629666911],[-73.9614079999178,40.6557406661409],[-73.9613929997791,40.6558506673648],[-73.9613819997474,40.6559586671786],[-73.9613729991819,40.6560666676616],[-73.9613679993601,40.656173667211],[-73.9613650013958,40.6562806665307],[-73.9613650008912,40.6563856668077],[-73.961367999647,40.6564896667161],[-73.9613740006456,40.6565936658303],[-73.9613830003275,40.6566956668022],[-73.9613939995621,40.6567976657418],[-73.9614099994204,40.6568996672575],[-73.9619369997216,40.6601406665829],[-73.9619410000377,40.6601636670994],[-73.9619459990083,40.6601876666189],[-73.9619510003469,40.6602116670395],[-73.9619559987546,40.6602366661317],[-73.961961000713,40.6602616661252],[-73.9619660009218,40.6602876674923],[-73.9619720003587,40.6603136673884],[-73.9619779998003,40.6603396672842],[-73.96198399986,40.6603666658525],[-73.9619909997609,40.6603946661253],[-73.9619970004424,40.6604226669678],[-73.9620040009678,40.6604516668132],[-73.9620110003173,40.660480665757],[-73.9620180008544,40.6605096665018],[-73.9620259988728,40.6605396671486],[-73.9621070002157,40.6608246659096],[-73.9621110009666,40.6608366666096],[-73.9621139989407,40.6608486660787],[-73.9621180008768,40.6608606667789],[-73.9621210000352,40.6608726671486],[-73.9621240003776,40.6608846666182],[-73.9621279993852,40.6608976668902],[-73.96213099973,40.6609096663596],[-73.962133000843,40.6609216664005],[-73.9621360006215,40.6609346672438],[-73.9621390009694,40.6609466667128],[-73.9621409997199,40.6609586667527],[-73.9621439995021,40.6609716666952],[-73.9621460000516,40.6609846672093],[-73.9621480011696,40.6609966672497],[-73.9621500005386,40.6610096668629],[-73.9622459990317,40.6616136666786]]},"properties":{"FID":358,"objectid":1111,"shape_len":2322.30887076,"url":"http://web.mta.info/nyct/service/","name":"B","rt_symbol":"B","id":2000453,"Shape__Length":935.30803056610648}},{"type":"Feature","id":359,"geometry":{"type":"LineString","coordinates":[[-73.9841379994871,40.7649856660554],[-73.9817359992529,40.7682956658355]]},"properties":{"FID":359,"objectid":1112,"shape_len":1377.31804266,"url":"http://web.mta.info/nyct/service/","name":"A-C","rt_symbol":"A","id":2000200,"Shape__Length":555.14410985550137}},{"type":"Feature","id":360,"geometry":{"type":"LineString","coordinates":[[-73.9806580014637,40.7646636670412],[-73.979498999963,40.7662536674799]]},"properties":{"FID":360,"objectid":1113,"shape_len":662.307932311,"url":"http://web.mta.info/nyct/service/","name":"N-Q-R-W","rt_symbol":"N","id":2000426,"Shape__Length":266.94457640693338}},{"type":"Feature","id":361,"geometry":{"type":"LineString","coordinates":[[-73.9614266116621,40.6293002909439],[-73.9616218278877,40.6300861668016],[-73.9616319518619,40.6301246421779],[-73.9616412862968,40.6301610424927],[-73.9616501209148,40.6302012950626],[-73.9616603917633,40.6302434067829],[-73.9616698295651,40.6302830480993],[-73.9616784173747,40.6303250241786],[-73.9616875756667,40.630369801063],[-73.9616974027247,40.6304150113191],[-73.9617061020575,40.6304604409253],[-73.9617150123491,40.6305069656327],[-73.9617238838117,40.6305552652503],[-73.9617328042071,40.630604826511],[-73.9617415202244,40.6306542265098],[-73.9617494584317,40.6307058190139],[-73.9617588224629,40.6307609564362],[-73.9625790263665,40.6351051152925]]},"properties":{"FID":361,"objectid":1114,"shape_len":2139.21548695,"url":"http://web.mta.info/nyct/service/","name":"Q","rt_symbol":"N","id":2000458,"Shape__Length":861.20982222744885}},{"type":"Feature","id":362,"geometry":{"type":"LineString","coordinates":[[-73.8900640000594,40.8734116666198],[-73.8893350000055,40.8740046664782],[-73.8892940003661,40.8740406674075],[-73.8892530002053,40.8740776669634],[-73.8892140001276,40.8741146666237],[-73.8891750014183,40.8741536662569],[-73.8891380016064,40.8741926668965],[-73.8891019989653,40.8742326662235],[-73.8890660010247,40.8742726664441],[-73.8890319998376,40.8743146667573],[-73.8889990010497,40.8743566662233],[-73.8889659993616,40.8743996670201],[-73.8889350008451,40.8744436674762],[-73.888905000689,40.8744886666261],[-73.8888750000051,40.8745346671105],[-73.8888470006116,40.8745806659125],[-73.8888200007635,40.8746276661129],[-73.8878570015867,40.8767636669122],[-73.8878270017637,40.8768186665859],[-73.8877960010993,40.876872666637],[-73.8877640007789,40.8769256670658],[-73.8877299995091,40.8769776668974],[-73.8876950009526,40.8770286671068],[-73.8876590010472,40.8770796672309],[-73.8876210006884,40.8771286672124],[-73.8875810000527,40.8771776670335],[-73.8875400009391,40.8772256663256],[-73.8874980009715,40.8772726668864],[-73.8874540007209,40.8773196663814],[-73.887409000121,40.8773646667003],[-73.8873630010411,40.8774086664853],[-73.8873150004833,40.8774526669987],[-73.8872659990704,40.8774956669726],[-73.8846550004638,40.8797496671929]]},"properties":{"FID":362,"objectid":1115,"shape_len":2795.12810709,"url":"http://web.mta.info/nyct/service/","name":"4","rt_symbol":"4","id":2000146,"Shape__Length":1128.1324683510627}},{"type":"Feature","id":363,"geometry":{"type":"LineString","coordinates":[[-73.8846550004638,40.8797496671929],[-73.8816919999412,40.8823096669315],[-73.8816290011156,40.882367666658],[-73.8815670011829,40.8824256664742],[-73.8815060007425,40.882482665941],[-73.8814470011686,40.8825406660706],[-73.8813890004972,40.8825986662956],[-73.8813320005166,40.8826556661781],[-73.8812760012184,40.882713666602],[-73.8812219998402,40.8827716663529],[-73.8811690015363,40.8828286666695],[-73.8811180005602,40.8828866667585],[-73.88106700068,40.8829446677259],[-73.8810180005276,40.8830016666886],[-73.8809710000842,40.8830596663325],[-73.8809240001626,40.8831166664165],[-73.8808789999555,40.8831746671851],[-73.878751000517,40.8860366670739]]},"properties":{"FID":363,"objectid":1116,"shape_len":2826.37330785,"url":"http://web.mta.info/nyct/service/","name":"4","rt_symbol":"4","id":2000147,"Shape__Length":1140.7139237361675}},{"type":"Feature","id":364,"geometry":{"type":"LineString","coordinates":[[-73.8673520008239,40.865461666596],[-73.8671640005261,40.8713556665308]]},"properties":{"FID":364,"objectid":1117,"shape_len":2148.04454465,"url":"http://web.mta.info/nyct/service/","name":"2","rt_symbol":"1","id":2000063,"Shape__Length":867.886076824578}},{"type":"Feature","id":365,"geometry":{"type":"LineString","coordinates":[[-73.8671640005261,40.8713556665308],[-73.8670250006881,40.875826666378],[-73.8670159998961,40.8761896663538],[-73.866997001102,40.876366666092],[-73.8669700007008,40.8765226671126],[-73.8669280014505,40.8766926669314],[-73.8668590007533,40.8768606662141],[-73.8667869996637,40.8769876672537],[-73.8663929995151,40.8776236670488],[-73.8667220008717,40.8771066664884],[-73.8662560009763,40.8778496668967]]},"properties":{"FID":365,"objectid":1118,"shape_len":2826.28541774,"url":"http://web.mta.info/nyct/service/","name":"2","rt_symbol":"1","id":2000064,"Shape__Length":1141.7883781969683}},{"type":"Feature","id":366,"geometry":{"type":"LineString","coordinates":[[-73.8626330013188,40.8838946670725],[-73.8603410007405,40.8880216660776]]},"properties":{"FID":366,"objectid":1119,"shape_len":1631.73387931,"url":"http://web.mta.info/nyct/service/","name":"2","rt_symbol":"1","id":2000066,"Shape__Length":659.07135910167938}},{"type":"Feature","id":367,"geometry":{"type":"LineString","coordinates":[[-73.8429520012245,40.8398916669331],[-73.842228999848,40.8404966663166],[-73.842193001445,40.8405226665788],[-73.8421570006424,40.8405486668265],[-73.8421210021859,40.8405736666166],[-73.8420860020782,40.8405976673127],[-73.8420510019495,40.8406216661971],[-73.84201600061,40.8406446664207],[-73.8419820011839,40.8406666666561],[-73.8419480005497,40.8406886668799],[-73.8419150006488,40.8407096662147],[-73.8418810011669,40.8407296664217],[-73.8418490007987,40.8407486662087],[-73.8418159996617,40.8407676664154],[-73.8417840016239,40.8407866679885],[-73.8417520012195,40.8408036659491],[-73.8417210015439,40.8408206661744],[-73.8374300007367,40.8430446672901],[-73.837398000427,40.8430626662895],[-73.8373669996953,40.8430806666893],[-73.8373350004621,40.8430996661219],[-73.8373050015927,40.843118666566],[-73.8372740007362,40.8431376664892],[-73.8372440018323,40.8431566669174],[-73.8372140005397,40.8431756673343],[-73.837184000343,40.8431956663931],[-73.8371550009115,40.8432156668569],[-73.8371260002789,40.8432356664112],[-73.8370970008147,40.8432556659598],[-73.8370690008525,40.843276667362],[-73.837041002065,40.8432976660576],[-73.8370130008839,40.8433186665439],[-73.8369860004746,40.8433396666368],[-73.836322000753,40.843862667205]]},"properties":{"FID":367,"objectid":1120,"shape_len":2346.9544551,"url":"http://web.mta.info/nyct/service/","name":"6","rt_symbol":"4","id":2000163,"Shape__Length":945.64233773420028}},{"type":"Feature","id":368,"geometry":{"type":"LineString","coordinates":[[-73.836322000753,40.843862667205],[-73.8325690008738,40.8468096666045]]},"properties":{"FID":368,"objectid":1121,"shape_len":1493.66752459,"url":"http://web.mta.info/nyct/service/","name":"6","rt_symbol":"4","id":2000164,"Shape__Length":602.16922151624647}},{"type":"Feature","id":369,"geometry":{"type":"LineString","coordinates":[[-73.8512220003557,40.8342546668733],[-73.8500550003135,40.8343786665901],[-73.8499810005478,40.8343886667125],[-73.8499070011067,40.8344016663382],[-73.8498350007999,40.8344166667186],[-73.8497630008009,40.8344346666047],[-73.8496930012198,40.8344556677025],[-73.8496230019326,40.8344796665075],[-73.8495550018613,40.8345066665275],[-73.8494870019527,40.8345356665079],[-73.8494210012492,40.8345676668075],[-73.8493549996164,40.8346026675186],[-73.8492910006308,40.8346396663066],[-73.8492270008044,40.8346806668592],[-73.8491640005815,40.8347236668828],[-73.849102999431,40.8347686667859],[-73.8490420009763,40.834817667561],[-73.8470360007082,40.836487666527]]},"properties":{"FID":369,"objectid":1122,"shape_len":1478.94127885,"url":"http://web.mta.info/nyct/service/","name":"6","rt_symbol":"4","id":2000161,"Shape__Length":595.79799629326283}},{"type":"Feature","id":370,"geometry":{"type":"LineString","coordinates":[[-73.8470360007082,40.836487666527],[-73.8429520012245,40.8398916669331]]},"properties":{"FID":370,"objectid":1123,"shape_len":1677.84350189,"url":"http://web.mta.info/nyct/service/","name":"6","rt_symbol":"4","id":2000162,"Shape__Length":676.42421349080053}},{"type":"Feature","id":371,"geometry":{"type":"LineString","coordinates":[[-73.8463840011011,40.8695256664449],[-73.8385910012053,40.8786626662963]]},"properties":{"FID":371,"objectid":1124,"shape_len":3965.72311686,"url":"http://web.mta.info/nyct/service/","name":"5","rt_symbol":"4","id":2000073,"Shape__Length":1600.6179017867776}},{"type":"Feature","id":372,"geometry":{"type":"LineString","coordinates":[[-73.8935089993791,40.8669776677182],[-73.8919979994203,40.8689486667421],[-73.8918910004663,40.8690736661273],[-73.8917810005297,40.8691946662249],[-73.8916709995903,40.8693116671415],[-73.8915600004947,40.8694236665963],[-73.8914480011813,40.8695326663722],[-73.8913360004697,40.8696386674071],[-73.8912230004664,40.8697396669729],[-73.8911089995525,40.8698366664095],[-73.8909949996643,40.8699306662035],[-73.8908800005378,40.8700196663233],[-73.8907650000996,40.8701056667966],[-73.8906490000053,40.8701876671346],[-73.8905320014597,40.8702656664351],[-73.8904150004654,40.8703406660845],[-73.8902970015139,40.8704106669511],[-73.8894950011021,40.8709006664843],[-73.8893960000873,40.8709516671872],[-73.8892990010813,40.8710056665529],[-73.8892050014922,40.8710606664584],[-73.8890566470239,40.8711392329692],[-73.8889120745142,40.8712217614791],[-73.8887714656274,40.8713081459194],[-73.8886350008464,40.8713982793205],[-73.8885028523683,40.8714920457003],[-73.8883751888397,40.8715893263718],[-73.888252172988,40.87168999724],[-73.8881339580581,40.8717939314992],[-73.8880206949365,40.8719009960379],[-73.8879125309541,40.8720110577413],[-73.8878096004156,40.8721239717755],[-73.8877120328734,40.8722395996049],[-73.8876199543405,40.8723577927851],[-73.8875334837182,40.8724784010633],[-73.8874527256818,40.8726012705704],[-73.8873777872844,40.8727262456382],[-73.8873087601649,40.8728531678812],[-73.8872457347796,40.8729818780119],[-73.8871379988957,40.8732439986165]]},"properties":{"FID":372,"objectid":1125,"shape_len":2929.45477429,"url":"http://web.mta.info/nyct/service/","name":"B-D","rt_symbol":"B","id":2000229,"Shape__Length":1181.9085413377559}},{"type":"Feature","id":373,"geometry":{"type":"LineString","coordinates":[[-73.9117940004736,40.8484796671554],[-73.910631000471,40.8501046666216],[-73.9105800010366,40.8501816669039],[-73.9105270012054,40.8502566674192],[-73.9104720006576,40.8503316663565],[-73.9104170011706,40.8504066661681],[-73.9103600021403,40.8504816671003],[-73.9103020010639,40.8505556667777],[-73.9102429999832,40.8506306669942],[-73.9101830004079,40.850704666856],[-73.9101210000863,40.850778666928],[-73.9100579999134,40.8508526661863],[-73.909995000785,40.8509266663106],[-73.9099290001618,40.8509996672116],[-73.9098630004123,40.8510736667203],[-73.9097960009665,40.8511466667631],[-73.9097270007487,40.8512196661011],[-73.9076840020659,40.8534526656739]]},"properties":{"FID":373,"objectid":1126,"shape_len":2141.97487329,"url":"http://web.mta.info/nyct/service/","name":"4","rt_symbol":"4","id":2000141,"Shape__Length":864.26925220718044}},{"type":"Feature","id":374,"geometry":{"type":"LineString","coordinates":[[-73.913400000088,40.8393056673605],[-73.9133620005869,40.8393696675327],[-73.9133259998644,40.8394356673894],[-73.9132889994092,40.8395026669311],[-73.913253001744,40.8395716672111],[-73.9132159993595,40.8396436671682],[-73.9131799998804,40.839716666515],[-73.9131430004126,40.8397926673427],[-73.9131070014767,40.8398696666585],[-73.9130700002923,40.8399486670041],[-73.9130340005793,40.8400306667358],[-73.9129970009791,40.8401146674984],[-73.9129610019047,40.84019966675],[-73.9129240004397,40.8402876674783],[-73.9128879994978,40.8403766666959],[-73.9128500013406,40.8404686666377],[-73.9116399998671,40.844054666756],[-73.9115750005664,40.8442006670142],[-73.9115049999184,40.8443426670075],[-73.9114300001288,40.8444816671764],[-73.9113510007986,40.8446176664787],[-73.9112660002943,40.8447506669686],[-73.9111759995532,40.8448796671551],[-73.9110799999713,40.8450056667047],[-73.9109800007822,40.8451286671456],[-73.9108749999776,40.8452486667927],[-73.9107650012548,40.8453646678894],[-73.910650000898,40.845477666364],[-73.9105290004418,40.84558766683],[-73.9104039991503,40.8456946663194],[-73.9102730001132,40.8457986668678],[-73.9101360009509,40.8458996666521]]},"properties":{"FID":374,"objectid":1127,"shape_len":2598.48546084,"url":"http://web.mta.info/nyct/service/","name":"B-D","rt_symbol":"B","id":2000224,"Shape__Length":1048.9158403660736}},{"type":"Feature","id":375,"geometry":{"type":"LineString","coordinates":[[-73.9146850014035,40.844433666846],[-73.9117940004736,40.8484796671554]]},"properties":{"FID":375,"objectid":1128,"shape_len":1677.13310661,"url":"http://web.mta.info/nyct/service/","name":"4","rt_symbol":"4","id":2000140,"Shape__Length":676.80975132449078}},{"type":"Feature","id":376,"geometry":{"type":"LineString","coordinates":[[-73.9101360009509,40.8458996666521],[-73.9087550004025,40.8468676666936],[-73.9085349998845,40.8470276675927],[-73.90832400018,40.8471866666704],[-73.9081209997166,40.8473426667865],[-73.9079259995674,40.8474966666303],[-73.9077389998044,40.8476486671433],[-73.9075599993159,40.8477986665624],[-73.9073890005412,40.847946666728],[-73.9072270008509,40.8480926675774],[-73.9070720011835,40.8482356661905],[-73.906925000851,40.8483776660974],[-73.9067870009925,40.8485176667899],[-73.9066560011297,40.8486556675824],[-73.9065340009062,40.8487906669701],[-73.9064190005777,40.8489246669555],[-73.9063109990071,40.8490576666577],[-73.9052270005111,40.8504096672281]]},"properties":{"FID":376,"objectid":1129,"shape_len":2145.59665377,"url":"http://web.mta.info/nyct/service/","name":"B-D","rt_symbol":"B","id":2000225,"Shape__Length":865.27734729481335}},{"type":"Feature","id":377,"geometry":{"type":"LineString","coordinates":[[-73.9214000017937,40.835536667057],[-73.9204760008799,40.8371046665712],[-73.9203090005347,40.8373606662139],[-73.9201299996967,40.8375556668381],[-73.9199480000853,40.8377036665169],[-73.9195530010085,40.8379666672984],[-73.9193120006448,40.8381296666477],[-73.919114001257,40.8382916663896],[-73.9189509995034,40.8384626674091],[-73.9187740000066,40.838698666787],[-73.9177910014281,40.8400746667502]]},"properties":{"FID":377,"objectid":1130,"shape_len":1951.78005804,"url":"http://web.mta.info/nyct/service/","name":"4","rt_symbol":"4","id":2000138,"Shape__Length":787.3975521088978}},{"type":"Feature","id":378,"geometry":{"type":"LineString","coordinates":[[-73.9177910014281,40.8400746667502],[-73.9146850014035,40.844433666846]]},"properties":{"FID":378,"objectid":1131,"shape_len":1805.76135758,"url":"http://web.mta.info/nyct/service/","name":"4","rt_symbol":"4","id":2000139,"Shape__Length":728.67479672011632}},{"type":"Feature","id":379,"geometry":{"type":"LineString","coordinates":[[-73.9184320000443,40.8337686663449],[-73.9146030007613,40.8376906667611],[-73.9145030002214,40.8378006672628],[-73.9144049994763,40.8379116669074],[-73.9143099993398,40.8380226668953],[-73.9142179999311,40.838132666785],[-73.9141290000824,40.8382416674835],[-73.9140430008959,40.8383506658454],[-73.9139600001161,40.8384586668299],[-73.9138790004993,40.8385666665457],[-73.9138020000409,40.8386736660413],[-73.913728001489,40.8387806668288],[-73.9136559995112,40.8388866659115],[-73.9135880003024,40.8389916665973],[-73.9135220011394,40.8390966678403],[-73.9134600011139,40.8392016666416],[-73.913400000088,40.8393056673605]]},"properties":{"FID":379,"objectid":1132,"shape_len":2456.10944165,"url":"http://web.mta.info/nyct/service/","name":"B-D","rt_symbol":"B","id":2000223,"Shape__Length":990.65045000009229}},{"type":"Feature","id":380,"geometry":{"type":"LineString","coordinates":[[-73.9052270005111,40.8504096672281],[-73.9015320011263,40.8549956669922],[-73.9014760006589,40.8550636666195],[-73.9014200009661,40.8551326666656],[-73.9013649994547,40.8552026661821],[-73.9013100001983,40.855272666574],[-73.9012560014961,40.8553436664404],[-73.9012020000079,40.8554156658237],[-73.9011479995861,40.8554876669829],[-73.9010960003906,40.855561666221],[-73.9010430001056,40.855635666377],[-73.9009920004638,40.8557096664239],[-73.9009400014977,40.8557856673815],[-73.9008900008092,40.8558616664295],[-73.9008400000051,40.8559376663553],[-73.9007899996601,40.8560156671506],[-73.9007410004842,40.8560926674383]]},"properties":{"FID":380,"objectid":1133,"shape_len":2414.67785797,"url":"http://web.mta.info/nyct/service/","name":"B-D","rt_symbol":"B","id":2000226,"Shape__Length":974.40686446108509}},{"type":"Feature","id":381,"geometry":{"type":"LineString","coordinates":[[-73.9007410004842,40.8560926674383],[-73.8990780014049,40.8588806669483],[-73.8990369989603,40.8589476672172],[-73.8989970001605,40.8590136679041],[-73.8989570009502,40.8590806672204],[-73.8989180006457,40.859146666952],[-73.8988800001026,40.8592126675459],[-73.8988420015233,40.8592796667726],[-73.8988040008288,40.85934566734],[-73.8987679997482,40.8594116660466],[-73.8987309999338,40.8594776674667],[-73.8986949998925,40.8595436679511],[-73.8986600008162,40.8596096657007],[-73.898625001665,40.8596756670409],[-73.8985909999217,40.8597416674455],[-73.8985569996383,40.859806666495],[-73.8985230001327,40.8598726668801],[-73.8977490003474,40.8612956673024]]},"properties":{"FID":381,"objectid":1134,"shape_len":2068.77287054,"url":"http://web.mta.info/nyct/service/","name":"B-D","rt_symbol":"B","id":2000227,"Shape__Length":835.22441772053162}},{"type":"Feature","id":382,"geometry":{"type":"LineString","coordinates":[[-73.9410207550985,40.7510755283838],[-73.9401357550121,40.7506945269771]]},"properties":{"FID":382,"objectid":1135,"shape_len":281.770528225,"url":"http://web.mta.info/nyct/service/","name":"N-W","rt_symbol":"N","id":2000172,"Shape__Length":113.3147925098983}},{"type":"Feature","id":383,"geometry":{"type":"LineString","coordinates":[[-73.9612645261337,40.7960117524094],[-73.9579685162565,40.8005247458801]]},"properties":{"FID":383,"objectid":1137,"shape_len":1880.51002027,"url":"http://web.mta.info/nyct/service/","name":"B-D","rt_symbol":"B","id":2000206,"Shape__Length":758.31329318816313}},{"type":"Feature","id":384,"geometry":{"type":"LineString","coordinates":[[-73.9579685648837,40.8005246792609],[-73.9546925565729,40.8050046745604]]},"properties":{"FID":384,"objectid":1138,"shape_len":1867.28224528,"url":"http://web.mta.info/nyct/service/","name":"B-D","rt_symbol":"B","id":2000207,"Shape__Length":753.02853798709123}},{"type":"Feature","id":385,"geometry":{"type":"LineString","coordinates":[[-73.9762206219883,40.7755136975541],[-73.9719536120661,40.7813526912458]]},"properties":{"FID":385,"objectid":1139,"shape_len":2433.54918748,"url":"http://web.mta.info/nyct/service/","name":"B-D","rt_symbol":"B","id":2000202,"Shape__Length":981.03382504577655}},{"type":"Feature","id":386,"geometry":{"type":"LineString","coordinates":[[-73.9839668275609,40.764934298324],[-73.9815463454636,40.7682161076417]]},"properties":{"FID":386,"objectid":1140,"shape_len":1370.83130283,"url":"http://web.mta.info/nyct/service/","name":"B-D","rt_symbol":"B","id":2000200,"Shape__Length":552.5165599567797}},{"type":"Feature","id":387,"geometry":{"type":"LineString","coordinates":[[-73.9815465871794,40.7682157744941],[-73.976220572212,40.7755137668826]]},"properties":{"FID":387,"objectid":1141,"shape_len":3040.72450529,"url":"http://web.mta.info/nyct/service/","name":"B-D","rt_symbol":"B","id":2000201,"Shape__Length":1225.6856354531544}},{"type":"Feature","id":388,"geometry":{"type":"LineString","coordinates":[[-73.9687265306351,40.7857877843499],[-73.964509518628,40.7915657773408]]},"properties":{"FID":388,"objectid":1142,"shape_len":2407.31274723,"url":"http://web.mta.info/nyct/service/","name":"B-D","rt_symbol":"B","id":2000204,"Shape__Length":970.60752665338646}},{"type":"Feature","id":389,"geometry":{"type":"LineString","coordinates":[[-73.9719534105578,40.7813529658498],[-73.9687264026001,40.7857879608134]]},"properties":{"FID":389,"objectid":1143,"shape_len":1846.48625748,"url":"http://web.mta.info/nyct/service/","name":"B-D","rt_symbol":"B","id":2000203,"Shape__Length":744.43346540259654}},{"type":"Feature","id":390,"geometry":{"type":"LineString","coordinates":[[-73.9645095115141,40.7915657863437],[-73.9612645036029,40.7960117821183]]},"properties":{"FID":390,"objectid":1144,"shape_len":1852.34301907,"url":"http://web.mta.info/nyct/service/","name":"B-D","rt_symbol":"B","id":2000205,"Shape__Length":746.905612167263}},{"type":"Feature","id":391,"geometry":{"type":"LineString","coordinates":[[-73.9521541522022,40.8110278428837],[-73.9521124926116,40.8110840346541],[-73.9520709906387,40.8111368550111],[-73.9520261237239,40.8111914740474],[-73.951981152344,40.8112462235945],[-73.9519363413763,40.8112986607125],[-73.9518885048086,40.8113523536448],[-73.9518406005514,40.8114061239713],[-73.9517928827266,40.8114576593204],[-73.9517426422615,40.8115098320462],[-73.9516924000459,40.811561042117],[-73.9516396043894,40.8116128580299],[-73.9515873957435,40.8116640996472],[-73.9515332475393,40.8117143804947],[-73.9514790114893,40.8117647423242],[-73.9514174265992,40.8118190199969],[-73.9504351479345,40.8128022963907],[-73.9504011925241,40.8128324781694],[-73.9503642231281,40.8128673358244],[-73.9503272821595,40.812902165564],[-73.9502904973269,40.8129389503389],[-73.9502538338163,40.812976692383],[-73.950220002395,40.8130135981754],[-73.9501850970799,40.8130505584241],[-73.9501507202391,40.813089232537],[-73.9501162394699,40.8131289385646],[-73.9500827316708,40.8131687269481],[-73.9500492479564,40.8132095346951],[-73.950016230633,40.8132510729377],[-73.9499846282404,40.8132928693267],[-73.9499509942998,40.8133362695113],[-73.9499207442485,40.8133811200558],[-73.9490132820851,40.8146226440602],[-73.9489852437422,40.8146596943214],[-73.9489565944505,40.8146989559261],[-73.9489292242557,40.814737906518],[-73.9489013643479,40.8147786218606],[-73.9488748456163,40.8148199906513],[-73.9488493469398,40.8148603639384],[-73.9488247729228,40.8149020343459],[-73.9488013670983,40.8149427408342],[-73.9487769631057,40.8149851812316],[-73.9487543257865,40.8150282986821],[-73.948732994546,40.8150699443958],[-73.9487107136381,40.8151134456074],[-73.948690851133,40.8151563076372],[-73.9486697215764,40.8152006774319],[-73.948651476349,40.8152442623729],[-73.9474446165042,40.8178387931315]]},"properties":{"FID":391,"objectid":1145,"shape_len":2826.49276946,"url":"http://web.mta.info/nyct/service/","name":"B-D","rt_symbol":"B","id":2000209,"Shape__Length":1140.0963136177993}},{"type":"Feature","id":392,"geometry":{"type":"LineString","coordinates":[[-73.9546925067529,40.8050047429787],[-73.9531013116589,40.8071828940671],[-73.9530496910202,40.8072454342717],[-73.9529988340029,40.8073139819877],[-73.9529524476327,40.8073835598741],[-73.9529111026566,40.8074531938302],[-73.9528727057864,40.8075234025934],[-73.9528396654238,40.8075938899872],[-73.952809908956,40.80766442374],[-73.9527843659798,40.807737721038],[-73.9527633012585,40.80780978288],[-73.9527465575396,40.8078834484748],[-73.9527344773549,40.80795702863],[-73.9527255952541,40.8080314187418],[-73.9527222619125,40.8081058660582],[-73.9527222612763,40.8081785056396],[-73.9527243789463,40.8082504995311],[-73.9528134541353,40.8096447338627],[-73.952816309503,40.8097028198474],[-73.952817237242,40.8097566663991],[-73.952816312717,40.8098102960727],[-73.9528135556011,40.8098627003187],[-73.952809094195,40.8099117756265],[-73.9528019513569,40.8099599790546],[-73.9527928796768,40.8100089660257],[-73.9527823787645,40.8100544701853],[-73.9527692509252,40.810099102486],[-73.9527544432564,40.8101426553],[-73.9527366298993,40.8101862969296],[-73.9527180018725,40.8102288756345],[-73.952697638271,40.8102687539316],[-73.9526759406032,40.8103063065919],[-73.9526503786667,40.8103446491985],[-73.9521532339643,40.811029095095]]},"properties":{"FID":392,"objectid":1146,"shape_len":2372.74730323,"url":"http://web.mta.info/nyct/service/","name":"B-D","rt_symbol":"B","id":2000208,"Shape__Length":957.29366937261511}},{"type":"Feature","id":393,"geometry":{"type":"LineString","coordinates":[[-73.917837120206,40.815955645946],[-73.91675176052,40.8156276302978],[-73.9165486340084,40.8155721316889],[-73.9163041327628,40.8155380147202],[-73.9159330654534,40.8155185416588],[-73.915644481295,40.8155355844137],[-73.9154019847899,40.8155827044641],[-73.9151156281291,40.8156688264802],[-73.914851751658,40.8157662106991],[-73.9147315697458,40.8158159400947],[-73.9146287638984,40.8158582162088],[-73.9143617545234,40.8159573898746],[-73.9141734112104,40.8160117029003],[-73.9140018968945,40.8160370501692],[-73.913796394736,40.816047589214],[-73.913593803018,40.8160366370046],[-73.9133544812048,40.8160162070247],[-73.9126970655997,40.8159493687788],[-73.911867541853,40.8158691256271],[-73.9111565258289,40.8158097054345],[-73.9107417497549,40.8157844151939],[-73.9103710866376,40.8157659835309],[-73.9100846031487,40.8157659837981],[-73.9098071488379,40.8157609215174],[-73.9093780542785,40.8157713099837],[-73.9090707956392,40.8158005206452],[-73.9088443008019,40.8158440780572],[-73.9086000785172,40.8159015426617],[-73.9082609789188,40.8160329836965],[-73.9076789327656,40.8163567981075]]},"properties":{"FID":393,"objectid":1147,"shape_len":2939.4364099,"url":"http://web.mta.info/nyct/service/","name":"5","rt_symbol":"4","id":2000051,"Shape__Length":1182.51968784581}},{"type":"Feature","id":394,"geometry":{"type":"LineString","coordinates":[[-73.9016482441706,40.8194484150391],[-73.8966142481708,40.8220444091726]]},"properties":{"FID":394,"objectid":1148,"shape_len":1684.00031549,"url":"http://web.mta.info/nyct/service/","name":"5","rt_symbol":"4","id":2000053,"Shape__Length":678.1253305624723}},{"type":"Feature","id":395,"geometry":{"type":"LineString","coordinates":[[-73.896614308673,40.82204437861],[-73.8929423132941,40.8239363748654]]},"properties":{"FID":395,"objectid":1149,"shape_len":1228.0157931,"url":"http://web.mta.info/nyct/service/","name":"5","rt_symbol":"4","id":2000054,"Shape__Length":494.52216724726446}},{"type":"Feature","id":396,"geometry":{"type":"LineString","coordinates":[[-73.8916492945731,40.8299760736931],[-73.8916335672962,40.8300940247187],[-73.8916154483921,40.8302027299068],[-73.8915805536826,40.8303611698896],[-73.8914953096726,40.8306216876759],[-73.8914070298131,40.8308314722256],[-73.8912706081399,40.8310860577893],[-73.8911434629651,40.8312881107416],[-73.887997682659,40.8365503894554],[-73.8878716512539,40.8367597787451],[-73.8877469771068,40.8369569386961],[-73.887617353807,40.8371285232448],[-73.8875577067678,40.8371917869764]]},"properties":{"FID":396,"objectid":1150,"shape_len":2871.03034125,"url":"http://web.mta.info/nyct/service/","name":"5","rt_symbol":"4","id":2000056,"Shape__Length":1158.6828131992984}},{"type":"Feature","id":397,"geometry":{"type":"LineString","coordinates":[[-73.8673981661931,40.8571876921321],[-73.867135138002,40.8654576917591]]},"properties":{"FID":397,"objectid":1151,"shape_len":3013.95937084,"url":"http://web.mta.info/nyct/service/","name":"5","rt_symbol":"4","id":2000062,"Shape__Length":1217.6176029074095}},{"type":"Feature","id":398,"geometry":{"type":"LineString","coordinates":[[-73.8733308595892,40.8417801817518],[-73.8716332381213,40.8431358786454],[-73.8712257742363,40.8434579885161],[-73.8708533757974,40.8438118146645],[-73.8706720931938,40.8440143018593],[-73.8705220449112,40.8442200800125],[-73.8703952704587,40.8444440488722],[-73.8702670334257,40.844712829899],[-73.8699369719299,40.8454732689052],[-73.869745904521,40.8459164247172]]},"properties":{"FID":398,"objectid":1152,"shape_len":1838.87526226,"url":"http://web.mta.info/nyct/service/","name":"5","rt_symbol":"4","id":2000059,"Shape__Length":741.79132361154348}},{"type":"Feature","id":399,"geometry":{"type":"LineString","coordinates":[[-73.8798917357427,40.8401812845066],[-73.8797328756295,40.8403083722882],[-73.8795595950167,40.8404848035701],[-73.8791115441131,40.8409497416515],[-73.8790253853774,40.8410295179269],[-73.8789650669097,40.8410624190292],[-73.8788903640954,40.841089583259],[-73.8787957493235,40.8411089210371],[-73.8787155039647,40.8411115516758],[-73.8786408406304,40.841104638394],[-73.8785936842626,40.8410948823447],[-73.8785257888793,40.8410666560175],[-73.8783223834982,40.8409848946915],[-73.8781325520855,40.8409048096596],[-73.8778816894646,40.8407983229663],[-73.877729302334,40.8407431089271],[-73.8775404412712,40.8406886727153],[-73.8773774154593,40.8406558412996],[-73.8771995439485,40.8406310739813],[-73.8770196070132,40.8406210776913],[-73.8768315311996,40.8406188517977],[-73.8765920843262,40.8406376106886],[-73.876268080392,40.8406855336566],[-73.8746773038185,40.8409619265893],[-73.8744625609712,40.8410164476055],[-73.8743320189079,40.8410626574805],[-73.8742064655316,40.8411148672369],[-73.8740700183946,40.841201046004],[-73.8739552279671,40.8412855121244],[-73.8733314569203,40.841779706947]]},"properties":{"FID":399,"objectid":1153,"shape_len":2138.98605367,"url":"http://web.mta.info/nyct/service/","name":"5","rt_symbol":"4","id":2000058,"Shape__Length":861.41115037282282}},{"type":"Feature","id":400,"geometry":{"type":"LineString","coordinates":[[-73.9905309995187,40.6993366665892],[-73.9913050008792,40.6993676665605],[-73.991422999888,40.6993746669907],[-73.991539000487,40.6993816671531],[-73.9916539998678,40.699390666263],[-73.9917680004065,40.699401667025],[-73.9918800000591,40.6994136671014],[-73.9919909997023,40.6994276661362],[-73.9921009993452,40.6994436659334],[-73.9922089993037,40.6994606668595],[-73.9923159992766,40.6994796667545],[-73.9924220005692,40.6994996669532],[-73.9925269994118,40.6995226665951],[-73.9926299998872,40.6995456669137],[-73.992732000295,40.6995716666828],[-73.9928330008626,40.6995986658677],[-73.9929309993896,40.6996286670869],[-73.9962060001051,40.7005386675212],[-73.9966229999978,40.7006756663994],[-73.9970299993052,40.7008226672943],[-73.9974220002405,40.7009776674612],[-73.9978000003091,40.7011406661714],[-73.9981619998686,40.7013116671324],[-73.9985089987668,40.7014906669055],[-73.9988409993568,40.7016786669952],[-73.9991590003221,40.7018746661688],[-73.9994610007715,40.7020786663331],[-73.999749000372,40.7022906658171],[-74.0000209993821,40.7025106665266],[-74.0002789998305,40.7027396672369],[-74.0005220006156,40.7029756671089],[-74.0007489994442,40.7032206671805],[-74.0009659989745,40.7034726656578],[-74.0048450002906,40.7084606669403],[-74.0048939999323,40.7085246659921],[-74.0049470006396,40.7085886657512],[-74.0050020000112,40.7086506662639],[-74.0050609992048,40.7087116670068],[-74.0051219994355,40.7087706666943],[-74.0051870007601,40.7088296661688],[-74.0052540006831,40.7088856668132],[-74.0053249992645,40.7089406667655],[-74.0053980001551,40.708994666112],[-74.0054750008977,40.7090476674554],[-74.0055540003219,40.7090986668146],[-74.0056370007032,40.7091476676894],[-74.0057219999351,40.7091966666036],[-74.0058110001289,40.7092436679195],[-74.0058999989104,40.7092866672954],[-74.0076910005514,40.7101966665615]]},"properties":{"FID":400,"objectid":1154,"shape_len":6504.94191889,"url":"http://web.mta.info/nyct/service/","name":"A-C","rt_symbol":"A","id":2000233,"Shape__Length":2616.035220152477}},{"type":"Feature","id":401,"geometry":{"type":"LineString","coordinates":[[-73.9622459990317,40.6616136666786],[-73.9623919999867,40.66255066755],[-73.9624079994905,40.6626416672501],[-73.9624270015473,40.6627326670273],[-73.9624500000805,40.6628226667308],[-73.9624750007479,40.6629126670819],[-73.962502000011,40.6630026662771],[-73.962532999333,40.6630916671949],[-73.9625659996364,40.6631806669535],[-73.9626010003065,40.6632686668785],[-73.9626400005105,40.6633566662899],[-73.9626809993573,40.6634446672361],[-73.9627240009626,40.6635316674417],[-73.9627710009553,40.6636186662229],[-73.9628199989933,40.6637046660567],[-73.9628720008967,40.6637906668384],[-73.9629270001381,40.6638756671876],[-73.9725027896203,40.6764403525623]]},"properties":{"FID":401,"objectid":1155,"shape_len":6143.82954691,"url":"http://web.mta.info/nyct/service/","name":"B","rt_symbol":"B","id":2000452,"Shape__Length":2472.8178779065911}},{"type":"Feature","id":402,"geometry":{"type":"LineString","coordinates":[[-73.9508499997507,40.6627416676382],[-73.9509669999732,40.6639266664176],[-73.9509740013809,40.6639886672414],[-73.9509800008707,40.6640526667834],[-73.9509850012522,40.6641196664188],[-73.9509889985271,40.6641886665731],[-73.9509909993227,40.6642596677236],[-73.9509919993703,40.6643326675931],[-73.9509920014802,40.6644086657556],[-73.9509899999981,40.6644866676127],[-73.9509870005701,40.6645676659617],[-73.9509829999268,40.6646496670582],[-73.9509780001456,40.6647346664467],[-73.9509710007461,40.6648226673027],[-73.9509630013019,40.6649116664035],[-73.9509540003352,40.6650036673964],[-73.9509420011709,40.6650976671554],[-73.9506830002176,40.6678826658259]]},"properties":{"FID":402,"objectid":1156,"shape_len":1877.44161798,"url":"http://web.mta.info/nyct/service/","name":"2","rt_symbol":"1","id":2000100,"Shape__Length":756.248988995244}},{"type":"Feature","id":403,"geometry":{"type":"LineString","coordinates":[[-73.9517060003351,40.6699216665176],[-73.9547130007017,40.6700826661822],[-73.9549830003738,40.6700956675319],[-73.9552580004278,40.6701176663429],[-73.9555420002241,40.6701566670062],[-73.9558230002032,40.6702076669867],[-73.9581309994107,40.6706816672367]]},"properties":{"FID":403,"objectid":1157,"shape_len":1811.2910465,"url":"http://web.mta.info/nyct/service/","name":"2-3","rt_symbol":"1","id":2000088,"Shape__Length":726.94000148272858}},{"type":"Feature","id":404,"geometry":{"type":"LineString","coordinates":[[-73.964492001206,40.644030667643],[-73.9645120000868,40.6441566662169],[-73.9645300004248,40.6442816663949],[-73.9645440001606,40.6444066662355],[-73.9645539998027,40.6445306661652],[-73.9645610006815,40.6446536664936],[-73.9645640008947,40.6447766655873],[-73.9645630004183,40.6448996670484],[-73.9645579997634,40.6450216667996],[-73.9645499997366,40.6451436674254],[-73.9645380006736,40.6452646663404],[-73.9645219996561,40.6453856658189],[-73.964501999558,40.6455056671859],[-73.9644790000139,40.6456256667208],[-73.9644519996366,40.645745666814],[-73.96442100077,40.6458656656623],[-73.962981999862,40.6505266661342]]},"properties":{"FID":404,"objectid":1158,"shape_len":2416.61316506,"url":"http://web.mta.info/nyct/service/","name":"B","rt_symbol":"B","id":2000455,"Shape__Length":973.03536744283815}},{"type":"Feature","id":405,"geometry":{"type":"LineString","coordinates":[[-73.9781719996516,40.6361186666629],[-73.9782490003474,40.6365256671762],[-73.9782619994637,40.6365956660673],[-73.9782770000969,40.6366686667641],[-73.9782939998929,40.636744665663],[-73.9783119999873,40.6368236679778],[-73.978330999206,40.6369056674042],[-73.9783510011004,40.6369906675443],[-73.9783729998248,40.6370786667835],[-73.9783960012408,40.6371696667347],[-73.9784200006277,40.6372636664959],[-73.9784450003568,40.6373606669673],[-73.9784709989315,40.6374616668232],[-73.9784990006164,40.637564667099],[-73.978527999125,40.6376706662805],[-73.9785580000542,40.6377806675457],[-73.9785909997893,40.6378916662345],[-73.9786050003226,40.6379446670707],[-73.9786190000169,40.6379966665279],[-73.9786319993406,40.6380496662736],[-73.9786450005068,40.6381006668663],[-73.9786569989356,40.6381526659463],[-73.9786699992784,40.6382026669596],[-73.9786810003532,40.6382536671762],[-73.9786929994762,40.6383036661997],[-73.9787039997221,40.6383536668376],[-73.9787140002263,40.638402666813],[-73.9787240007451,40.6384516667871],[-73.9787340004151,40.6384996671842],[-73.9787430000202,40.6385476664948],[-73.97875200082,40.6385956667052],[-73.978760999587,40.638642666438],[-73.9790559990451,40.6401856664297],[-73.9790640012732,40.6402226665913],[-73.9790720008322,40.6402606663272],[-73.9790790002941,40.6402986676815],[-73.9790860003202,40.6403386663854],[-73.9790929991721,40.6403786659889],[-73.9791000000831,40.6404196669688],[-73.9791060008948,40.6404606668659],[-73.9791119990363,40.6405026672381],[-73.9791179992373,40.6405456662851],[-73.9791230002046,40.6405896665268],[-73.9791290001072,40.6406336669493],[-73.9791339995937,40.6406786667653],[-73.9791379998442,40.6407246668757],[-73.9791429999005,40.6407716667425],[-73.9791469998504,40.6408186664275],[-73.9792040004201,40.6413686665872],[-73.9792079992665,40.6414156662668],[-73.9792129994237,40.6414626670274],[-73.9792179995882,40.6415096668872],[-73.9792239995732,40.6415576665025],[-73.9792300004375,40.6416066665933],[-73.9792360001282,40.6416556675839],[-73.9792430011373,40.6417046669535],[-73.9792509996091,40.6417546660779],[-73.979259000146,40.6418056665783],[-73.9792670006952,40.6418566670777],[-73.9792760002045,40.6419076668559],[-73.9792850005992,40.6419596671091],[-73.9792939995156,40.6420126669364],[-73.9793039997607,40.6420656669429],[-73.979314000894,40.6421196665237],[-73.9797789046027,40.6439446359331]]},"properties":{"FID":405,"objectid":1159,"shape_len":2888.12325953,"url":"http://web.mta.info/nyct/service/","name":"F","rt_symbol":"B","id":2000403,"Shape__Length":1162.8298797737671}},{"type":"Feature","id":406,"geometry":{"type":"LineString","coordinates":[[-74.0037390007862,40.7262266663037],[-74.0027199996213,40.7285826663864],[-74.0027049998257,40.7286206673051],[-74.0026889986618,40.7286606664738],[-74.0026729998863,40.7287016670056],[-74.002655000632,40.7287436662452],[-74.002637000211,40.7287866668474],[-74.0026169993045,40.7288306670565],[-74.0025969995942,40.7288756668265],[-74.0025749993914,40.7289216671026],[-74.0025520001656,40.7289696665255],[-74.0025289997611,40.7290186673091],[-74.0025040011814,40.7290676672307],[-74.0024780000169,40.7291186662973],[-74.0024520000332,40.7291706667231],[-74.0024239995683,40.729224666314],[-74.0023949999843,40.7292786668188]]},"properties":{"FID":406,"objectid":1160,"shape_len":1172.86449871,"url":"http://web.mta.info/nyct/service/","name":"A-C-E","rt_symbol":"A","id":2000190,"Shape__Length":472.70325274959879}},{"type":"Feature","id":407,"geometry":{"type":"LineString","coordinates":[[-74.0062770001436,40.7228536664004],[-74.0053670005953,40.728250667542]]},"properties":{"FID":407,"objectid":1161,"shape_len":1982.40611768,"url":"http://web.mta.info/nyct/service/","name":"1-2-3","rt_symbol":"1","id":2000008,"Shape__Length":799.21052596278946}},{"type":"Feature","id":408,"geometry":{"type":"LineString","coordinates":[[-73.9977020004599,40.7243286659757],[-73.9926290008261,40.7303276671037]]},"properties":{"FID":408,"objectid":1162,"shape_len":2598.84113236,"url":"http://web.mta.info/nyct/service/","name":"N-Q-R-W","rt_symbol":"N","id":2000434,"Shape__Length":1046.6394227549549}},{"type":"Feature","id":409,"geometry":{"type":"LineString","coordinates":[[-73.9946590000633,40.7259146668266],[-73.9943726006204,40.7262993929449],[-73.9936220000955,40.7273076671296],[-73.9917400008733,40.7295136668393],[-73.9917050008391,40.7295546671796],[-73.9916689994409,40.7295946669715],[-73.9916310011506,40.7296336670423],[-73.9915920013687,40.7296726670272],[-73.9915509999561,40.7297106672874],[-73.9915089995436,40.7297476660937],[-73.991466000003,40.7297846666114],[-73.9914220002777,40.7298206665734],[-73.9913760001019,40.7298556668042],[-73.9913280005282,40.7298906677664],[-73.9912799998512,40.7299246673429],[-73.9912289996376,40.7299576671063],[-73.9911780005572,40.7299906668471],[-73.9911249998384,40.7300226668464],[-73.991070001032,40.7300536662013]]},"properties":{"FID":409,"objectid":1163,"shape_len":1813.51023767,"url":"http://web.mta.info/nyct/service/","name":"4-5-6","rt_symbol":"4","id":2000115,"Shape__Length":730.33241164771368}},{"type":"Feature","id":410,"geometry":{"type":"LineString","coordinates":[[-73.992549999571,40.7241846671824],[-73.9962039999632,40.7252966664503]]},"properties":{"FID":410,"objectid":1164,"shape_len":1090.83248986,"url":"http://web.mta.info/nyct/service/","name":"B-D-F-M","rt_symbol":"B","id":2000333,"Shape__Length":438.33165843503912}},{"type":"Feature","id":411,"geometry":{"type":"LineString","coordinates":[[-73.9956570004864,40.74408066671],[-73.9933650001923,40.7472146659948]]},"properties":{"FID":411,"objectid":1165,"shape_len":1306.55532184,"url":"http://web.mta.info/nyct/service/","name":"1-2-3","rt_symbol":"1","id":2000013,"Shape__Length":526.45152068683649}},{"type":"Feature","id":412,"geometry":{"type":"LineString","coordinates":[[-73.9997770012962,40.7333236668914],[-73.9997359998225,40.7333906664069],[-73.9997020005034,40.7334586672904],[-73.999673999491,40.7335266663794],[-73.9996520003499,40.7335956668442],[-73.99963600073,40.7336656659867],[-73.9996259994713,40.7337356669469],[-73.9996209998132,40.7338066665855],[-73.9996220009197,40.7338776662431],[-73.9996290016262,40.7339486668199],[-73.9996419983951,40.7340206660778],[-73.9996599992033,40.7340936676138],[-73.9996849999992,40.7341666664641],[-73.9997150001422,40.7342396671217],[-73.9997500008285,40.734313666445],[-73.9997920003771,40.7343886662341],[-74.0024330001534,40.7388066673484],[-74.0024770005496,40.7388846665597],[-74.0025140006343,40.7389636663701],[-74.0025440003462,40.7390426663225],[-74.0025669996218,40.7391206659588],[-74.0025829996969,40.7391996662106],[-74.0025920004695,40.7392776661533],[-74.0025940007697,40.7393556662525],[-74.0025899997988,40.7394336664858],[-74.0025780002655,40.7395116659969],[-74.0025600005598,40.7395886669769],[-74.0025349991024,40.7396656663065],[-74.0025020014119,40.7397436662675],[-74.0024629999286,40.7398206667837],[-74.0024170001362,40.7398966669693],[-74.0023630004819,40.7399736659627],[-74.0016899993618,40.7408926679062]]},"properties":{"FID":412,"objectid":1166,"shape_len":2996.48077922,"url":"http://web.mta.info/nyct/service/","name":"A-C-E","rt_symbol":"A","id":2000193,"Shape__Length":1207.6137138305537}},{"type":"Feature","id":413,"geometry":{"type":"LineString","coordinates":[[-74.000201000634,40.7378256674408],[-73.9978709994308,40.7410396666144]]},"properties":{"FID":413,"objectid":1167,"shape_len":1337.18255444,"url":"http://web.mta.info/nyct/service/","name":"1-2-3","rt_symbol":"1","id":2000011,"Shape__Length":538.74868314396167}},{"type":"Feature","id":414,"geometry":{"type":"LineString","coordinates":[[-74.0001929992723,40.7188026678884],[-73.9990489992695,40.7200546671966],[-73.9972760006731,40.7221246664063],[-73.9972639995216,40.7221376667768],[-73.9972529996997,40.7221506662695],[-73.9972409997641,40.7221626661716],[-73.9972310000844,40.7221756665866],[-73.9972200002914,40.7221876665106],[-73.9972099994202,40.7222006669237],[-73.9972009999223,40.7222126668942],[-73.9971910002694,40.7222246668396],[-73.9971829997329,40.7222366668331],[-73.9971739990415,40.7222486668014],[-73.9971659996827,40.7222606667937],[-73.9971579991374,40.7222726667854],[-73.9971509999253,40.7222846668012],[-73.997141000081,40.7223006677056]]},"properties":{"FID":414,"objectid":1168,"shape_len":1530.1185781,"url":"http://web.mta.info/nyct/service/","name":"4-5-6","rt_symbol":"4","id":2000113,"Shape__Length":616.13517224392683}},{"type":"Feature","id":415,"geometry":{"type":"LineString","coordinates":[[-73.993752999167,40.7182666672617],[-73.9920250001501,40.7216546662505],[-73.9920099992618,40.7216836670202],[-73.9919950007277,40.7217126668874],[-73.9919810011413,40.7217416668221],[-73.9919670004796,40.7217696671894],[-73.9919539998308,40.7217986662898],[-73.9919420006207,40.7218266667937],[-73.991931000242,40.7218556669317],[-73.9919199999749,40.7218836666026],[-73.9919089996985,40.7219116671728],[-73.9919000007696,40.7219406674482],[-73.9918910007711,40.7219686663562],[-73.9918829997295,40.7219966671348],[-73.9918749999866,40.7220236674468],[-73.9918679990809,40.7220516664937],[-73.9918610005362,40.7220796673413],[-73.9917089990331,40.7229176669613],[-73.9916929994868,40.7230356676545],[-73.9916870012292,40.7231466667055],[-73.9916910005116,40.7232526668486],[-73.9917060009757,40.7233546677206],[-73.9917310001324,40.723452666544],[-73.9917669994995,40.7235456674207],[-73.9918120010141,40.7236346670622],[-73.9918680003178,40.7237196664996],[-73.9919349999306,40.7237996661519],[-73.9920110007079,40.7238746667618],[-73.9920979993487,40.7239456671136],[-73.9921959994232,40.7240126662821],[-73.9923039996993,40.7240746664081],[-73.9924220000669,40.724132667029],[-73.992549999571,40.7241846671824]]},"properties":{"FID":415,"objectid":1169,"shape_len":2352.35456618,"url":"http://web.mta.info/nyct/service/","name":"B-D","rt_symbol":"B","id":2000332,"Shape__Length":947.80960340793854}},{"type":"Feature","id":416,"geometry":{"type":"LineString","coordinates":[[-74.0014290005955,40.7199296670042],[-73.9977020004599,40.7243286659757]]},"properties":{"FID":416,"objectid":1170,"shape_len":1906.79774185,"url":"http://web.mta.info/nyct/service/","name":"N-Q-R-W","rt_symbol":"N","id":2000435,"Shape__Length":767.86863035103033}},{"type":"Feature","id":417,"geometry":{"type":"LineString","coordinates":[[-73.9962039999632,40.7252966664503],[-73.9966410000025,40.7254366659637],[-73.9967499998068,40.7254746669721],[-73.9968579995346,40.7255126669493],[-73.9969640013042,40.7255516663374],[-73.9970690006284,40.7255906665027],[-73.9971719996277,40.7256306669884],[-73.9972729995685,40.7256696677695],[-73.9973730005285,40.7257106666684],[-73.9974710000567,40.7257506667719],[-73.9975680006446,40.7257916672361],[-73.9976629997216,40.7258336662423],[-73.9977559996892,40.725875666932],[-73.9978480007507,40.7259176675275],[-73.9979380014819,40.7259606666781],[-73.9980269997534,40.7260036666414],[-73.9981140000893,40.7260466674034],[-74.0019009995433,40.7279126665161],[-74.0020189996409,40.7279696676119],[-74.0021259998416,40.7280316666136],[-74.0022200008432,40.7280986671921],[-74.0023010002255,40.7281696671131],[-74.0023709997004,40.7282466663925],[-74.0024279998731,40.7283276668636],[-74.0024730009881,40.728413667188],[-74.0025060006414,40.7285046664795],[-74.0025154189061,40.7285823603618],[-74.0024863855726,40.7286741147209],[-74.002439483854,40.7287675696118],[-74.0023970501538,40.7288491295709],[-74.00234344851,40.7289493815989],[-74.0022697444159,40.729080217072],[-74.0021960426799,40.7292195496947]]},"properties":{"FID":417,"objectid":1171,"shape_len":2406.25193177,"url":"http://web.mta.info/nyct/service/","name":"B-D-F-M","rt_symbol":"B","id":2000334,"Shape__Length":967.84521742357515}},{"type":"Feature","id":418,"geometry":{"type":"LineString","coordinates":[[-74.0052289999491,40.7208236659822],[-74.0052939997775,40.7217576679313],[-74.00529899983,40.7218236660429],[-74.0053020007035,40.7218886673817],[-74.0053040001721,40.7219526673996],[-74.0053039992678,40.7220156661424],[-74.0053020003525,40.7220776663118],[-74.0052990000996,40.7221396674271],[-74.0052930004913,40.7222006664128],[-74.0052860006406,40.7222606667787],[-74.0052780005451,40.7223196667234],[-74.0052670011573,40.7223786668044],[-74.0052550002539,40.7224356677987],[-74.0052410002022,40.7224926670813],[-74.0052249985517,40.7225486668871],[-74.0052080002678,40.7226046676359],[-74.0051889991159,40.7226586666396],[-74.0037390007862,40.7262266663037]]},"properties":{"FID":418,"objectid":1172,"shape_len":2032.56031664,"url":"http://web.mta.info/nyct/service/","name":"A-C-E","rt_symbol":"A","id":2000189,"Shape__Length":819.26232627937782}},{"type":"Feature","id":419,"geometry":{"type":"LineString","coordinates":[[-73.9850010004543,40.688483667691],[-73.984050000656,40.6881116664834],[-73.9839760009039,40.6880836673442],[-73.9839009992092,40.6880556662163],[-73.9838270005221,40.6880286674517],[-73.9837520010744,40.6880016657966],[-73.9836780001415,40.6879746669357],[-73.9836029996316,40.6879476660836],[-73.983528000118,40.6879216665538],[-73.9834539991169,40.687895666218],[-73.9833789997199,40.6878696665908],[-73.9833040001311,40.6878446664846],[-73.9832290005984,40.68781966723],[-73.9831549995745,40.6877946662716],[-73.9830799999002,40.6877706664896],[-73.9830050002799,40.6877466666587],[-73.9829299995306,40.6877226667787],[-73.9828589994794,40.6876996661151],[-73.9827890005517,40.6876756659874],[-73.9827180005987,40.6876526670378],[-73.982648000588,40.6876286668241],[-73.9825780008889,40.6876036669977],[-73.9825079997969,40.687579667599],[-73.9824380002019,40.6875546667868],[-73.9823680003946,40.6875306673029],[-73.9822989984338,40.6875046669888],[-73.9822290001787,40.68747966695],[-73.9821599992404,40.6874546661226],[-73.982090999805,40.6874286665844],[-73.9820220004238,40.6874026661043],[-73.9819530001836,40.687375666913],[-73.9818829989165,40.6873496661922],[-73.9813060000988,40.6871436669778],[-73.9812660003673,40.6871286669219],[-73.981227000279,40.6871136661146],[-73.9811880011088,40.6870996666654],[-73.9811489995893,40.687085666302],[-73.9811100001683,40.6870726672968],[-73.9810720003871,40.6870596675423],[-73.9810340003365,40.6870476664448],[-73.9809960002994,40.6870356662351],[-73.9809579999903,40.6870246664835],[-73.9809209993172,40.687013666885],[-73.9808839995529,40.6870036659444],[-73.9808470006952,40.686994666363],[-73.9808099994814,40.6869856667694],[-73.9807739990838,40.6869766664306],[-73.9807379995899,40.6869686665512],[-73.980336000283,40.6868506663984],[-73.9802360003395,40.6868226676076],[-73.9801340009335,40.6867996671357],[-73.9800299993929,40.6867786671671],[-73.9799239998401,40.6867616668374],[-73.9798159993142,40.6867466660998],[-73.9797060010509,40.6867346663204],[-73.9795940003046,40.6867256674926],[-73.9794800006107,40.6867196669097],[-73.9793629996593,40.6867176666577],[-73.9792449996563,40.6867176661473],[-73.9791239998566,40.6867206663837],[-73.9790020009801,40.6867256663512],[-73.9788770007774,40.6867346666206],[-73.9787509999656,40.6867466661803],[-73.9786209996673,40.6867616671714],[-73.9768280008095,40.6869706660928]]},"properties":{"FID":419,"objectid":1173,"shape_len":2410.46407445,"url":"http://web.mta.info/nyct/service/","name":"A-C","rt_symbol":"A","id":2000239,"Shape__Length":967.96906729101272}},{"type":"Feature","id":420,"geometry":{"type":"LineString","coordinates":[[-73.9823040007889,40.6915586669634],[-73.9816370116494,40.6901267789761],[-73.9813851063682,40.6897801156448],[-73.9810934134714,40.689430079098],[-73.9807840324771,40.6891136919282],[-73.9803950698312,40.688807386039],[-73.9799469530595,40.6885206213778]]},"properties":{"FID":420,"objectid":1174,"shape_len":1310.11405854,"url":"http://web.mta.info/nyct/service/","name":"B-D","rt_symbol":"B","id":2000448,"Shape__Length":527.36803425422659}},{"type":"Feature","id":421,"geometry":{"type":"LineString","coordinates":[[-73.9889369995264,40.6889286671304],[-73.9877380007723,40.6907006665577]]},"properties":{"FID":421,"objectid":1175,"shape_len":726.189421372,"url":"http://web.mta.info/nyct/service/","name":"F","rt_symbol":"B","id":2000391,"Shape__Length":292.39062833247004}},{"type":"Feature","id":422,"geometry":{"type":"LineString","coordinates":[[-73.9804919991462,40.6882456658448],[-73.9806539989206,40.6884746658435],[-73.9806970000067,40.6885326661286],[-73.9807400005898,40.6885926673379],[-73.9807850005164,40.6886486669831],[-73.9808329994651,40.6887046671096],[-73.9808840009561,40.6887566676342],[-73.9809410007153,40.688807666858],[-73.9810010003697,40.6888556669384],[-73.9810649992856,40.6889016676052],[-73.9811330001149,40.6889446674812],[-73.9812050011094,40.6889866665994],[-73.9812800005338,40.6890266670204],[-73.9813599997175,40.6890616667511],[-73.9814439990653,40.6890956666008],[-73.9815290005201,40.6891296665498],[-73.9816160001898,40.6891636667551],[-73.9850649999924,40.6905446672855]]},"properties":{"FID":422,"objectid":1176,"shape_len":1550.33169023,"url":"http://web.mta.info/nyct/service/","name":"2-3","rt_symbol":"1","id":2000082,"Shape__Length":623.06590613720857}},{"type":"Feature","id":423,"geometry":{"type":"LineString","coordinates":[[-73.9850010004543,40.688483667691],[-73.9871791902604,40.6893324216816]]},"properties":{"FID":423,"objectid":1177,"shape_len":678.617808901,"url":"http://web.mta.info/nyct/service/","name":"A-C","rt_symbol":"A","id":2000238,"Shape__Length":272.61778699652706}},{"type":"Feature","id":424,"geometry":{"type":"LineString","coordinates":[[-73.9888418480371,40.6887164618744],[-73.9887658470484,40.6888174623636],[-73.9886848482531,40.688907461639],[-73.9886008482689,40.6889884617292],[-73.9885118479828,40.6890594619581],[-73.9884188482572,40.6891204624151],[-73.9883228499616,40.6891714622917],[-73.9882228497505,40.6892134619483],[-73.9881178493607,40.6892454617017],[-73.9880098493299,40.6892674626474],[-73.9878978500466,40.6892794619702],[-73.9877818513754,40.6892824619298],[-73.987661851182,40.6892754611433],[-73.9875378507045,40.6892584604985],[-73.9874108520243,40.6892314609927],[-73.987280851272,40.6891964608545]]},"properties":{"FID":424,"objectid":1178,"shape_len":522.742189468,"url":"http://web.mta.info/nyct/service/","name":"G","rt_symbol":"G","id":2000317,"Shape__Length":210.06164422348763}},{"type":"Feature","id":425,"geometry":{"type":"LineString","coordinates":[[-73.9873420005872,40.6923376663831],[-73.987343001138,40.6923456666503],[-73.9872770000265,40.6936816666081],[-73.987275999921,40.6937146666902],[-73.9872730003654,40.6937476665511],[-73.9872710003409,40.6937816669921],[-73.9872680005889,40.6938156673223],[-73.987265000834,40.6938496667518],[-73.9872619998928,40.6938836670814],[-73.9872589999406,40.6939186669801],[-73.9872550004488,40.6939526671987],[-73.9872519993067,40.6939876670969],[-73.9872479994247,40.6940236673538],[-73.9872439997299,40.6940586662402],[-73.9872399998393,40.6940946664965],[-73.9872350002142,40.6941306666415],[-73.9872310003145,40.6941666668972],[-73.9872260004875,40.6942036666108],[-73.9872109996953,40.6943336665679],[-73.987206000005,40.6943636656937],[-73.9872020012271,40.6943936667315],[-73.9871980000798,40.6944236659679],[-73.9871939999194,40.6944546674747],[-73.9871910004823,40.6944866668608],[-73.9871870001232,40.6945186661352],[-73.9871839994965,40.6945506664212],[-73.9871819994025,40.6945846668572],[-73.9871789997614,40.694617666712],[-73.987176999663,40.6946516662471],[-73.9871750005532,40.6946866662517],[-73.9871730014414,40.6947216662562],[-73.9871719995083,40.6947576668412],[-73.9871709987573,40.6947936665257],[-73.9871699999866,40.6948316671494],[-73.9870359989801,40.697394667518]]},"properties":{"FID":425,"objectid":1179,"shape_len":1844.71031149,"url":"http://web.mta.info/nyct/service/","name":"F","rt_symbol":"B","id":2000235,"Shape__Length":743.39776874349968}},{"type":"Feature","id":426,"geometry":{"type":"LineString","coordinates":[[-73.9823040007889,40.6915586669634],[-73.9834279997692,40.6938286663216]]},"properties":{"FID":426,"objectid":1180,"shape_len":883.815502041,"url":"http://web.mta.info/nyct/service/","name":"B-D","rt_symbol":"B","id":2000447,"Shape__Length":355.98904548863038}},{"type":"Feature","id":427,"geometry":{"type":"LineString","coordinates":[[-73.9877380007723,40.6907006665577],[-73.9875819995276,40.6909446663789],[-73.9875560000094,40.6909926663232],[-73.9875320010046,40.6910406664781],[-73.9875090004665,40.6910886676366],[-73.9874880002619,40.6911376658757],[-73.9874689993979,40.69118666703],[-73.9874520002458,40.6912356674986],[-73.9874370002558,40.6912856659511],[-73.987422998748,40.6913356663115],[-73.9874120010188,40.691385666098],[-73.9874020004075,40.6914366673628],[-73.9873940003456,40.6914876661441],[-73.9873869999623,40.691538666835],[-73.9873830008218,40.6915906665233],[-73.9873800001846,40.6916426672211],[-73.9873789989304,40.6916946663368],[-73.9873430002463,40.6923316672755],[-73.9873420005872,40.6923376663831]]},"properties":{"FID":427,"objectid":1181,"shape_len":614.308435873,"url":"http://web.mta.info/nyct/service/","name":"F","rt_symbol":"B","id":2000236,"Shape__Length":247.49601730625307}},{"type":"Feature","id":428,"geometry":{"type":"LineString","coordinates":[[-73.9765419256593,40.6547986390066],[-73.9765649253236,40.6549116396746],[-73.9765919242286,40.6550206401533],[-73.9766259245563,40.6551256392491],[-73.9766659268358,40.6552276390287],[-73.9767119255263,40.6553256390104],[-73.9767649253602,40.6554206389638],[-73.9768229256924,40.6555126384765],[-73.9768879267163,40.655599638795],[-73.9769589258903,40.6556846384284],[-73.9770359262832,40.6557656400196],[-73.97711892554,40.655842638153],[-73.9772089260281,40.6559166379915],[-73.9773039258944,40.6559876382229],[-73.9774059261647,40.6560546396545],[-73.9775149253236,40.656118638239],[-73.9797489244422,40.6574266361434],[-73.9798869252067,40.6575116367222],[-73.9800129248892,40.6575986368985],[-73.9801249239035,40.6576876363662],[-73.9802229242719,40.6577796356407],[-73.9803089246185,40.6578736355262],[-73.9803819245296,40.657969635879],[-73.9804409232903,40.6580686361271],[-73.9804869250604,40.6581696350879],[-73.9805209242469,40.6582726356466],[-73.9805409244824,40.6583786361493],[-73.9805469259945,40.6584866361291],[-73.9805409259286,40.6585966359261],[-73.9805209255338,40.6587096365744],[-73.9804889257967,40.6588246352304],[-73.9804429255876,40.6589426347193],[-73.9798264298083,40.660063005889]]},"properties":{"FID":428,"objectid":1182,"shape_len":2424.16628376,"url":"http://web.mta.info/nyct/service/","name":"F","rt_symbol":"B","id":2000400,"Shape__Length":975.05664930090131}},{"type":"Feature","id":429,"geometry":{"type":"LineString","coordinates":[[-73.9758769185765,40.6506856409519],[-73.975880920359,40.6507686388853],[-73.9758859193268,40.6508536397777],[-73.9758909207704,40.6509416402931],[-73.975897920856,40.6510316403752],[-73.9759069204136,40.6511246395978],[-73.9759159212778,40.6512206393431],[-73.9759259205344,40.6513186402452],[-73.9759379204665,40.6514196393865],[-73.97595092117,40.6515226396843],[-73.9759639211934,40.6516276391279],[-73.9759789203712,40.6517366408855],[-73.9759949230653,40.6518466397219],[-73.9760119222896,40.6519606388607],[-73.9760309214175,40.6520766402624],[-73.976051922468,40.6521956407989],[-73.9765419256593,40.6547986390066]]},"properties":{"FID":429,"objectid":1183,"shape_len":1510.54359622,"url":"http://web.mta.info/nyct/service/","name":"F","rt_symbol":"B","id":2000401,"Shape__Length":608.31945810856564}},{"type":"Feature","id":430,"geometry":{"type":"LineString","coordinates":[[-73.9627929993467,40.635081666773],[-73.9638909995498,40.640926666591]]},"properties":{"FID":430,"objectid":1184,"shape_len":2151.18555362,"url":"http://web.mta.info/nyct/service/","name":"B","rt_symbol":"B","id":2000457,"Shape__Length":866.11211397792124}},{"type":"Feature","id":431,"geometry":{"type":"LineString","coordinates":[[-73.9614949999119,40.6552916668841],[-73.9614680008147,40.6554056669042],[-73.9614449999927,40.6555186659813],[-73.9614250000732,40.655629666911],[-73.9614079999178,40.6557406661409],[-73.9613929997791,40.6558506673648],[-73.9613819997474,40.6559586671786],[-73.9613729991819,40.6560666676616],[-73.9613679993601,40.656173667211],[-73.9613650013958,40.6562806665307],[-73.9613650008912,40.6563856668077],[-73.961367999647,40.6564896667161],[-73.9613740006456,40.6565936658303],[-73.9613830003275,40.6566956668022],[-73.9613939995621,40.6567976657418],[-73.9614099994204,40.6568996672575],[-73.9619369997216,40.6601406665829],[-73.9619410000377,40.6601636670994],[-73.9619459990083,40.6601876666189],[-73.9619510003469,40.6602116670395],[-73.9619559987546,40.6602366661317],[-73.961961000713,40.6602616661252],[-73.9619660009218,40.6602876674923],[-73.9619720003587,40.6603136673884],[-73.9619779998003,40.6603396672842],[-73.96198399986,40.6603666658525],[-73.9619909997609,40.6603946661253],[-73.9619970004424,40.6604226669678],[-73.9620040009678,40.6604516668132],[-73.9620110003173,40.660480665757],[-73.9620180008544,40.6605096665018],[-73.9620259988728,40.6605396671486],[-73.9621070002157,40.6608246659096],[-73.9621110009666,40.6608366666096],[-73.9621139989407,40.6608486660787],[-73.9621180008768,40.6608606667789],[-73.9621210000352,40.6608726671486],[-73.9621240003776,40.6608846666182],[-73.9621279993852,40.6608976668902],[-73.96213099973,40.6609096663596],[-73.962133000843,40.6609216664005],[-73.9621360006215,40.6609346672438],[-73.9621390009694,40.6609466667128],[-73.9621409997199,40.6609586667527],[-73.9621439995021,40.6609716666952],[-73.9621460000516,40.6609846672093],[-73.9621480011696,40.6609966672497],[-73.9621500005386,40.6610096668629],[-73.9622459990317,40.6616136666786]]},"properties":{"FID":431,"objectid":1185,"shape_len":2322.30887076,"url":"http://web.mta.info/nyct/service/","name":"B","rt_symbol":"B","id":2000453,"Shape__Length":935.30803056610648}},{"type":"Feature","id":432,"geometry":{"type":"LineString","coordinates":[[-73.962981999862,40.6505266661342],[-73.9629100009234,40.6507676673566],[-73.9628389992989,40.6510066669994],[-73.9627670003767,40.6512436662198],[-73.9626959993466,40.651477666089],[-73.9626260009579,40.6517086666105],[-73.9625560008428,40.6519376661333],[-73.9624860013707,40.6521646673599],[-73.962415999566,40.652388667113],[-73.9623470004569,40.6526096675229],[-73.9622779996572,40.652828666936],[-73.9622099998338,40.653045667483],[-73.9621420000888,40.6532596665604],[-73.9620739998617,40.6534716664441],[-73.9620059997282,40.6536806666598],[-73.9619379991274,40.6538876667815],[-73.9614949999119,40.6552916668841]]},"properties":{"FID":432,"objectid":1186,"shape_len":1784.40993909,"url":"http://web.mta.info/nyct/service/","name":"B","rt_symbol":"B","id":2000454,"Shape__Length":718.50725140774671}},{"type":"Feature","id":433,"geometry":{"type":"LineString","coordinates":[[-73.9710460007703,40.675234666867],[-73.975098000161,40.6808286663375]]},"properties":{"FID":433,"objectid":1187,"shape_len":2327.41173558,"url":"http://web.mta.info/nyct/service/","name":"2-3","rt_symbol":"1","id":2000085,"Shape__Length":936.8520674088137}},{"type":"Feature","id":434,"geometry":{"type":"LineString","coordinates":[[-73.975098000161,40.6808286663375],[-73.9776660000779,40.6843586665455]]},"properties":{"FID":434,"objectid":1188,"shape_len":1470.13439207,"url":"http://web.mta.info/nyct/service/","name":"2-3","rt_symbol":"1","id":2000084,"Shape__Length":591.809346265032}},{"type":"Feature","id":435,"geometry":{"type":"LineString","coordinates":[[-73.9830376635395,40.6772527044316],[-73.9787376611822,40.6836027026062]]},"properties":{"FID":435,"objectid":1189,"shape_len":2602.81734623,"url":"http://web.mta.info/nyct/service/","name":"D","rt_symbol":"B","id":2000471,"Shape__Length":1047.842350312045}},{"type":"Feature","id":436,"geometry":{"type":"LineString","coordinates":[[-73.9725011286978,40.6764381459041],[-73.97653210291,40.6819961404547],[-73.9765651033305,40.6820501420089],[-73.9765951039727,40.6821041411422],[-73.9766241030971,40.6821571413936],[-73.9766511028144,40.6822111417028],[-73.9766771030235,40.6822651409023],[-73.9767001030824,40.6823201417602],[-73.9767231031799,40.6823751408122],[-73.9767431026336,40.6824291405826],[-73.9767621030497,40.6824851410897],[-73.9767791035502,40.6825401416191],[-73.9767951018079,40.6825961415142],[-73.9768091021592,40.6826521410039],[-73.9768211034159,40.6827081409894],[-73.9768321015843,40.6827641407713],[-73.976842102229,40.6828211408221],[-73.976898505901,40.6844872939112]]},"properties":{"FID":436,"objectid":1190,"shape_len":3234.36772392,"url":"http://web.mta.info/nyct/service/","name":"B","rt_symbol":"B","id":2000451,"Shape__Length":1302.264738706551}},{"type":"Feature","id":437,"geometry":{"type":"LineString","coordinates":[[-73.965837998743,40.6832626668368],[-73.9674300006463,40.6835946671117],[-73.9674989991035,40.6836076666298],[-73.9675660005316,40.6836236669567],[-73.9676339991991,40.6836396666246],[-73.9677010002076,40.6836566664433],[-73.9677690003399,40.6836746669739],[-73.9678370000272,40.6836936661341],[-73.9679040015818,40.6837146668183],[-73.967972000387,40.683735667741],[-73.9680389991817,40.6837576670156],[-73.9681070006663,40.6837806660996],[-73.9681750005366,40.683804667415],[-73.9682420015879,40.683829666184],[-73.9683100006062,40.6838556674607],[-73.9683769996275,40.6838826670923],[-73.9684450001724,40.6839106674305],[-73.9739459998072,40.6861126670159]]},"properties":{"FID":437,"objectid":1191,"shape_len":2486.49621903,"url":"http://web.mta.info/nyct/service/","name":"A-C","rt_symbol":"A","id":2000241,"Shape__Length":998.71995335050076}},{"type":"Feature","id":438,"geometry":{"type":"LineString","coordinates":[[-73.9882296663025,40.6707837080391],[-73.9841206653298,40.6757117045589],[-73.9840746664244,40.67576770482],[-73.984029665715,40.6758237033999],[-73.9839866652655,40.6758787044699],[-73.9839436659282,40.6759337046231],[-73.9839026647363,40.675986704996],[-73.9838616656034,40.6760407031247],[-73.9838226658079,40.6760927050784],[-73.9837846654126,40.6761447053582],[-73.9837476646632,40.6761957052946],[-73.9837126653911,40.6762457059306],[-73.9836776648841,40.6762957047545],[-73.9836446646797,40.6763447042805],[-73.9836116656094,40.6763937046974],[-73.9835806633013,40.6764417049176],[-73.9835506653925,40.6764887039003],[-73.9830376635395,40.6772527044316]]},"properties":{"FID":438,"objectid":1192,"shape_len":2763.67252376,"url":"http://web.mta.info/nyct/service/","name":"D","rt_symbol":"B","id":2000472,"Shape__Length":1112.2243078767801}},{"type":"Feature","id":439,"geometry":{"type":"LineString","coordinates":[[-73.9780419386457,40.6650336386389],[-73.9804059368809,40.6661746365383]]},"properties":{"FID":439,"objectid":1193,"shape_len":776.477311173,"url":"http://web.mta.info/nyct/service/","name":"F","rt_symbol":"B","id":2000397,"Shape__Length":311.91711103091205}},{"type":"Feature","id":440,"geometry":{"type":"LineString","coordinates":[[-73.9776660000779,40.6843586665455],[-73.978708000644,40.6857806673091],[-73.9804919991462,40.6882456658448]]},"properties":{"FID":440,"objectid":1194,"shape_len":1618.56830942,"url":"http://web.mta.info/nyct/service/","name":"2-3","rt_symbol":"1","id":2000083,"Shape__Length":651.59869839267219}},{"type":"Feature","id":441,"geometry":{"type":"LineString","coordinates":[[-73.9739459998072,40.6861126670159],[-73.9754379999599,40.6867196667047],[-73.9755299997602,40.6867536662861],[-73.9756210007648,40.6867856673425],[-73.9757109997807,40.6868146667033],[-73.975803000025,40.6868416672742],[-73.9758939994413,40.6868656670505],[-73.9759860004483,40.6868876660225],[-73.9760780002258,40.6869066662103],[-73.9761699995876,40.6869236662837],[-73.9762630008697,40.6869376659789],[-73.9763560005334,40.6869496673588],[-73.9764489997549,40.6869596659212],[-73.9765430000337,40.6869656663321],[-73.9766369994969,40.6869706661954],[-73.9767310000206,40.6869726672719],[-73.9768280008095,40.6869706660928]]},"properties":{"FID":441,"objectid":1195,"shape_len":869.720854144,"url":"http://web.mta.info/nyct/service/","name":"A-C","rt_symbol":"A","id":2000240,"Shape__Length":349.30313813656255}},{"type":"Feature","id":442,"geometry":{"type":"LineString","coordinates":[[-74.0095089997007,40.7103676674341],[-74.0087700007892,40.7112176660467],[-74.0087480001617,40.711237666264],[-74.008724999534,40.7112576674533],[-74.0086999989175,40.7112776660876],[-74.0086750003928,40.7112956664829],[-74.0086489994998,40.7113136669481],[-74.0086219997879,40.7113316665816],[-74.0085940009987,40.7113476671494],[-74.0085649998405,40.7113636668845],[-74.0085359997237,40.7113786670452],[-74.0085050006715,40.7113926668789],[-74.0084730003063,40.7114056663103],[-74.0084410011122,40.7114186666334],[-74.0084069994333,40.7114306666263],[-74.0083719999936,40.7114416662142],[-74.0083380002822,40.7114506665853],[-74.0052900003351,40.7122136669154],[-74.0052330001711,40.7122276670583],[-74.0051770012461,40.7122426675951],[-74.0051239989053,40.7122596662046],[-74.0050730001688,40.7122776669696],[-74.0050230002993,40.7122966672353],[-74.0049760005592,40.7123176664831],[-74.0049299985,40.7123396670368],[-74.0048860000412,40.7123626661533],[-74.0048450004533,40.7123866664946],[-74.0048050009843,40.7124126659132],[-74.0047669991985,40.7124396675033],[-74.0047310010844,40.7124686672315],[-74.0046969994001,40.7124976677675],[-74.0046650002751,40.7125296669125],[-74.0046310000617,40.7125636670635],[-74.0041309993845,40.7130646671448]]},"properties":{"FID":442,"objectid":1196,"shape_len":1866.18724594,"url":"http://web.mta.info/nyct/service/","name":"4-5","rt_symbol":"4","id":2000111,"Shape__Length":750.31089172440011}},{"type":"Feature","id":443,"geometry":{"type":"LineString","coordinates":[[-74.0052289999491,40.7208236659822],[-74.0052939997775,40.7217576679313],[-74.00529899983,40.7218236660429],[-74.0053020007035,40.7218886673817],[-74.0053040001721,40.7219526673996],[-74.0053039992678,40.7220156661424],[-74.0053020003525,40.7220776663118],[-74.0052990000996,40.7221396674271],[-74.0052930004913,40.7222006664128],[-74.0052860006406,40.7222606667787],[-74.0052780005451,40.7223196667234],[-74.0052670011573,40.7223786668044],[-74.0052550002539,40.7224356677987],[-74.0052410002022,40.7224926670813],[-74.0052249985517,40.7225486668871],[-74.0052080002678,40.7226046676359],[-74.0051889991159,40.7226586666396],[-74.0037390007862,40.7262266663037]]},"properties":{"FID":443,"objectid":1197,"shape_len":2032.56031664,"url":"http://web.mta.info/nyct/service/","name":"A-C-E","rt_symbol":"A","id":2000189,"Shape__Length":819.26232627937782}},{"type":"Feature","id":444,"geometry":{"type":"LineString","coordinates":[[-73.9998919986518,40.7180916667997],[-73.999208000568,40.7189486667901],[-73.9991899996401,40.7189706670209],[-73.999172999987,40.7189926663555],[-73.9991550002318,40.7190136670148],[-73.9991370004525,40.7190356663367],[-73.9991199995817,40.7190576665638],[-73.9991020009624,40.7190796667805],[-73.9990839987943,40.719100666528],[-73.9990660001515,40.7191226667389],[-73.9990480003276,40.7191436673812],[-73.9990300004778,40.7191656675864],[-73.9990119994473,40.7191866673223],[-73.998993999574,40.7192086666213],[-73.9989759997041,40.719229667252],[-73.9989580009909,40.7192516665452],[-73.9989399987309,40.7192726671701],[-73.9975340003589,40.720940666976],[-73.9974899996789,40.7209926677532],[-73.997443998816,40.7210406675048],[-73.9973960002192,40.7210826670971],[-73.9973460003074,40.7211196660933],[-73.9972940002311,40.7211526667581],[-73.9972400000799,40.7211796663555],[-73.9971830008708,40.7212016671255],[-73.9971240003831,40.7212186672876],[-73.9970640011323,40.7212306668643],[-73.9970009993072,40.7212376667024],[-73.9969360010217,40.7212386663576],[-73.9968689990977,40.7212356667586],[-73.9967999995134,40.7212276665355],[-73.9967279998308,40.7212136669911],[-73.9966549990593,40.7211956664085],[-73.9939150007518,40.7202796674637]]},"properties":{"FID":444,"objectid":1198,"shape_len":2344.68494582,"url":"http://web.mta.info/nyct/service/","name":"J-Z","rt_symbol":"J","id":2000358,"Shape__Length":943.29389930957745}},{"type":"Feature","id":445,"geometry":{"type":"LineString","coordinates":[[-73.997141000081,40.7223006677056],[-73.9971279995575,40.7223216672623],[-73.9971200000953,40.7223356663822],[-73.9971120006296,40.722349666402],[-73.9971039999769,40.7223636673218],[-73.997096000461,40.7223786669059],[-73.9970880009851,40.7223926660235],[-73.9970810004766,40.7224066669668],[-73.9970730009942,40.7224206669838],[-73.9970660004796,40.7224346670257],[-73.997060000073,40.7224496675586],[-73.9970529995527,40.7224636666991],[-73.9970470003683,40.7224776667654],[-73.9970409999979,40.7224916668313],[-73.9970349995805,40.7225066673628],[-73.9970290003885,40.7225206665275],[-73.9967359999047,40.7232886661135],[-73.996725999368,40.7233136666698],[-73.9967139996214,40.723339667634],[-73.9967019999151,40.72336466633],[-73.9966900001996,40.7233896668257],[-73.99667600132,40.7234146663618],[-73.9966620001125,40.7234386672312],[-73.9966470010418,40.7234636667346],[-73.9966310006562,40.7234876666414],[-73.9966140000881,40.723511667417],[-73.9965970006914,40.7235356672895],[-73.9965789999272,40.7235596671296],[-73.9965600001617,40.7235836669371],[-73.9965400002619,40.7236066671459],[-73.9965190001236,40.7236306668863],[-73.9964980000226,40.723653666157],[-73.9949626579821,40.7255413402762],[-73.9946590000633,40.7259146668266]]},"properties":{"FID":445,"objectid":1199,"shape_len":1495.24768509,"url":"http://web.mta.info/nyct/service/","name":"4-5-6","rt_symbol":"4","id":2000114,"Shape__Length":602.32054541419245}},{"type":"Feature","id":446,"geometry":{"type":"LineString","coordinates":[[-74.0004600006551,40.7183826675173],[-74.0013259996928,40.7190036668205],[-74.0013929993933,40.719054666404],[-74.0014520007685,40.7191076660817],[-74.0015020001259,40.7191616672134],[-74.0015439999426,40.7192176657614],[-74.0015769988875,40.7192746675852],[-74.0016009993303,40.7193336668553],[-74.0016160012249,40.7193936667131],[-74.001622999948,40.7194556667137],[-74.001621999004,40.7195186672927],[-74.0016110005377,40.7195836671432],[-74.0015919999866,40.7196496657683],[-74.0015639996028,40.7197176663455],[-74.0015280006319,40.7197866665875],[-74.0014829994027,40.7198576660656],[-74.0014290005955,40.7199296670042]]},"properties":{"FID":446,"objectid":1200,"shape_len":702.499600197,"url":"http://web.mta.info/nyct/service/","name":"N-Q","rt_symbol":"N","id":2000445,"Shape__Length":282.83301951500869}},{"type":"Feature","id":447,"geometry":{"type":"LineString","coordinates":[[-74.0037390007862,40.7262266663037],[-74.0027199996213,40.7285826663864],[-74.0027049998257,40.7286206673051],[-74.0026889986618,40.7286606664738],[-74.0026729998863,40.7287016670056],[-74.002655000632,40.7287436662452],[-74.002637000211,40.7287866668474],[-74.0026169993045,40.7288306670565],[-74.0025969995942,40.7288756668265],[-74.0025749993914,40.7289216671026],[-74.0025520001656,40.7289696665255],[-74.0025289997611,40.7290186673091],[-74.0025040011814,40.7290676672307],[-74.0024780000169,40.7291186662973],[-74.0024520000332,40.7291706667231],[-74.0024239995683,40.729224666314],[-74.0023949999843,40.7292786668188]]},"properties":{"FID":447,"objectid":1201,"shape_len":1172.86449871,"url":"http://web.mta.info/nyct/service/","name":"A-C-E","rt_symbol":"A","id":2000190,"Shape__Length":472.70325274959879}},{"type":"Feature","id":448,"geometry":{"type":"LineString","coordinates":[[-74.000201000634,40.7378256674408],[-73.9978709994308,40.7410396666144]]},"properties":{"FID":448,"objectid":1202,"shape_len":1337.18255444,"url":"http://web.mta.info/nyct/service/","name":"1-2-3","rt_symbol":"1","id":2000011,"Shape__Length":538.74868314396167}},{"type":"Feature","id":449,"geometry":{"type":"LineString","coordinates":[[-73.9962090004164,40.7382276665074],[-73.9928209998189,40.7428776665824]]},"properties":{"FID":449,"objectid":1203,"shape_len":1936.89697719,"url":"http://web.mta.info/nyct/service/","name":"B-D-F-M","rt_symbol":"B","id":2000336,"Shape__Length":780.38029781132911}},{"type":"Feature","id":450,"geometry":{"type":"LineString","coordinates":[[-73.9967860008322,40.7373346669511],[-74.0025780010476,40.739776666382]]},"properties":{"FID":450,"objectid":1204,"shape_len":1835.1701505,"url":"http://web.mta.info/nyct/service/","name":"L","rt_symbol":"L","id":2000512,"Shape__Length":737.86054576558}},{"type":"Feature","id":451,"geometry":{"type":"LineString","coordinates":[[-73.9995045579993,40.7336985367411],[-73.9962090004164,40.7382276665074]]},"properties":{"FID":451,"objectid":1205,"shape_len":1885.99197868,"url":"http://web.mta.info/nyct/service/","name":"B-D-F-M","rt_symbol":"B","id":2000335,"Shape__Length":759.81984849575861}},{"type":"Feature","id":452,"geometry":{"type":"LineString","coordinates":[[-74.0029060009054,40.7334216669537],[-74.0014520001032,40.7359726667891],[-74.0013449999472,40.7361616657527],[-74.0012289995922,40.7363576670562],[-74.0010889997316,40.7365846666428],[-74.0009729999627,40.7367606656009],[-74.000201000634,40.7378256674408]]},"properties":{"FID":452,"objectid":1206,"shape_len":1772.45373371,"url":"http://web.mta.info/nyct/service/","name":"1-2-3","rt_symbol":"1","id":2000010,"Shape__Length":714.22410807891856}},{"type":"Feature","id":453,"geometry":{"type":"LineString","coordinates":[[-74.0004950010681,40.7323376663562],[-74.0004770005139,40.7323616667769],[-73.9997770012962,40.7333236668914]]},"properties":{"FID":453,"objectid":1207,"shape_len":410.663292358,"url":"http://web.mta.info/nyct/service/","name":"A-C-E","rt_symbol":"A","id":2000192,"Shape__Length":165.43823510292074}},{"type":"Feature","id":454,"geometry":{"type":"LineString","coordinates":[[-73.9907300001539,40.7347886672416],[-73.9967860008322,40.7373346669511]]},"properties":{"FID":454,"objectid":1208,"shape_len":1917.58324379,"url":"http://web.mta.info/nyct/service/","name":"L","rt_symbol":"L","id":2000513,"Shape__Length":770.9641787662033}},{"type":"Feature","id":455,"geometry":{"type":"LineString","coordinates":[[-73.9933650001923,40.7472146659948],[-73.9910570015529,40.750372665952]]},"properties":{"FID":455,"objectid":1209,"shape_len":1316.33763841,"url":"http://web.mta.info/nyct/service/","name":"1-2-3","rt_symbol":"1","id":2000014,"Shape__Length":530.41854917989792}},{"type":"Feature","id":456,"geometry":{"type":"LineString","coordinates":[[-73.9576240007463,40.6747716668526],[-73.955942999503,40.6794336667935],[-73.9559320012132,40.6794696660526],[-73.9559220005782,40.6795066661643],[-73.9559130001044,40.6795426670871],[-73.9559040013267,40.6795796657797],[-73.9558960008676,40.6796166666552],[-73.9558880015823,40.6796536675304],[-73.9558810006202,40.6796906669866],[-73.9558750003472,40.6797276668261],[-73.9558689988847,40.6797646666645],[-73.9558640004788,40.6798016677879],[-73.9558599992186,40.6798386674922],[-73.9558560003203,40.6798756662967],[-73.9558530002722,40.6799136659557],[-73.9558510003999,40.6799506664272],[-73.9558489998636,40.6799886664692],[-73.9558270011043,40.6805956659826]]},"properties":{"FID":456,"objectid":1210,"shape_len":2186.7852899,"url":"http://web.mta.info/nyct/service/","name":"S","rt_symbol":"L","id":2000511,"Shape__Length":880.83499079780381}},{"type":"Feature","id":457,"geometry":{"type":"LineString","coordinates":[[-73.9592449994569,40.6703426665844],[-73.9611399991038,40.6651416677038],[-73.9615090003225,40.6641256665194],[-73.9617910014221,40.6634846668587],[-73.9618411806153,40.6632214004879],[-73.9618776850344,40.6629568319122],[-73.9619004590244,40.6626913735626],[-73.9619094670366,40.6624254369711],[-73.9619046924441,40.6621594354725],[-73.961853855462,40.6616289010156]]},"properties":{"FID":457,"objectid":1211,"shape_len":3275.1911853,"url":"http://web.mta.info/nyct/service/","name":"S","rt_symbol":"L","id":2000509,"Shape__Length":1319.0053192312585}},{"type":"Feature","id":458,"geometry":{"type":"LineString","coordinates":[[-73.9600699998512,40.6888726666216],[-73.9535220008737,40.6896266665935]]},"properties":{"FID":458,"objectid":1212,"shape_len":1836.58775113,"url":"http://web.mta.info/nyct/service/","name":"G","rt_symbol":"G","id":2000321,"Shape__Length":737.277101700571}},{"type":"Feature","id":459,"geometry":{"type":"LineString","coordinates":[[-73.9774299357828,40.662949638591],[-73.9798264298083,40.660063005889]]},"properties":{"FID":459,"objectid":1213,"shape_len":1244.22910824,"url":"http://web.mta.info/nyct/service/","name":"F","rt_symbol":"B","id":2000399,"Shape__Length":500.61439811960116}},{"type":"Feature","id":460,"geometry":{"type":"LineString","coordinates":[[-73.944152000175,40.7525526662231],[-73.9438380002562,40.7523966666136],[-73.9437360007349,40.7523286673673],[-73.9436429999121,40.7522576674449],[-73.9435569989376,40.7521836658887],[-73.9434800001816,40.7521066663983],[-73.943410000393,40.7520276666685],[-73.9433480006685,40.7519446662804],[-73.9432940004694,40.7518596670711],[-73.9432480006237,40.751771666789],[-73.9432090001789,40.7516796671897],[-73.9431790009612,40.7515856674902],[-73.943156000239,40.7514886662471],[-73.9431420003461,40.7513886662539],[-73.9431350003992,40.7512866660876],[-73.9431350014124,40.7511786666028],[-73.9431690000529,40.7503666673539],[-73.9431719998145,40.7503106672592],[-73.9431740001829,40.750254666671],[-73.9431719997756,40.7501996663718],[-73.9431669991731,40.7501456668553],[-73.9431580010344,40.7500916671664],[-73.9431460003489,40.7500386673572],[-73.9431320000602,40.7499866670216],[-73.9431140010745,40.7499346665101],[-73.9430920001783,40.7498836662816],[-73.9430680008797,40.7498336673242],[-73.9430399996852,40.7497846668448],[-73.9430090003893,40.7497356666759],[-73.9429750009591,40.749687666376],[-73.9429379990303,40.7496406668416],[-73.942896999966,40.7495946675769],[-73.9419090002529,40.7485656674847],[-73.9417960004873,40.7484566671797],[-73.9416809989711,40.7483596667969],[-73.9415610005126,40.7482726665875],[-73.9414370011877,40.748196666605],[-73.9413090009487,40.7481316668368],[-73.9411760000878,40.7480766662966],[-73.9410380000394,40.7480326663313],[-73.9408752927722,40.7480120333687],[-73.9407083531861,40.74800665888],[-73.940527496094,40.7480065656383],[-73.9403744302996,40.7480435180286],[-73.9402700604256,40.7480752041024],[-73.9401100141339,40.7481386039965],[-73.9399778099417,40.7481808571799],[-73.9398803972741,40.7482125483264]]},"properties":{"FID":460,"objectid":1214,"shape_len":2315.73946521,"url":"http://web.mta.info/nyct/service/","name":"R","rt_symbol":"N","id":2000421,"Shape__Length":932.64796214251328}},{"type":"Feature","id":461,"geometry":{"type":"LineString","coordinates":[[-73.9428359995984,40.7542026665556],[-73.9418240006764,40.753680667175],[-73.9417679996767,40.7536526664704],[-73.9417120007829,40.7536236661781],[-73.941656000445,40.7535936662964],[-73.9416000004646,40.7535646668494],[-73.9415440002268,40.753534666913],[-73.9414879991606,40.7535056674107],[-73.9414320002069,40.7534756674202],[-73.9413760001203,40.7534456665012],[-73.9413200000834,40.7534156664554],[-73.941264999532,40.7533856668919],[-73.9412090004776,40.753354667231],[-73.9411540012107,40.7533246676148],[-73.9410989993255,40.7532936675089],[-73.9410429995419,40.7532636664273],[-73.9409879992407,40.7532336667308],[-73.9366900008281,40.7509456673915],[-73.936605228852,40.7509190108122],[-73.9365192730051,40.7508946480074],[-73.9364322410099,40.7508726051486],[-73.9363442382138,40.7508529147099],[-73.9362553782651,40.7508355965631],[-73.9361657688863,40.7508206750796],[-73.9360755237266,40.7508081683309],[-73.9359847552538,40.7507980907861],[-73.9358935735684,40.7507904560128],[-73.9358020946945,40.7507852739803],[-73.9357104334762,40.750782550155],[-73.9356187023913,40.7507822882015],[-73.9355270151042,40.7507844890836],[-73.9354354888357,40.7507891492652],[-73.9353442348884,40.7507962634061],[-73.9352533681204,40.7508058225664],[-73.9351630010255,40.7508178142032],[-73.9350732484677,40.7508322239745],[-73.934984218211,40.7508490330318],[-73.9348960251243,40.7508682225311],[-73.9348087769796,40.7508897664206],[-73.9347225851004,40.7509136395514],[-73.9346375525284,40.7509398104665],[-73.9345537870422,40.750968247712],[-73.9344713952412,40.7509989153312],[-73.9343904766228,40.7510317755622],[-73.9342334652303,40.7511039066101]]},"properties":{"FID":461,"objectid":1215,"shape_len":2787.20232439,"url":"http://web.mta.info/nyct/service/","name":"F","rt_symbol":"B","id":2000348,"Shape__Length":1120.9976542498212}},{"type":"Feature","id":462,"geometry":{"type":"LineString","coordinates":[[-73.9535810013526,40.7426256665109],[-73.9503239999641,40.7419876663402],[-73.9502900007246,40.7419836669264],[-73.9502560003059,40.7419796666014],[-73.9502220003277,40.7419766667301],[-73.9501889996173,40.7419736663804],[-73.9501559993446,40.7419716673854],[-73.9501229995103,40.7419706670435],[-73.9500910005599,40.7419706666889],[-73.950059000425,40.7419706672253],[-73.9500279992392,40.7419726664117],[-73.9499970004187,40.7419746664912],[-73.9499659992277,40.7419766674619],[-73.9499359993493,40.7419806670848],[-73.9499059994667,40.7419846676004],[-73.9498770004612,40.7419896672062],[-73.9498490003941,40.7419966672661],[-73.9489160000113,40.7422156657746]]},"properties":{"FID":462,"objectid":1216,"shape_len":1335.52670671,"url":"http://web.mta.info/nyct/service/","name":"7","rt_symbol":"7","id":2000169,"Shape__Length":536.64268520620806}},{"type":"Feature","id":463,"geometry":{"type":"LineString","coordinates":[[-73.9544490002033,40.7313516669109],[-73.9553690012142,40.7369606671447],[-73.9553850008034,40.7370656671436],[-73.9554010009579,40.7371716667025],[-73.9554150009222,40.7372786668478],[-73.9554270008421,40.7373846666521],[-73.9554369993686,40.7374916679442],[-73.9554449990162,40.737597667096],[-73.9554499992353,40.7377046673504],[-73.9554530017357,40.7378106672668],[-73.9554540004349,40.7379176668703],[-73.9554530013956,40.7380236670367],[-73.9554499997203,40.7381306659902],[-73.9554450002861,40.7382366673072],[-73.9554369996564,40.7383426665607],[-73.9554270010929,40.7384496664032],[-73.9554150000045,40.7385556668051],[-73.9552800012857,40.7398356669128],[-73.9552310009335,40.7400366663347],[-73.9551710008628,40.7402316658713],[-73.9550980008167,40.7404196669639],[-73.9550140008896,40.7406016672312],[-73.9549179993996,40.740777667158],[-73.9548099998293,40.7409476667163],[-73.9546899992433,40.741110667209],[-73.9545589985322,40.741267666756],[-73.9544149998249,40.7414176667674],[-73.9542600002222,40.7415626671141],[-73.9540929994381,40.7417006664264],[-73.9539139998171,40.7418316664543],[-73.9537239992209,40.7419576657687],[-73.953521000492,40.7420766661846],[-73.9533100000108,40.7421936665732],[-73.949724001085,40.7440646676374]]},"properties":{"FID":463,"objectid":1217,"shape_len":5364.04523975,"url":"http://web.mta.info/nyct/service/","name":"G","rt_symbol":"G","id":2000328,"Shape__Length":2161.2322006568893}},{"type":"Feature","id":464,"geometry":{"type":"LineString","coordinates":[[-73.9532599999196,40.7591446668863],[-73.9477839988423,40.7567226667896],[-73.9477380003034,40.7567026673207],[-73.9476910007246,40.7566816669174],[-73.9476450006599,40.7566606669492],[-73.9476000012922,40.7566396674177],[-73.9475539997036,40.7566176678515],[-73.9475090003952,40.7565966664833],[-73.9474639995335,40.7565746673369],[-73.9474190010708,40.7565526672734],[-73.9473740002693,40.7565306671912],[-73.9473289991038,40.7565076675304],[-73.9472850010043,40.7564846674103],[-73.9472399999005,40.7564616677145],[-73.9471959994944,40.7564386666587],[-73.9471530009677,40.7564156660457],[-73.94710900023,40.7563916671965],[-73.9428359995984,40.7542026665556]]},"properties":{"FID":464,"objectid":1218,"shape_len":3405.06970658,"url":"http://web.mta.info/nyct/service/","name":"F","rt_symbol":"B","id":2000347,"Shape__Length":1369.677848694291}},{"type":"Feature","id":465,"geometry":{"type":"LineString","coordinates":[[-73.8275590014136,40.583208666405],[-73.82278800108,40.5845396668596],[-73.8226800005555,40.5845716661016],[-73.822574000834,40.5846036665308],[-73.822469001762,40.5846346670242],[-73.8223660020257,40.5846666673943],[-73.822265000745,40.5846986662611],[-73.8221640005439,40.5847306668417],[-73.822066001921,40.5847616669957],[-73.8219690009985,40.5847936672948],[-73.8218730007507,40.584824665878],[-73.8217790010202,40.5848566661669],[-73.8216860007827,40.5848876674464],[-73.821595001074,40.5849196668375],[-73.8215060001444,40.5849506669769],[-73.8214180016453,40.5849826663876],[-73.8213300010114,40.5850136661445],[-73.8205580011029,40.585306666524]]},"properties":{"FID":465,"objectid":1219,"shape_len":2091.04748352,"url":"http://web.mta.info/nyct/service/","name":"A","rt_symbol":"A","id":2000277,"Shape__Length":838.47421815830785}},{"type":"Feature","id":466,"geometry":{"type":"LineString","coordinates":[[-73.8094210014214,40.5931266674627],[-73.8156530007535,40.6076766668073],[-73.8156610011667,40.6076976663409],[-73.815670001203,40.6077186665765],[-73.8156780016242,40.6077396670093],[-73.8156869997098,40.6077596658582],[-73.8156960009442,40.6077806660936],[-73.8157040017772,40.607800666944],[-73.8157130006593,40.6078216671741],[-73.8157210003257,40.6078416662202],[-73.8157300019777,40.6078616668723],[-73.8157380024373,40.6078826664002],[-73.8157460009319,40.6079026672436],[-73.8157540006179,40.6079226662873],[-73.8157620007015,40.6079416666505],[-73.8157700003945,40.6079616665935],[-73.8157780000947,40.6079816656355],[-73.8158080004716,40.6080596666365],[-73.8158380024933,40.608139666794],[-73.8158670014142,40.6082196671369],[-73.8158960004071,40.6082996665713],[-73.8159249998602,40.6083816669616]]},"properties":{"FID":466,"objectid":1220,"shape_len":5844.05095952,"url":"http://web.mta.info/nyct/service/","name":"S","rt_symbol":"L","id":2000265,"Shape__Length":2350.947800400736}},{"type":"Feature","id":467,"geometry":{"type":"LineString","coordinates":[[-73.873785000357,40.6831936677826],[-73.8727210007588,40.6834966672184],[-73.8726569996202,40.6835196666994],[-73.8725980012135,40.6835456667963],[-73.8725440003513,40.6835736670391],[-73.872496001796,40.6836046663187],[-73.8724540003621,40.6836376659657],[-73.8724170004795,40.6836736671559],[-73.8723850017069,40.6837116658195],[-73.8723590005204,40.6837526662396],[-73.8723380016346,40.683795666844],[-73.8723220015102,40.6838406667309],[-73.8723120006351,40.6838896661555],[-73.8723070004531,40.6839396661974],[-73.8723080014561,40.6839926671103],[-73.8723140017162,40.6840486668817],[-73.8723260015567,40.6841066670492],[-73.8730840008174,40.6864946664901],[-73.8731020013768,40.6865516664007],[-73.8731200003201,40.686607666735],[-73.8731380000158,40.6866626656948],[-73.8731550003736,40.6867156662086],[-73.8731720007586,40.6867686667194],[-73.8731890007072,40.6868206667553],[-73.8732060009364,40.6868706667458],[-73.8732220003854,40.6869206665315],[-73.8732380001099,40.6869686671727],[-73.8732540005778,40.6870156664401],[-73.8732700006003,40.6870616670338],[-73.8732850017376,40.687106666954],[-73.8733000012472,40.6871506663986],[-73.8733150014909,40.6871936671713],[-73.8733300001072,40.6872356665678],[-73.8738660014237,40.6887836659282],[-73.8738890008262,40.6888466668011],[-73.8739059997465,40.6889066677847],[-73.8739170003026,40.6889656671252],[-73.8739220015242,40.6890216665821],[-73.873921000321,40.6890756666243],[-73.8739140014105,40.6891276672567],[-73.8739010000506,40.6891776666723],[-73.8738819997763,40.6892256657732],[-73.8738560004382,40.6892706674917],[-73.8738250011193,40.6893146659523],[-73.8737870003529,40.6893556661179],[-73.8737440002937,40.689394666147],[-73.8736940004312,40.68943166654],[-73.873639001265,40.6894666667828],[-73.8735780000507,40.6895006671386],[-73.8725500011933,40.6899406672174]]},"properties":{"FID":467,"objectid":1221,"shape_len":2967.66942175,"url":"http://web.mta.info/nyct/service/","name":"J-Z","rt_symbol":"J","id":2000376,"Shape__Length":1194.6035426796775}},{"type":"Feature","id":468,"geometry":{"type":"LineString","coordinates":[[-73.8671390000417,40.6913236661428],[-73.8664770006779,40.6914266671103],[-73.866421000783,40.6914346671279],[-73.8663650000543,40.6914436666878],[-73.8663099998222,40.6914516669116],[-73.866255001123,40.691460665781],[-73.8662020006059,40.6914696660469],[-73.8661480000221,40.6914776673554],[-73.8660960003531,40.6914866669355],[-73.8660440014951,40.6914946669223],[-73.8659930003071,40.6915036667176],[-73.8659430011631,40.691512666757],[-73.8658930004686,40.6915206663017],[-73.8658440009902,40.6915296665625],[-73.8657950003154,40.691538666801],[-73.8657470001509,40.6915466668142],[-73.865700001203,40.691555666646],[-73.8628190011815,40.6920416664003],[-73.8627629997581,40.6920516673798],[-73.8627060006802,40.6920606666707],[-73.862650000407,40.6920706675966],[-73.8625939998146,40.6920796671232],[-73.8625370009916,40.6920896677025],[-73.862481001551,40.6920986671755],[-73.8624240012099,40.6921076672258],[-73.8623680014379,40.6921156661723],[-73.8623109998821,40.6921246670657],[-73.8622540006807,40.6921336661327],[-73.8621980020459,40.6921416667989],[-73.8621410001473,40.6921496671366],[-73.8620840006012,40.6921576674488],[-73.8620270010451,40.6921656659318],[-73.8619700014717,40.6921736661876],[-73.8600100007007,40.6924346666541]]},"properties":{"FID":468,"objectid":1222,"shape_len":2018.41058722,"url":"http://web.mta.info/nyct/service/","name":"J-Z","rt_symbol":"J","id":2000378,"Shape__Length":810.35739597789473}},{"type":"Feature","id":469,"geometry":{"type":"LineString","coordinates":[[-73.9024470015253,40.6635146663769],[-73.9089460011401,40.6625486672065]]},"properties":{"FID":469,"objectid":1223,"shape_len":1837.07419908,"url":"http://web.mta.info/nyct/service/","name":"3","rt_symbol":"1","id":2000095,"Shape__Length":737.22360719586607}},{"type":"Feature","id":470,"geometry":{"type":"LineString","coordinates":[[-73.9018500001729,40.6466536673953],[-73.8994849999164,40.6505726675661]]},"properties":{"FID":470,"objectid":1224,"shape_len":1571.40312853,"url":"http://web.mta.info/nyct/service/","name":"L","rt_symbol":"L","id":2000534,"Shape__Length":632.40256890022863}},{"type":"Feature","id":471,"geometry":{"type":"LineString","coordinates":[[-73.9163270002439,40.6614526671898],[-73.9176330005768,40.6612566676493],[-73.9180359999636,40.6612006669099],[-73.9182450002866,40.6611976674357],[-73.9184379998904,40.6612216663372],[-73.9186139998627,40.6612696669683],[-73.9187890010914,40.6613446659173],[-73.9189580015678,40.6614496664894],[-73.919094001015,40.661572667447],[-73.9226100006096,40.6647166672862]]},"properties":{"FID":471,"objectid":1225,"shape_len":2326.40648917,"url":"http://web.mta.info/nyct/service/","name":"3","rt_symbol":"1","id":2000093,"Shape__Length":934.96229416929043}},{"type":"Feature","id":472,"geometry":{"type":"LineString","coordinates":[[-73.9089460011401,40.6625486672065],[-73.9163270002439,40.6614526671898]]},"properties":{"FID":472,"objectid":1226,"shape_len":2086.34372508,"url":"http://web.mta.info/nyct/service/","name":"3","rt_symbol":"1","id":2000094,"Shape__Length":837.24307524629421}},{"type":"Feature","id":473,"geometry":{"type":"LineString","coordinates":[[-73.8948950001195,40.6646346676617],[-73.9024470015253,40.6635146663769]]},"properties":{"FID":473,"objectid":1227,"shape_len":2134.51910179,"url":"http://web.mta.info/nyct/service/","name":"3","rt_symbol":"1","id":2000096,"Shape__Length":856.60204195445192}},{"type":"Feature","id":474,"geometry":{"type":"LineString","coordinates":[[-73.8992320003403,40.6587326668623],[-73.9005710012041,40.6640376669537]]},"properties":{"FID":474,"objectid":1228,"shape_len":1968.13868313,"url":"http://web.mta.info/nyct/service/","name":"L","rt_symbol":"L","id":2000532,"Shape__Length":792.641704050272}},{"type":"Feature","id":475,"geometry":{"type":"LineString","coordinates":[[-73.8994849999164,40.6505726675661],[-73.8982780004626,40.6525676665764],[-73.8982220006862,40.6526746669963],[-73.8981719992895,40.6527806668201],[-73.8981280011808,40.6528886665855],[-73.8980910002781,40.6529966662292],[-73.8980590004016,40.6531056662652],[-73.8980330003456,40.6532166671578],[-73.8980139999538,40.6533276661454],[-73.89800000185,40.6534396664379],[-73.8979920004534,40.6535526671181],[-73.8979910004846,40.6536676677525],[-73.8979950008746,40.653782667417],[-73.8980060007404,40.6538986665581],[-73.8980230009866,40.6540156669894],[-73.8980450001519,40.6541336669199],[-73.8980740004224,40.6542516667454],[-73.8992320003403,40.6587326668623]]},"properties":{"FID":475,"objectid":1229,"shape_len":3090.02085591,"url":"http://web.mta.info/nyct/service/","name":"L","rt_symbol":"L","id":2000533,"Shape__Length":1244.1584091109007}},{"type":"Feature","id":476,"geometry":{"type":"LineString","coordinates":[[-73.9053160005534,40.6783336660802],[-73.9079970002682,40.6782266662348],[-73.908133000995,40.6782206667089],[-73.9082700008042,40.6782166669622],[-73.908405000431,40.6782126663607],[-73.9085390001708,40.6782106666508],[-73.9086730010866,40.6782086658853],[-73.908805000642,40.6782066669796],[-73.9089360003332,40.678206667175],[-73.9090660005335,40.6782066664313],[-73.9091949998781,40.6782076670241],[-73.909323000741,40.6782096671575],[-73.909449000087,40.6782126669461],[-73.909575000626,40.6782156674981],[-73.9097000015146,40.6782196666993],[-73.9098230008965,40.6782246673698],[-73.9099460001299,40.6782306674803],[-73.9119460012534,40.6783396675966]]},"properties":{"FID":476,"objectid":1230,"shape_len":1841.74597335,"url":"http://web.mta.info/nyct/service/","name":"A-C","rt_symbol":"A","id":2000248,"Shape__Length":739.1704404921569}},{"type":"Feature","id":477,"geometry":{"type":"LineString","coordinates":[[-73.9032400003645,40.678855666828],[-73.9038460003647,40.6807636671314],[-73.9038809992551,40.6808416665462],[-73.9039179999161,40.6809186662487],[-73.9039570011687,40.6809946671364],[-73.9039979994734,40.681069666503],[-73.9040400000276,40.6811436662181],[-73.9040840002594,40.6812156666403],[-73.9041299996627,40.6812876669096],[-73.9041779999352,40.6813576669818],[-73.9042280008263,40.6814266664257],[-73.9042790016128,40.6814946671076],[-73.9043330002002,40.6815616670853],[-73.9043880013071,40.6816266669264],[-73.9044450016101,40.6816916665998],[-73.904503000885,40.6817546661299],[-73.9045640015204,40.6818166667471],[-73.9046049999673,40.6818576669576],[-73.9046469998839,40.6819006671257],[-73.9046900005373,40.6819486668641],[-73.9047330005162,40.6819996661998],[-73.9047770012491,40.682055666905],[-73.9048209989575,40.6821146672047],[-73.904865999809,40.6821786670732],[-73.9049120007526,40.6822456673643],[-73.9049580005776,40.6823176672925],[-73.9050050005141,40.6823926676414],[-73.9050530003328,40.6824716670802],[-73.9051010004859,40.6825546674848],[-73.9051500014876,40.6826426665492],[-73.9051990007175,40.6827336670054],[-73.9052489998734,40.6828286674481]]},"properties":{"FID":477,"objectid":1231,"shape_len":1565.56769608,"url":"http://web.mta.info/nyct/service/","name":"L","rt_symbol":"L","id":2000528,"Shape__Length":630.43518318680276}},{"type":"Feature","id":478,"geometry":{"type":"LineString","coordinates":[[-73.9104560013397,40.6828926665671],[-73.9045119992945,40.6794976674091]]},"properties":{"FID":478,"objectid":1232,"shape_len":2061.03593222,"url":"http://web.mta.info/nyct/service/","name":"J-Z","rt_symbol":"J","id":2000370,"Shape__Length":828.36361816746683}},{"type":"Feature","id":479,"geometry":{"type":"LineString","coordinates":[[-73.9119460012534,40.6783396675966],[-73.9207859997288,40.6788216676831]]},"properties":{"FID":479,"objectid":1233,"shape_len":2458.22996389,"url":"http://web.mta.info/nyct/service/","name":"A-C","rt_symbol":"A","id":2000247,"Shape__Length":986.60423341500416}},{"type":"Feature","id":480,"geometry":{"type":"LineString","coordinates":[[-73.9165590004803,40.6863696666085],[-73.9104560013397,40.6828926665671]]},"properties":{"FID":480,"objectid":1234,"shape_len":2114.17215772,"url":"http://web.mta.info/nyct/service/","name":"J-Z","rt_symbol":"J","id":2000369,"Shape__Length":849.75982904707428}},{"type":"Feature","id":481,"geometry":{"type":"LineString","coordinates":[[-73.9222700008774,40.6896296672749],[-73.9165590004803,40.6863696666085]]},"properties":{"FID":481,"objectid":1235,"shape_len":1979.69680619,"url":"http://web.mta.info/nyct/service/","name":"J-Z","rt_symbol":"J","id":2000368,"Shape__Length":795.75239099070893}},{"type":"Feature","id":482,"geometry":{"type":"LineString","coordinates":[[-73.9045119992945,40.6794976674091],[-73.9002820003592,40.6770036659593],[-73.9002359995734,40.6769776660282],[-73.9001889999051,40.6769536661571],[-73.9001420005092,40.6769326667838],[-73.9000949993295,40.676913667434],[-73.9000470004391,40.6768966672427],[-73.8999990006238,40.6768826666468],[-73.8999510001939,40.6768706660748],[-73.8999030003263,40.6768606664281],[-73.8998540000455,40.6768536664075],[-73.8998059997889,40.6768486672813],[-73.8997570002917,40.6768466668809],[-73.8997080013381,40.6768466665045],[-73.899658001085,40.6768486670795],[-73.8996090008384,40.6768526676492],[-73.8995590013277,40.6768596678426],[-73.8986540006702,40.6769916669322]]},"properties":{"FID":482,"objectid":1236,"shape_len":1953.92642197,"url":"http://web.mta.info/nyct/service/","name":"J-Z","rt_symbol":"J","id":2000371,"Shape__Length":785.10095207421375}},{"type":"Feature","id":483,"geometry":{"type":"LineString","coordinates":[[-73.8136410007851,40.5880336673347],[-73.8121430011877,40.5886266670573],[-73.8120070005091,40.5886846662923],[-73.8118740014117,40.588744667646],[-73.8117440003604,40.5888066666203],[-73.8116170008832,40.5888706677338],[-73.8114920008261,40.5889376671343],[-73.811371000033,40.5890076672108],[-73.8112520007502,40.5890786664287],[-73.8111350008583,40.5891526675588],[-73.8110210008833,40.5892296668497],[-73.8109100024618,40.5893086674314],[-73.8108020008771,40.5893896666032],[-73.8106970003792,40.5894736657647],[-73.8105940020866,40.589559666396],[-73.8104930008038,40.5896486662759],[-73.8103950005964,40.5897406670663],[-73.8102674767677,40.5898742196924],[-73.8101462331441,40.5900111316061],[-73.8100314226266,40.5901512283781],[-73.8099231898488,40.5902943364654],[-73.8098216688403,40.5904402742022],[-73.8097269900883,40.5905888608165],[-73.8096392675611,40.5907399101052],[-73.8095586152463,40.5908932304611],[-73.8094851317757,40.5910486311512],[-73.8094189098876,40.5912059178293],[-73.8093600352438,40.591364893435],[-73.8093085781619,40.591525357279],[-73.8092646030504,40.591687110462],[-73.8092281684311,40.5918499477698],[-73.8091993174633,40.592013666663],[-73.8091780874087,40.5921780618894],[-73.8091645037224,40.5923429263745],[-73.8091585859483,40.5925080548337],[-73.8091603394656,40.5926732383551],[-73.8091697625556,40.5928382716158],[-73.8092115586182,40.5931670587649]]},"properties":{"FID":483,"objectid":1237,"shape_len":2430.02221028,"url":"http://web.mta.info/nyct/service/","name":"A","rt_symbol":"A","id":2000275,"Shape__Length":976.38088241617675}},{"type":"Feature","id":484,"geometry":{"type":"LineString","coordinates":[[-73.7969240008581,40.5909266666882],[-73.8027330009122,40.5902136660059],[-73.8028580015922,40.5901986670581],[-73.8029870014357,40.5901886673441],[-73.8031180005628,40.5901816669589],[-73.8032520001259,40.5901786662925],[-73.8033880013659,40.5901786676446],[-73.8035260007679,40.5901816673996],[-73.8036670006711,40.5901886668464],[-73.8038100005621,40.5901996660665],[-73.8039550004278,40.5902126667865],[-73.8041030008693,40.5902296662691],[-73.804254000729,40.5902506663015],[-73.8044060007046,40.5902746665871],[-73.8045620000784,40.5903016668202],[-73.8047190014188,40.590332665976],[-73.8048770017645,40.5903666662633],[-73.8063320003486,40.5907126664757],[-73.8065052735478,40.5907774143815],[-73.8066754648248,40.5908467486182],[-73.8068423665444,40.590920584201],[-73.807005773444,40.5909988316473],[-73.8071654850088,40.5910813924784],[-73.8073213066299,40.5911681673251],[-73.8074730460754,40.5912590505199],[-73.8076205182213,40.5913539283025],[-73.807763537945,40.5914526851124],[-73.8079019354952,40.5915551991114],[-73.8080355375786,40.5916613466547],[-73.8081641815555,40.5917709951101],[-73.8082877095076,40.5918840118535],[-73.8084059694406,40.5920002570666],[-73.8085188140866,40.5921195891376],[-73.8086261103706,40.5922418592741],[-73.8087277204814,40.5923669213772],[-73.8088235231786,40.5924946167678],[-73.8089134007421,40.5926247939763],[-73.808997241386,40.5927572907364],[-73.80907494514,40.5928919429994],[-73.8092115586182,40.5931670587649]]},"properties":{"FID":484,"objectid":1238,"shape_len":3893.18310497,"url":"http://web.mta.info/nyct/service/","name":"A","rt_symbol":"A","id":2000267,"Shape__Length":1561.639260557952}},{"type":"Feature","id":485,"geometry":{"type":"LineString","coordinates":[[-73.7613530011778,40.6000656669712],[-73.7620510011578,40.5992566664529],[-73.7621010005172,40.5992036659687],[-73.7621529999794,40.5991496664166],[-73.7622060011929,40.5990966675966],[-73.7622620019703,40.5990446664361],[-73.7623190009485,40.5989936668962],[-73.7623770005101,40.5989426675958],[-73.7624380019867,40.598892666851],[-73.7625000004966,40.598842666333],[-73.7625640014047,40.5987946672847],[-73.7626300012026,40.5987466660258],[-73.7626979998702,40.5986986670553],[-73.7627670002762,40.598652666578],[-73.762838001915,40.5986066674877],[-73.7629110012426,40.5985616666552],[-73.7629870012756,40.598517667046],[-73.7681750017381,40.5953976675784]]},"properties":{"FID":485,"objectid":1239,"shape_len":2563.76489952,"url":"http://web.mta.info/nyct/service/","name":"A","rt_symbol":"A","id":2000271,"Shape__Length":1029.4770078426179}},{"type":"Feature","id":486,"geometry":{"type":"LineString","coordinates":[[-73.7760130011097,40.5929426667943],[-73.7831589996451,40.5922216663324],[-73.7833300013882,40.592205666866],[-73.783500001902,40.5921916671274],[-73.7836680015117,40.5921786665562],[-73.7838360007932,40.5921686662904],[-73.7840040018241,40.5921606658501],[-73.7841700011134,40.592154666875],[-73.7843360018698,40.5921496672465],[-73.784502001193,40.5921476661261],[-73.7846660011825,40.5921476664899],[-73.784830001495,40.5921486662038],[-73.7849930022114,40.5921526670664],[-73.7851560009154,40.5921576663769],[-73.7853170006694,40.5921656667757],[-73.7854790005154,40.5921756661818],[-73.7856380013938,40.5921866665526],[-73.7872870018176,40.5923196659354],[-73.7873620007618,40.592325667165],[-73.787439000509,40.5923306661596],[-73.7875170000126,40.5923366674352],[-73.787596000563,40.5923406668388],[-73.7876760020544,40.592345667621],[-73.7877560008341,40.592349666958],[-73.7878380007642,40.5923536672324],[-73.787920000707,40.5923576665479],[-73.7880040014301,40.592360667211],[-73.7880879998039,40.5923636660074],[-73.7881730011142,40.5923666665912],[-73.7882590002672,40.5923686675664],[-73.7883460000032,40.592370666718],[-73.7884340003137,40.5923726667455],[-73.7885220014353,40.5923736662231]]},"properties":{"FID":486,"objectid":1240,"shape_len":3496.32686101,"url":"http://web.mta.info/nyct/service/","name":"A","rt_symbol":"A","id":2000269,"Shape__Length":1401.4727644858292}},{"type":"Feature","id":487,"geometry":{"type":"LineString","coordinates":[[-73.7681750017381,40.5953976675784],[-73.7704050011748,40.5940526670653],[-73.77054000251,40.5939736670256],[-73.7706790003323,40.5938976663499],[-73.7708210012479,40.5938256662284],[-73.7709660005475,40.5937576666405],[-73.7711150000243,40.5936936668688],[-73.771268002056,40.5936336669025],[-73.7714240013409,40.5935776674275],[-73.771583001328,40.5935246661533],[-73.7717460004965,40.5934766669197],[-73.7719129998087,40.593431666942],[-73.772082000722,40.5933916677102],[-73.7722560024147,40.5933546660861],[-73.7724330014824,40.5933216675692],[-73.7726130003335,40.5932926667471],[-73.772796001493,40.5932686658962],[-73.7760130011097,40.5929426667943]]},"properties":{"FID":487,"objectid":1241,"shape_len":2422.11746582,"url":"http://web.mta.info/nyct/service/","name":"A","rt_symbol":"A","id":2000270,"Shape__Length":971.55076683439358}},{"type":"Feature","id":488,"geometry":{"type":"LineString","coordinates":[[-73.7936040014418,40.7104696670832],[-73.7908280000363,40.7114926671327],[-73.7906610016836,40.7115546664831],[-73.7904910014033,40.7116126663515],[-73.7903170011861,40.7116656662375],[-73.7901400006784,40.7117156661844],[-73.7899610018613,40.7117616666359],[-73.7897780020047,40.711802667057],[-73.7895910007492,40.7118406665676],[-73.7894020020607,40.7118736660728],[-73.7892090020189,40.7119036664359],[-73.7890140010637,40.7119286658601],[-73.7888150007945,40.7119496665426],[-73.7886120012461,40.711966667562],[-73.7884070024621,40.7119796662698],[-73.7881990020989,40.7119886662142],[-73.7879900001976,40.7119936665598],[-73.7865150006799,40.7121016668598],[-73.7864290020377,40.7121096659952],[-73.7863430001651,40.7121186664314],[-73.7862570013232,40.7121296668491],[-73.7861720012755,40.7121406663562],[-73.786087001194,40.7121516676016],[-73.7860030014347,40.7121636666116],[-73.7859190019794,40.7121766669317],[-73.7858350016437,40.7121906676593],[-73.78575300247,40.7122046666468],[-73.7856700012212,40.7122196668823],[-73.7855880014578,40.712235666692],[-73.7855070004765,40.7122516665033],[-73.7854260021528,40.7122686667329],[-73.7853460005711,40.7122866674334],[-73.7852670013216,40.7123046672466],[-73.7838170017645,40.712645666744]]},"properties":{"FID":488,"objectid":1242,"shape_len":2855.56918693,"url":"http://web.mta.info/nyct/service/","name":"F","rt_symbol":"B","id":2000312,"Shape__Length":1147.0483082038179}},{"type":"Feature","id":489,"geometry":{"type":"LineString","coordinates":[[-73.8589920015869,40.6793706670625],[-73.8603420012296,40.6792866673378],[-73.8603720013316,40.679284666781],[-73.8604020014298,40.6792826671168],[-73.8604320015264,40.6792806674448],[-73.8604620013487,40.6792776672919],[-73.8604919999874,40.6792746662292],[-73.8605220007121,40.6792706664895],[-73.8605520002504,40.6792666667405],[-73.8605819997869,40.6792626660832],[-73.8606120014072,40.6792576667488],[-73.8606420006592,40.6792526665032],[-73.8606730005971,40.679247666561],[-73.8607030007451,40.6792416667283],[-73.8607330008876,40.6792356668878],[-73.8607640017169,40.6792296664494],[-73.8607940003865,40.679222667019],[-73.8618710007252,40.678934667153],[-73.8619469999667,40.6789116673438],[-73.8620230012256,40.6788876670139],[-73.8620970016476,40.6788616659918],[-73.8621709996406,40.6788356676207],[-73.862244001027,40.6788076670631],[-73.8623150006832,40.6787786662926],[-73.8623860011555,40.6787486668075],[-73.8624560005772,40.67871766741],[-73.8625250013142,40.6786856672044],[-73.8625920014983,40.678652666797],[-73.8626590010037,40.6786176663046],[-73.8627250009392,40.6785826663815],[-73.8627900006901,40.6785456669837],[-73.8628540017468,40.6785076667863],[-73.8629170005578,40.6784686666874],[-73.8650500006359,40.6770436664556]]},"properties":{"FID":489,"objectid":1243,"shape_len":1944.89217107,"url":"http://web.mta.info/nyct/service/","name":"A","rt_symbol":"A","id":2000254,"Shape__Length":781.2967965422265}},{"type":"Feature","id":490,"geometry":{"type":"LineString","coordinates":[[-73.862700001359,40.7498646673716],[-73.8616150016003,40.7499806671909],[-73.861521000979,40.7499916664757],[-73.861428001183,40.7500036664507],[-73.8613379997972,40.7500166668216],[-73.8612490001338,40.7500296656273],[-73.8611619997735,40.7500446659],[-73.8610780008026,40.750058666562],[-73.8609950017457,40.7500746674951],[-73.8609140014256,40.75009066718],[-73.8608350013043,40.7501076669864],[-73.8607580013797,40.7501256669185],[-73.8606820019848,40.7501436671087],[-73.8606090009884,40.7501626677388],[-73.8605380001894,40.7501826667052],[-73.8604680001909,40.7502036673035],[-73.8604010006858,40.7502246669932],[-73.8553340002546,40.7517296671324]]},"properties":{"FID":490,"objectid":1244,"shape_len":2159.61042254,"url":"http://web.mta.info/nyct/service/","name":"7","rt_symbol":"7","id":2000185,"Shape__Length":868.03261107684148}},{"type":"Feature","id":491,"geometry":{"type":"LineString","coordinates":[[-73.949724001085,40.7440646676374],[-73.9495999997552,40.7441286664954],[-73.949477001461,40.744193667023],[-73.9493540004717,40.7442556669287],[-73.9492320009206,40.7443176671441],[-73.9491100003021,40.7443776672036],[-73.9489899992504,40.7444376671185],[-73.9488700007015,40.7444956668835],[-73.9487500011141,40.744551666497],[-73.948631999932,40.7446076668763],[-73.9485140000977,40.7446616662089],[-73.9483959996624,40.7447146658575],[-73.9482800015711,40.7447656671589],[-73.9481640009355,40.7448166665411],[-73.9480489986205,40.7448656671314],[-73.9479340004709,40.7449136662449],[-73.9438155959784,40.7463050335715]]},"properties":{"FID":491,"objectid":1245,"shape_len":1833.53476548,"url":"http://web.mta.info/nyct/service/","name":"G","rt_symbol":"G","id":2000289,"Shape__Length":737.18188284275857}},{"type":"Feature","id":492,"geometry":{"type":"LineString","coordinates":[[-73.8063320003486,40.5907126664757],[-73.8065058766932,40.5907775837953],[-73.8066766473853,40.5908471243257],[-73.8068441024273,40.5909212030782],[-73.8070080353887,40.5909997260659],[-73.8071682421954,40.591082600207],[-73.807324524713,40.5911697198235],[-73.8074766895336,40.5912609774446],[-73.8076245491681,40.5913562602071],[-73.8077679173205,40.5914554498469],[-73.8079066183356,40.5915584236158],[-73.8080404824713,40.5916650551733],[-73.8081693411842,40.5917752109772],[-73.8082930353849,40.5918887547996],[-73.8084114107159,40.5920055468182],[-73.8085243246449,40.5921254418275],[-73.8086316322834,40.5922482910153],[-73.8087332041017,40.5923739437942],[-73.8088289129526,40.5925022414752],[-73.8089186399445,40.592633028985],[-73.8090022733014,40.5927661404551],[-73.8090797118631,40.5929014145367],[-73.8092156248528,40.5931777709573]]},"properties":{"FID":492,"objectid":1246,"shape_len":1236.73420775,"url":"http://web.mta.info/nyct/service/","name":"A","rt_symbol":"A","id":2000535,"Shape__Length":496.76743550598928}},{"type":"Feature","id":493,"geometry":{"type":"LineString","coordinates":[[-73.8136727954187,40.5881596510626],[-73.8121718108494,40.5887538314088],[-73.8119950157668,40.588840262862],[-73.8118223801882,40.5889314493254],[-73.8116541241309,40.5890272759108],[-73.8114904629119,40.5891276205192],[-73.8113316036039,40.5892323538346],[-73.811177748562,40.589341345633],[-73.8110290966371,40.589454453078],[-73.8108858336886,40.5895715342126],[-73.8107481444219,40.5896924389732],[-73.8106162052909,40.5898170127803],[-73.810490180944,40.589945100134],[-73.8103702360693,40.5900765329274],[-73.8102565211743,40.5902111466318],[-73.8101491820656,40.590348769506],[-73.8100483551166,40.5904892252903],[-73.8099541696249,40.590632335011],[-73.8098667442676,40.5907779169745],[-73.8097861930132,40.5909257849761],[-73.8097126168445,40.5910757509874],[-73.8096461084863,40.591227624264],[-73.8095867547724,40.5913812095481],[-73.8095346307236,40.5915363124614],[-73.8094898019209,40.5916927359073],[-73.8094523292345,40.5918502782775],[-73.8094222546282,40.5920087406328],[-73.809399621261,40.5921679195316],[-73.8093844557502,40.5923276133048],[-73.8093767788122,40.5924876184709],[-73.8093765993533,40.592647730627],[-73.8093839168324,40.5928077444522],[-73.8094210014214,40.5931266674627]]},"properties":{"FID":493,"objectid":1247,"shape_len":2336.37543425,"url":"http://web.mta.info/nyct/service/","name":"S","rt_symbol":"L","id":2000275,"Shape__Length":938.77479213532672}},{"type":"Feature","id":494,"geometry":{"type":"LineString","coordinates":[[-73.9133319333569,40.7563529913686],[-73.9174024677973,40.758279751471],[-73.9174571491947,40.7583067364842],[-73.9175130558171,40.7583322302114],[-73.9175701166459,40.7583562010824],[-73.9176282594792,40.7583786166255],[-73.9176874097393,40.7583994497707],[-73.9177474975831,40.7584186752525],[-73.9178084413269,40.758436265996],[-73.9178701699326,40.7584522048395],[-73.9179326017138,40.7584664665096],[-73.9179956585241,40.7584790356408],[-73.9180592645867,40.7584898959692],[-73.9181233346462,40.7584990348262],[-73.9181877929197,40.7585064404507],[-73.9182525553356,40.7585121001751],[-73.9183175401765,40.7585160130407],[-73.9183826681053,40.7585181681848],[-73.9184478550337,40.7585185664481],[-73.918513019246,40.7585172050711],[-73.9185780790181,40.7585140884988],[-73.9186429514458,40.7585092175732],[-73.9187075571668,40.7585026021441],[-73.9187718132738,40.7584942457558],[-73.918835639214,40.7584841636604],[-73.918898954441,40.7584723657076],[-73.9189616795879,40.7584588662505],[-73.9190237364652,40.7584436850462],[-73.9190850445176,40.7584268400493],[-73.9191455279245,40.7584083510188],[-73.919205112046,40.758388241317],[-73.9192637210514,40.7583665397081],[-73.9193212791169,40.7583432695536],[-73.9193777163316,40.7583184614234],[-73.9194329615996,40.7582921467871],[-73.9194869438243,40.7582643580148],[-73.9195395954568,40.758235131982],[-73.9195908513204,40.758204502864],[-73.9196406462311,40.75817251114],[-73.9196889173729,40.7581391981913],[-73.9197356031176,40.7581046026987],[-73.9197806477511,40.7580687696504],[-73.9198655789844,40.7579935735339],[-73.9207880247939,40.7568713236436]]},"properties":{"FID":494,"objectid":1248,"shape_len":2569.01900227,"url":"http://web.mta.info/nyct/service/","name":"E","rt_symbol":"A","id":2000536,"Shape__Length":1033.6021413248147}},{"type":"Feature","id":495,"geometry":{"type":"LineString","coordinates":[[-73.9209063102218,40.7570847094403],[-73.9242576200448,40.752893516668],[-73.9242720115118,40.752869198062],[-73.9242875203561,40.7528452800131],[-73.9243041252304,40.7528217904226],[-73.9243218071505,40.7527987616959],[-73.9243405447713,40.7527762199329],[-73.9243603143782,40.752754192133],[-73.9243810887016,40.7527327079942],[-73.9244028463955,40.7527117945173],[-73.9244255601965,40.7526914759974],[-73.9244491992878,40.7526717776279],[-73.9244737340388,40.7526527228022],[-73.9244991359994,40.7526343385159],[-73.9245253731749,40.7526166445589],[-73.9245524147512,40.7525996643235],[-73.9245802228121,40.7525834184958],[-73.9246087689161,40.752567926868],[-73.9246380127802,40.7525532092243],[-73.9246679176757,40.7525392835501],[-73.9246984516121,40.7525261669338],[-73.9247295719433,40.7525138746554],[-73.9247612419424,40.7525024238003],[-73.9247934237022,40.7524918278508],[-73.9248260757642,40.7524820993864],[-73.9248591554851,40.7524732518866],[-73.924892626147,40.7524652943321],[-73.9249264451098,40.7524582375009],[-73.9249605685491,40.7524520921701],[-73.9250295630583,40.7524425566126]]},"properties":{"FID":495,"objectid":1249,"shape_len":2068.8756525,"url":"http://web.mta.info/nyct/service/","name":"R","rt_symbol":"N","id":2000537,"Shape__Length":833.47016211672349}},{"type":"Feature","id":496,"geometry":{"type":"LineString","coordinates":[[-73.9207880247939,40.7568713236436],[-73.9241263096738,40.7526599596762],[-73.9241364673356,40.7526433223147],[-73.9241474014684,40.7526269727251],[-73.9241590978414,40.7526109289078],[-73.9241715386633,40.7525952160651],[-73.9241847132578,40.7525798503987],[-73.9241986002866,40.752564852606],[-73.9242131855159,40.7525502433891],[-73.9242284476134,40.7525360380423],[-73.924244367607,40.7525222590653],[-73.9242609253497,40.752508920853],[-73.9242781006914,40.7524960405013],[-73.9242958699277,40.7524836369049],[-73.9243142117275,40.7524717244578],[-73.9243331000224,40.7524603184511],[-73.9243525158508,40.7524494323797],[-73.9243724284076,40.7524390815317],[-73.9243928163631,40.7524292794004],[-73.9244136512838,40.752420038574],[-73.9244349082906,40.7524113698421],[-73.9244565589521,40.7524032839917],[-73.9244785760213,40.752395791811],[-73.9245009310656,40.7523889049876],[-73.9245235956599,40.7523826289058],[-73.9245697397792,40.7523719476133]]},"properties":{"FID":496,"objectid":1250,"shape_len":1958.60511445,"url":"http://web.mta.info/nyct/service/","name":"E","rt_symbol":"A","id":2000538,"Shape__Length":789.11735926241738}},{"type":"Feature","id":497,"geometry":{"type":"LineString","coordinates":[[-73.9060060002681,40.7528846664997],[-73.9133319333569,40.7563529913686]]},"properties":{"FID":497,"objectid":1251,"shape_len":2390.88495627,"url":"http://web.mta.info/nyct/service/","name":"E","rt_symbol":"A","id":2000539,"Shape__Length":961.69098817403608}},{"type":"Feature","id":498,"geometry":{"type":"LineString","coordinates":[[-73.8788549997956,40.8748106660312],[-73.8830290001351,40.8766986669033],[-73.8830905075456,40.8767274187822],[-73.8831533063045,40.8767545177389],[-73.8832173146069,40.8767799312708],[-73.8832824565789,40.8768036268817],[-73.883348652781,40.8768255756737],[-73.8834158213941,40.8768457523487],[-73.8834838782294,40.8768641298054],[-73.8835527438335,40.8768806863504],[-73.8836223304452,40.876895402083],[-73.8836925526725,40.8769082589061],[-73.8837633239336,40.8769192405226],[-73.8838345612009,40.8769283333406],[-73.8839061731341,40.8769355282624],[-73.8839780731415,40.8769408143945],[-73.8840501746251,40.8769441844454],[-73.8841223850451,40.8769456365209],[-73.8841946189803,40.8769451687341],[-73.8842667874518,40.8769427782942],[-73.8843388014634,40.8769384723161],[-73.8844105720239,40.8769322552135],[-73.8844820101388,40.8769241332009],[-73.884553032741,40.876914115201],[-73.8846235472617,40.8769022164302],[-73.8846934694399,40.8768884503125],[-73.8847627138222,40.876872833873],[-73.8848311973269,40.8768553850398],[-73.884898830931,40.876836127138],[-73.8849655339182,40.8768150826009],[-73.8850312255663,40.8767922774638],[-73.8850958251503,40.8767677395634],[-73.8851592519408,40.8767414994374],[-73.8852214299515,40.87671358943],[-73.8852822796355,40.876684042782],[-73.8853417309297,40.8766528972466],[-73.8853997078413,40.8766201896703],[-73.885456137929,40.8765859614058],[-73.8855109558719,40.8765502529128],[-73.8855640915965,40.8765131091482],[-73.8856154809584,40.8764745768762],[-73.8856650610061,40.8764346992602],[-73.8857585495973,40.876351117578],[-73.8871379988957,40.8732439986165]]},"properties":{"FID":498,"objectid":1252,"shape_len":3377.34772948,"url":"http://web.mta.info/nyct/service/","name":"D","rt_symbol":"B","id":2000230,"Shape__Length":1361.9268691265379}},{"type":"Feature","id":499,"geometry":{"type":"LineString","coordinates":[[-73.9282140234152,40.8164146384554],[-73.9281380014195,40.8166166671443],[-73.9281180010008,40.8166746664982],[-73.9280969988694,40.8167316665723],[-73.9280760003619,40.8167896670964],[-73.9280540001399,40.8168466674396],[-73.9280310007808,40.816904666706],[-73.9280080000925,40.8169616664148],[-73.92798500055,40.8170186661192],[-73.9279610018634,40.8170766665469],[-73.9279360014543,40.8171336667914],[-73.9279110010033,40.8171906661295],[-73.9278850000124,40.8172466661847],[-73.9278590014491,40.8173036666872],[-73.9278320012593,40.8173606674569],[-73.9278050009243,40.8174166668671],[-73.9277780006433,40.8174736667225],[-73.9273510003655,40.8183746670669]]},"properties":{"FID":499,"objectid":1253,"shape_len":753.344218488,"url":"http://web.mta.info/nyct/service/","name":"4-5","rt_symbol":"4","id":2000133,"Shape__Length":304.02858297083009}},{"type":"Feature","id":500,"geometry":{"type":"LineString","coordinates":[[-73.9787050233341,40.6882137140018],[-73.9798202397562,40.6886560616586]]},"properties":{"FID":500,"objectid":1254,"shape_len":348.75179916,"url":"http://web.mta.info/nyct/service/","name":"N-Q-R","rt_symbol":"N","id":2000449,"Shape__Length":140.10455596509189}},{"type":"Feature","id":501,"geometry":{"type":"LineString","coordinates":[[-73.9788050007826,40.6880676664739],[-73.9799469530598,40.6885206204773]]},"properties":{"FID":501,"objectid":1255,"shape_len":357.113534977,"url":"http://web.mta.info/nyct/service/","name":"B-D","rt_symbol":"B","id":2000449,"Shape__Length":143.46342594316181}},{"type":"Feature","id":502,"geometry":{"type":"LineString","coordinates":[[-74.0052290023424,40.7208240000712],[-74.0051700413597,40.7205566135065],[-74.0051019861831,40.719036080621],[-74.0051034077018,40.7189597029152],[-74.0051084840327,40.7188834150974],[-74.0051172092536,40.7188073198256],[-74.0051295715241,40.7187315161556],[-74.0051455530865,40.718656104944],[-74.0051651338165,40.7185811870476],[-74.0051882888553,40.718506860621],[-74.0052149850605,40.7184332265208],[-74.0052451881058,40.7183603811006],[-74.0052788589316,40.7182884198136],[-74.0053159513777,40.7182174390135],[-74.005356416917,40.7181475332526],[-74.0054472459508,40.7180113178553],[-74.009744615177,40.7125639268082]]},"properties":{"FID":502,"objectid":1256,"shape_len":3357.42406614,"url":"http://web.mta.info/nyct/service/","name":"E","rt_symbol":"A","id":2000542,"Shape__Length":1352.4490010738368}},{"type":"Feature","id":503,"geometry":{"type":"LineString","coordinates":[[-73.9980409988137,40.745905667113],[-73.9933909997389,40.7522866666883]]},"properties":{"FID":503,"objectid":1257,"shape_len":2657.95053987,"url":"http://web.mta.info/nyct/service/","name":"A-C-E","rt_symbol":"A","id":0,"Shape__Length":1071.0309214466808}},{"type":"Feature","id":504,"geometry":{"type":"LineString","coordinates":[[-73.9901510009546,40.6924036668012],[-73.9896048064361,40.6923345224014],[-73.9893308668209,40.69228783455],[-73.9890942774292,40.6922409505783],[-73.9887050408521,40.6921501521319],[-73.9884021957087,40.6920672712127],[-73.9881326522293,40.6919593289559],[-73.9876355199956,40.6917602389254],[-73.9872944892484,40.6916236632904],[-73.9869829455066,40.6914988948072],[-73.9866014693796,40.6913461186049],[-73.9860539628141,40.6911268443565],[-73.9849642790058,40.6906904193365]]},"properties":{"FID":504,"objectid":1258,"shape_len":1578.63888967,"url":"http://web.mta.info/nyct/service/","name":"4-5","rt_symbol":"4","id":0,"Shape__Length":634.10814351865349}},{"type":"Feature","id":505,"geometry":{"type":"LineString","coordinates":[[-73.9899980008399,40.6932186664214],[-73.9899320223788,40.6930589042808],[-73.9898882115029,40.6929713507753],[-73.98982390855,40.6928597625536],[-73.9897648447252,40.6927700013927],[-73.9897076722129,40.6926918074581],[-73.9896429035851,40.6926113993501],[-73.989563661403,40.6925225241711],[-73.9894806316162,40.6924385212659],[-73.9893700719401,40.6923384262952],[-73.9893308668209,40.69228783455],[-73.9892327658221,40.6922292848658],[-73.9890428198027,40.692137730693],[-73.9889314570426,40.6920931347373],[-73.9887756823977,40.6920307519203],[-73.9885241305861,40.6919300128354],[-73.9883461496206,40.691858738255],[-73.9881834224716,40.6917935713448],[-73.9879607029488,40.6917043776587],[-73.9876846126731,40.6915938104677],[-73.9874450051244,40.69149785202],[-73.9872733234381,40.6914290969995],[-73.987086062368,40.6913541030215],[-73.9868504218519,40.6912597304819],[-73.9866628340516,40.6911846043012],[-73.986459664688,40.6911032354259],[-73.9862233729511,40.6910086021749],[-73.9860676033736,40.6909462165843],[-73.9855989892295,40.6907585351827],[-73.9850649999924,40.6905446672855]]},"properties":{"FID":505,"objectid":1259,"shape_len":1732.96141939,"url":"http://web.mta.info/nyct/service/","name":"2-3","rt_symbol":"1","id":0,"Shape__Length":696.57362289452715}},{"type":"Feature","id":506,"geometry":{"type":"LineString","coordinates":[[-73.9898799293015,40.6701756281344],[-73.9925367127969,40.6714570726885],[-73.9943633166425,40.6724527863094],[-73.9959590004881,40.6735796670717]]},"properties":{"FID":506,"objectid":1260,"shape_len":2099.31697633,"url":"http://web.mta.info/nyct/service/","name":"F","rt_symbol":"B","id":2000395,"Shape__Length":843.60594289606968}},{"type":"Feature","id":507,"geometry":{"type":"LineString","coordinates":[[-73.9774299357828,40.662949638591],[-73.9772979363955,40.6631086392746],[-73.9771949364272,40.6632676392531],[-73.9771159363769,40.663422639318],[-73.9770599379929,40.6635746388928],[-73.9770289364407,40.6637236393102],[-73.9770219373461,40.6638696394914],[-73.977038937664,40.6640116389669],[-73.9770789391024,40.6641506398017],[-73.9771439391837,40.6642866387668],[-73.9772329391077,40.6644186387509],[-73.9773459383215,40.6645486397446],[-73.9774829388138,40.6646746389299],[-73.9776449388032,40.6647966391168],[-73.9778299391489,40.6649166380596],[-73.9780419386457,40.6650336386389]]},"properties":{"FID":507,"objectid":1261,"shape_len":889.649560332,"url":"http://web.mta.info/nyct/service/","name":"F","rt_symbol":"B","id":2000399,"Shape__Length":358.00646275704111}},{"type":"Feature","id":508,"geometry":{"type":"LineString","coordinates":[[-73.994866452688,40.6802131172372],[-73.994945672712,40.6801200345785],[-73.9950245638556,40.6800245861989],[-73.995102410587,40.6799253312456],[-73.9951817265961,40.6798205561468],[-73.9952611183446,40.6797117601984],[-73.995340206084,40.6795994773899],[-73.995418785314,40.6794816086144],[-73.99549978594,40.6793581332755],[-73.9955792877402,40.6792324983866],[-73.9956591125758,40.6791004436856],[-73.9957393548729,40.6789647274507],[-73.9958203411343,40.6788244842985],[-73.9959004082399,40.6786801671265],[-73.9959811861505,40.6785314166883],[-73.9960595805931,40.6783775664953],[-73.9970200771296,40.6763806276454],[-73.9970417124637,40.6763363706057],[-73.9970619236405,40.676293064469],[-73.9970818450207,40.6762494260312],[-73.9971000690437,40.6762062675213],[-73.9971185591991,40.6761624750525],[-73.9971350881532,40.6761211499423],[-73.9971500511019,40.6760790710597],[-73.9971651702194,40.6760356008836],[-73.9971785151064,40.6759927087921],[-73.9971917109246,40.6759502948687],[-73.997203015445,40.6759078989079],[-73.9972142347767,40.6758658280295],[-73.9972236574924,40.675822484679],[-73.99723282581,40.6757812314163],[-73.9972382917416,40.6757460916589],[-73.9972437728877,40.6756574865358],[-73.9972456513248,40.675567339644],[-73.9972428624242,40.6754790296897],[-73.9972354594127,40.675392957403],[-73.9972235782989,40.6753097963715],[-73.9972061073539,40.6752279571581],[-73.9971850123791,40.6751472416952],[-73.9971587698978,40.6750694185545],[-73.9971278318087,40.6749929829834],[-73.9970922643496,40.6749182015321],[-73.997052467316,40.6748449364281],[-73.9970070828982,40.6747732281547],[-73.9969580768589,40.674703350514],[-73.9969036017261,40.6746352548237],[-73.9968458266847,40.6745693544721],[-73.9967837723301,40.6745073009712],[-73.996715235491,40.6744426816844],[-73.996647252338,40.6743776535386],[-73.9965793200267,40.6743155430222],[-73.9965109028823,40.6742539682568],[-73.996441537238,40.6741933947937],[-73.9963717056818,40.6741333985036],[-73.9963025223171,40.6740749339676],[-73.9962334087429,40.6740184739383],[-73.9961642325467,40.6739629386938],[-73.9960941113869,40.6739084002454],[-73.9960240257647,40.6738548622274],[-73.9959524629613,40.6738019256583],[-73.9958821456358,40.6737501642612],[-73.9958116674499,40.673700242567]]},"properties":{"FID":508,"objectid":1262,"shape_len":2641.1435991,"url":"http://web.mta.info/nyct/service/","name":"G","rt_symbol":"G","id":2000394,"Shape__Length":1063.3117980023969}},{"type":"Feature","id":509,"geometry":{"type":"LineString","coordinates":[[-73.9958116674499,40.673700242567],[-73.9942289487045,40.6725959957776],[-73.9923883806062,40.6715831459141],[-73.989788813429,40.6703483749588]]},"properties":{"FID":509,"objectid":1263,"shape_len":2075.38328402,"url":"http://web.mta.info/nyct/service/","name":"G","rt_symbol":"G","id":2000394,"Shape__Length":833.98117328915578}},{"type":"Feature","id":510,"geometry":{"type":"LineString","coordinates":[[-73.989788813429,40.6703483749588],[-73.9885327233609,40.6697517065649],[-73.9878341510464,40.6694652015505],[-73.9871221290581,40.669291220099],[-73.9862891853815,40.6691683664695],[-73.9855368775832,40.6689432202075],[-73.9801751291966,40.6663255378592]]},"properties":{"FID":510,"objectid":1264,"shape_len":3064.76498599,"url":"http://web.mta.info/nyct/service/","name":"G","rt_symbol":"G","id":2000394,"Shape__Length":1230.9728259341252}},{"type":"Feature","id":511,"geometry":{"type":"LineString","coordinates":[[-73.9801751291966,40.6663255378592],[-73.9777190339982,40.6651262837699],[-73.9772892486233,40.6648090776128],[-73.9769803844285,40.6644612054119],[-73.9768192702352,40.664195200236],[-73.9767522279488,40.6638269161458],[-73.9768329649129,40.6634382021302],[-73.9769674129793,40.6631211078551],[-73.9794535853326,40.6601038080358],[-73.9795754320514,40.6599306955308]]},"properties":{"FID":511,"objectid":1265,"shape_len":3004.75848021,"url":"http://web.mta.info/nyct/service/","name":"G","rt_symbol":"G","id":2000394,"Shape__Length":1208.5785239042921}},{"type":"Feature","id":512,"geometry":{"type":"LineString","coordinates":[[-73.9756594994904,40.6507292297185],[-73.9756554920838,40.6505587176847],[-73.9757497485416,40.6499040334361],[-73.9758976869705,40.6493618881067],[-73.9762336490625,40.6488300114437],[-73.9765964126026,40.6484618146243],[-73.9770531566432,40.6481754726874],[-73.9787053452505,40.6475210879426],[-73.9790814834502,40.6472654126171],[-73.9794039055711,40.6469790385998],[-73.9796994998855,40.6465699003392],[-73.9798473698379,40.6461198177752],[-73.9798609330975,40.6456799396409],[-73.9796866579361,40.6446364751414],[-73.9796141496734,40.6442824596388]]},"properties":{"FID":512,"objectid":1266,"shape_len":2858.07413075,"url":"http://web.mta.info/nyct/service/","name":"G","rt_symbol":"G","id":2000394,"Shape__Length":1149.7107870495317}},{"type":"Feature","id":513,"geometry":{"type":"LineString","coordinates":[[-73.8914438581767,40.7465000013676],[-73.8852544828036,40.7438618437507],[-73.8852111835706,40.7438435626253],[-73.8851670815192,40.7438239614396],[-73.8851240078433,40.7438053617265],[-73.8850809311486,40.743785780441],[-73.8850367721867,40.7437662691991],[-73.8849947345377,40.7437476938848],[-73.8849558126972,40.7437300870114],[-73.8849147902505,40.7437105518403],[-73.8848726666892,40.7436910308624],[-73.8848326856471,40.7436725034703],[-73.8847936991656,40.7436539851636],[-73.884754750564,40.7436354839912],[-73.8847167929699,40.7436169919021],[-73.8846788732518,40.743598518749],[-73.8846410076295,40.7435795863787],[-73.8830355935563,40.7427948722309],[-73.882964941038,40.7427590494009],[-73.8828939579898,40.7427240573599],[-73.8828273689811,40.7426902809282],[-73.8827604056566,40.7426552991975],[-73.8826948589874,40.7426220217306],[-73.8826328312418,40.7425900391403],[-73.882572230724,40.7425577842172],[-73.8825124051561,40.7425258758475],[-73.8824552198986,40.7424953127984],[-73.8823990658932,40.7424647723858],[-73.8823457402464,40.7424356864536],[-73.8822944628106,40.7424066602223],[-73.882243016513,40.7423774068674],[-73.8821949771192,40.7423505054985],[-73.8821505161728,40.7423240175022]]},"properties":{"FID":513,"objectid":1267,"shape_len":2992.91421275,"url":"http://web.mta.info/nyct/service/","name":"F-M","rt_symbol":"B","id":2000299,"Shape__Length":1203.5704647783855}},{"type":"Feature","id":514,"geometry":{"type":"LineString","coordinates":[[-73.9557151632199,40.5993232340866],[-73.9572884206282,40.6076157269261],[-73.957291950101,40.6076322023815],[-73.9572949512685,40.6076452034279],[-73.9572969516201,40.607654538979],[-73.9572989508096,40.607667539653],[-73.9573029503394,40.6076862026498],[-73.9573099330376,40.6077164627724],[-73.9573139320107,40.6077304619668],[-73.9573295777225,40.6077982527451],[-73.9573335768001,40.6078102536812],[-73.9573361266834,40.6078213049292],[-73.9573612444763,40.6079050312477],[-73.9573658627159,40.6079207335562],[-73.9573714965628,40.6079410108913],[-73.9573764084574,40.6079557470485],[-73.9573794906311,40.6079696162251],[-73.957385358332,40.6079919144167],[-73.9573903579504,40.6080099149967],[-73.9573941381288,40.6080242833207],[-73.957398139217,40.6080442826883],[-73.9574031393866,40.6080632828469],[-73.957410264085,40.6080989038203],[-73.9574260763234,40.6081819278689],[-73.9575200032807,40.6086925313669]]},"properties":{"FID":514,"objectid":1268,"shape_len":3450.34174566,"url":"http://web.mta.info/nyct/service/","name":"Q","rt_symbol":"N","id":2000462,"Shape__Length":1388.4711400921356}},{"type":"Feature","id":515,"geometry":{"type":"LineString","coordinates":[[-73.9625790039744,40.6351049955162],[-73.9636769858168,40.6409499964621]]},"properties":{"FID":515,"objectid":1269,"shape_len":2151.18522887,"url":"http://web.mta.info/nyct/service/","name":"Q","rt_symbol":"N","id":2000457,"Shape__Length":866.11228599376716}},{"type":"Feature","id":516,"geometry":{"type":"LineString","coordinates":[[-73.963677117839,40.6409506962067],[-73.9642781085806,40.6440546965669]]},"properties":{"FID":516,"objectid":1270,"shape_len":1143.10500877,"url":"http://web.mta.info/nyct/service/","name":"Q","rt_symbol":"N","id":2000456,"Shape__Length":460.26651231327031}},{"type":"Feature","id":517,"geometry":{"type":"LineString","coordinates":[[-73.9612821923888,40.6552624331011],[-73.9612547176267,40.6553784311589],[-73.9612310203768,40.6554948564264],[-73.9612104661273,40.6556089296965],[-73.9611930549338,40.6557226195012],[-73.9611776221949,40.6558357894708],[-73.9611662864532,40.6559470823417],[-73.9611569997533,40.6560585208853],[-73.9611518367597,40.656168979256],[-73.9611487563365,40.6562789088247],[-73.9611487545966,40.6563874760491],[-73.9611518585129,40.6564950906737],[-73.9611580734006,40.6566028036033],[-73.9611673488106,40.6567079285784],[-73.9611788063988,40.6568141799341],[-73.961195334892,40.6569195531932],[-73.9617224946029,40.6601615981503],[-73.9617269792595,40.6601873850337],[-73.9617373084309,40.6602369682098],[-73.9617471152653,40.6602859964928],[-73.9617524702631,40.6603138566533],[-73.9617648877395,40.66036765854],[-73.9617711424784,40.6603958089647],[-73.9617780231321,40.6604233328374],[-73.9617839128659,40.6604508176583],[-73.9618056680299,40.6605409431744],[-73.9618143420909,40.6605734736112],[-73.9618964436456,40.6608623568125],[-73.9618997785594,40.6608723590531],[-73.9619027788621,40.6608843585285],[-73.9619067795803,40.660896358335],[-73.9619124061829,40.660918865906],[-73.9619164051508,40.6609318670859],[-73.9619173030006,40.6609354595433],[-73.961919109621,40.6609463005588],[-73.9619232689161,40.6609643194693],[-73.9619253029425,40.6609724590104],[-73.9619271107473,40.6609833009266],[-73.9619299300082,40.6609955200671],[-73.9619313296567,40.6610046166471],[-73.9619333307366,40.6610166166913],[-73.9619352570181,40.6610291426123],[-73.9620313042661,40.6616334551018]]},"properties":{"FID":517,"objectid":1271,"shape_len":2340.24072476,"url":"http://web.mta.info/nyct/service/","name":"Q","rt_symbol":"N","id":2000453,"Shape__Length":942.5302365052321}},{"type":"Feature","id":518,"geometry":{"type":"LineString","coordinates":[[-73.9627711641885,40.6504901262193],[-73.9626991325496,40.6507312254567],[-73.9626282190485,40.6509699323309],[-73.9625563295826,40.6512065631446],[-73.9624853160037,40.6514406088072],[-73.962415354834,40.6516714777384],[-73.9623454487983,40.6519001682875],[-73.9622755706566,40.6521267740997],[-73.962205638071,40.6523505513209],[-73.9621366845014,40.6525714030355],[-73.9620677031888,40.6527903365923],[-73.9619997524688,40.6530071821432],[-73.9619318859403,40.653220756998],[-73.9618640248569,40.6534323200539],[-73.9617961697945,40.6536408762397],[-73.9617279838052,40.6538484408012],[-73.9612847435125,40.6552531865501]]},"properties":{"FID":518,"objectid":1272,"shape_len":1783.68501674,"url":"http://web.mta.info/nyct/service/","name":"Q","rt_symbol":"N","id":2000454,"Shape__Length":718.2149495061866}},{"type":"Feature","id":519,"geometry":{"type":"LineString","coordinates":[[-73.9723117650417,40.6765177456182],[-73.9763391139285,40.6820707661626],[-73.9763673499074,40.6821169701419],[-73.9763956315763,40.6821678784092],[-73.9764231174345,40.6822181111205],[-73.9764484491171,40.6822687747303],[-73.976472381801,40.6823184826027],[-73.9764939681494,40.6823700981799],[-73.9765158712805,40.6824224783539],[-73.9765342432653,40.6824720842198],[-73.9765520606544,40.6825245986301],[-73.9765681039237,40.6825765048289],[-73.976583113134,40.6826290429756],[-73.9765960525509,40.6826807981524],[-73.9766073627613,40.6827335768806],[-73.9766178990617,40.6827872217447],[-73.9766276941103,40.682843051104],[-73.9766766573412,40.6845033323368]]},"properties":{"FID":519,"objectid":1273,"shape_len":3209.91143369,"url":"http://web.mta.info/nyct/service/","name":"Q","rt_symbol":"N","id":2000451,"Shape__Length":1292.4159901372898}},{"type":"Feature","id":520,"geometry":{"type":"LineString","coordinates":[[-73.9766759686584,40.6844836424614],[-73.977201687972,40.6872032371321],[-73.977210667764,40.6872559864931],[-73.9772265720134,40.6873110488419],[-73.9772451417736,40.6873655191774],[-73.9772709941339,40.6874198099449],[-73.9773004202416,40.6874709820322],[-73.9773352817907,40.6875200497818],[-73.9773742586313,40.6875668211197],[-73.9774185160938,40.6876110783462],[-73.9774649501083,40.6876524939609],[-73.9775193256451,40.6876939219146],[-73.9775760464099,40.6877304758197],[-73.9776355481428,40.6877644763809],[-73.9776994099844,40.6877964083761],[-73.9777662222085,40.6878250405239],[-73.9778274240512,40.6878485017039],[-73.9787012133607,40.6882121662145]]},"properties":{"FID":520,"objectid":1274,"shape_len":1584.13649837,"url":"http://web.mta.info/nyct/service/","name":"Q","rt_symbol":"N","id":2000450,"Shape__Length":637.77213499581524}},{"type":"Feature","id":521,"geometry":{"type":"LineString","coordinates":[[-73.9411278376326,40.7003475865809],[-73.9356596018963,40.6972950175075]]},"properties":{"FID":521,"objectid":1275,"shape_len":1880.40274953,"url":"http://web.mta.info/nyct/service/","name":"M","rt_symbol":"B","id":2000364,"Shape__Length":755.93316142460981}},{"type":"Feature","id":522,"geometry":{"type":"LineString","coordinates":[[-73.9356596018963,40.6972950175075],[-73.934681071535,40.6967417190284]]},"properties":{"FID":522,"objectid":1279,"shape_len":338.025179659,"url":"http://web.mta.info/nyct/service/","name":"M","rt_symbol":"B","id":2000365,"Shape__Length":135.88755293791721}},{"type":"Feature","id":523,"geometry":{"type":"LineString","coordinates":[[-73.9577989450582,40.7084645508063],[-73.953472985617,40.7069755693859]]},"properties":{"FID":523,"objectid":1280,"shape_len":1316.34565455,"url":"http://web.mta.info/nyct/service/","name":"M","rt_symbol":"B","id":2000361,"Shape__Length":528.88057998023987}},{"type":"Feature","id":524,"geometry":{"type":"LineString","coordinates":[[-73.9874859931316,40.718422831858],[-73.9887435567937,40.718830598196],[-73.9889833904135,40.7189594420323],[-73.9891667807514,40.7191419540576],[-73.9892937317762,40.7193459323074],[-73.9910709945623,40.7231248102452],[-73.9911838491738,40.7233180502348],[-73.9913249288391,40.723479086424],[-73.991451902993,40.7236186505476],[-73.9916212067964,40.7237689534881],[-73.9918328471955,40.7238763184038],[-73.9924220000669,40.724132667029]]},"properties":{"FID":524,"objectid":1281,"shape_len":2628.63394117,"url":"http://web.mta.info/nyct/service/","name":"M","rt_symbol":"B","id":0,"Shape__Length":1058.3954128255473}},{"type":"Feature","id":525,"geometry":{"type":"LineString","coordinates":[[-73.9804059368809,40.6661746365383],[-73.9828129347894,40.6673396340922],[-73.9828619350104,40.6673626342705],[-73.9829099347535,40.6673856333787],[-73.9829569351998,40.6674086332193],[-73.9830029354207,40.6674306333205],[-73.9830489344892,40.667452633403],[-73.9830939342575,40.6674746333201],[-73.9831379347244,40.6674966330732],[-73.9831819352204,40.6675186328094],[-73.9832239337854,40.6675396335648],[-73.9832669340744,40.6675606335501],[-73.9833079357259,40.6675816332292],[-73.9833489350377,40.6676026337938],[-73.9833879345273,40.6676236331546],[-73.9834279336231,40.6676436321731],[-73.9834659340753,40.6676636335919],[-73.9854549323753,40.668669632346],[-73.9855519334137,40.668711631108],[-73.9856499333866,40.6687506311958],[-73.9857479339014,40.668787631155],[-73.9858459325841,40.6688226309851],[-73.9859439329736,40.6688556315873],[-73.9860429334398,40.6688856317094],[-73.9861419318377,40.6689146303726],[-73.98623993277,40.6689406319154],[-73.9863389323592,40.6689646307467],[-73.9864389317795,40.6689866304661],[-73.9865379313349,40.6690056303641],[-73.9866379316836,40.6690236298205],[-73.9867369309633,40.6690386294571],[-73.9868369324017,40.6690516299787],[-73.9869369317095,40.6690636308409],[-73.9870449308327,40.669080631279],[-73.9871539311539,40.6691006295438],[-73.9872629313491,40.6691216299789],[-73.987371931045,40.6691456299279],[-73.9874809304439,40.6691716298185],[-73.9875899309245,40.6691986291781],[-73.9876989297571,40.6692286298523],[-73.9878089312278,40.6692606296739],[-73.9879179319012,40.66929462933],[-73.9880269311438,40.669330629828],[-73.9881359299707,40.6693696289391],[-73.9882449287486,40.66940962932],[-73.9883539296735,40.6694516287421],[-73.9884629302166,40.6694966285782],[-73.9885709301911,40.6695426286841],[-73.9898799293015,40.6701756281344]]},"properties":{"FID":525,"objectid":1282,"shape_len":3026.19891483,"url":"http://web.mta.info/nyct/service/","name":"F","rt_symbol":"B","id":2000396,"Shape__Length":1215.4933582180026}},{"type":"Feature","id":526,"geometry":{"type":"LineString","coordinates":[[-74.0017749996306,40.7195266660649],[-74.0014290005955,40.7199296670042]]},"properties":{"FID":526,"objectid":1283,"shape_len":175.375553288,"url":"http://web.mta.info/nyct/service/","name":"R-W","rt_symbol":"N","id":2000436,"Shape__Length":70.619801665134077}},{"type":"Feature","id":527,"geometry":{"type":"LineString","coordinates":[[-74.0016899993618,40.7408926679062],[-73.9980409988137,40.745905667113]]},"properties":{"FID":527,"objectid":1284,"shape_len":2087.61171021,"url":"http://web.mta.info/nyct/service/","name":"A-C-E","rt_symbol":"A","id":2000194,"Shape__Length":841.14049879434776}},{"type":"Feature","id":528,"geometry":{"type":"LineString","coordinates":[[-73.9978709994308,40.7410396666144],[-73.9956570004864,40.74408066671]]},"properties":{"FID":528,"objectid":1285,"shape_len":1266.45462848,"url":"http://web.mta.info/nyct/service/","name":"1-2-3","rt_symbol":"1","id":2000012,"Shape__Length":510.27335720950077}},{"type":"Feature","id":529,"geometry":{"type":"LineString","coordinates":[[-73.9568480001461,40.6813796665874],[-73.965837998743,40.6832626668368]]},"properties":{"FID":529,"objectid":1286,"shape_len":2586.07016733,"url":"http://web.mta.info/nyct/service/","name":"A-C","rt_symbol":"A","id":2000242,"Shape__Length":1038.2338219527712}},{"type":"Feature","id":530,"geometry":{"type":"LineString","coordinates":[[-73.9410870000901,40.7509626667427],[-73.9402019999392,40.7505816667388]]},"properties":{"FID":530,"objectid":1287,"shape_len":281.770652411,"url":"http://web.mta.info/nyct/service/","name":"7","rt_symbol":"7","id":2000172,"Shape__Length":113.31464995958258}},{"type":"Feature","id":531,"geometry":{"type":"LineString","coordinates":[[-73.939892000998,40.8360126669482],[-73.9400329997669,40.8369196665565],[-73.9400370003406,40.8369536658836],[-73.9400420013237,40.8369866670826],[-73.9400459995347,40.8370206664078],[-73.940049000329,40.8370536665664],[-73.9400519999407,40.8370866667242],[-73.9400540003331,40.8371206659105],[-73.9400549997481,40.8371536659287],[-73.9400560006333,40.8371876672967],[-73.9400570000504,40.8372206673144],[-73.9400569999591,40.8372536668125],[-73.9400559994566,40.8372876662392],[-73.9400549998522,40.837320667919],[-73.9400530007383,40.8373536663775],[-73.940050001208,40.8373876665656],[-73.9400470013898,40.837420667205],[-73.9398809996678,40.8392506667459],[-73.9398760002537,40.8393076671828],[-73.9398710011134,40.8393656671669],[-73.9398650009546,40.8394226670806],[-73.9398580012427,40.8394796664722],[-73.9398509991465,40.839536666762],[-73.9398429995836,40.8395926669829],[-73.9398340004618,40.8396486666813],[-73.9398239994065,40.8397046667562],[-73.9398140004244,40.8397596672831],[-73.9398019999587,40.839814666764],[-73.9397900003779,40.8398686666959],[-73.9397780007776,40.839922666626],[-73.93976400087,40.8399766673107],[-73.9397500006609,40.8400296666444],[-73.939735000876,40.8400826672547],[-73.9395610001561,40.8407186676261]]},"properties":{"FID":531,"objectid":1288,"shape_len":1726.74747371,"url":"http://web.mta.info/nyct/service/","name":"A-C","rt_symbol":"A","id":2000214,"Shape__Length":697.31867195299139}},{"type":"Feature","id":532,"geometry":{"type":"LineString","coordinates":[[-73.9379690011749,40.8516946665622],[-73.9368870003295,40.8551116668875],[-73.9368670002357,40.8551676664912],[-73.9368479989377,40.8552246670833],[-73.936827000182,40.8552806670328],[-73.9368059999696,40.8553356665316],[-73.936783001108,40.8553896662863],[-73.9367599998371,40.8554436660347],[-73.9367360008812,40.8554966665862],[-73.9367100008969,40.8555486673901],[-73.9366840006393,40.8555996668414],[-73.9366559995834,40.8556506660884],[-73.9366279994353,40.8557006675847],[-73.9365990004123,40.8557496671788],[-73.9365690013268,40.8557976657699],[-73.9365370000129,40.8558446673084],[-73.9365029993077,40.8558926663817],[-73.9341799999713,40.8590216675445]]},"properties":{"FID":532,"objectid":1289,"shape_len":2893.66888084,"url":"http://web.mta.info/nyct/service/","name":"A","rt_symbol":"A","id":2000217,"Shape__Length":1168.2645326691254}},{"type":"Feature","id":533,"geometry":{"type":"LineString","coordinates":[[-73.9397040002904,40.8473906666428],[-73.9379690011749,40.8516946665622]]},"properties":{"FID":533,"objectid":1290,"shape_len":1639.93095662,"url":"http://web.mta.info/nyct/service/","name":"A","rt_symbol":"A","id":2000216,"Shape__Length":662.18758173357242}},{"type":"Feature","id":534,"geometry":{"type":"LineString","coordinates":[[-73.9294120001479,40.8552246667773],[-73.9255360004388,40.8605306673063]]},"properties":{"FID":534,"objectid":1291,"shape_len":2210.60819916,"url":"http://web.mta.info/nyct/service/","name":"1","rt_symbol":"1","id":2000034,"Shape__Length":892.2200535707517}},{"type":"Feature","id":535,"geometry":{"type":"LineString","coordinates":[[-73.8157163571057,40.6084245253374],[-73.8284200010008,40.656135666521],[-73.8284560006168,40.6562606662738],[-73.8284930009201,40.6563846670292],[-73.8285310007366,40.6565076669836],[-73.828571000625,40.6566286671512],[-73.8286110006608,40.6567496664027],[-73.8286520013965,40.6568696675535],[-73.8286940006843,40.6569876665212],[-73.8287370016613,40.6571056660628],[-73.8287800008267,40.6572216664327],[-73.8288250010695,40.6573366665852],[-73.8288700004842,40.6574506671415],[-73.8289170009883,40.6575636665768],[-73.8289640006647,40.657675667315],[-73.8290120010714,40.6577866663424],[-73.8290620011954,40.6578976665189],[-73.8303010015579,40.6604756668591]]},"properties":{"FID":535,"objectid":1292,"shape_len":19403.2405182,"url":"http://web.mta.info/nyct/service/","name":"A","rt_symbol":"A","id":2000264,"Shape__Length":7811.0012292734218}},{"type":"Feature","id":536,"geometry":{"type":"LineString","coordinates":[[-73.8875620846754,40.8371873058817],[-73.8874822834269,40.8372661563928],[-73.8873888703977,40.8373472321874],[-73.8870430678628,40.8375867082968],[-73.8849899124268,40.8388028751173],[-73.8847685140392,40.8389239804222],[-73.8845452727946,40.8390208772721],[-73.8843451999635,40.8391037645226],[-73.8840913993383,40.8391886784873],[-73.8838259117556,40.8392614279538],[-73.8835261414977,40.8393227023172],[-73.8832609323465,40.8393577479754],[-73.8830096068887,40.8393816373777],[-73.8825816771788,40.8394023920614],[-73.8821686674651,40.8394268056009],[-73.8819334955198,40.8394499032177],[-73.881709213747,40.8394811736032],[-73.8813355096145,40.8395631543323],[-73.8810591685397,40.8396517115472],[-73.8807509299939,40.8397661396396],[-73.8803905346862,40.8399135762737],[-73.8801650051599,40.8400168548736],[-73.8800118367432,40.8400995879166],[-73.8799051294989,40.840171452451]]},"properties":{"FID":536,"objectid":1293,"shape_len":2445.62564739,"url":"http://web.mta.info/nyct/service/","name":"5","rt_symbol":"4","id":2000057,"Shape__Length":984.80482957694574}},{"type":"Feature","id":537,"geometry":{"type":"LineString","coordinates":[[-73.8682594270824,40.8487597590711],[-73.8679547957492,40.8492708141727],[-73.8677837791783,40.8495688137784],[-73.8677123018741,40.8497260569239],[-73.8676596893953,40.8498981428742],[-73.8676299214772,40.8500535967968],[-73.8676172573341,40.8502425083309],[-73.8673981649443,40.8571877236478]]},"properties":{"FID":537,"objectid":1294,"shape_len":3105.07122707,"url":"http://web.mta.info/nyct/service/","name":"5","rt_symbol":"4","id":2000061,"Shape__Length":1254.16936047413}},{"type":"Feature","id":538,"geometry":{"type":"LineString","coordinates":[[-73.8660598890178,40.8777792211862],[-73.863647908768,40.8816473793651],[-73.8624331081047,40.8838305988506]]},"properties":{"FID":538,"objectid":1295,"shape_len":2422.64676333,"url":"http://web.mta.info/nyct/service/","name":"5","rt_symbol":"4","id":2000065,"Shape__Length":978.37402947155624}},{"type":"Feature","id":539,"geometry":{"type":"LineString","coordinates":[[-73.8671351380254,40.8654576800528],[-73.8669471185164,40.8713516796384]]},"properties":{"FID":539,"objectid":1296,"shape_len":2148.04454465,"url":"http://web.mta.info/nyct/service/","name":"5","rt_symbol":"4","id":2000063,"Shape__Length":867.88602479289227}},{"type":"Feature","id":540,"geometry":{"type":"LineString","coordinates":[[-73.8669471159403,40.8713517813907],[-73.8668080888747,40.8758231744787],[-73.8667992067491,40.8761814226982],[-73.8667811914644,40.8763492439573],[-73.8667556608856,40.8764967460143],[-73.866717093822,40.8766528479797],[-73.8666552350188,40.876803457954],[-73.8665891293489,40.8769200632414],[-73.8665261012792,40.8770358823197],[-73.866060100879,40.8777788810475]]},"properties":{"FID":540,"objectid":1297,"shape_len":2382.71776476,"url":"http://web.mta.info/nyct/service/","name":"5","rt_symbol":"4","id":2000064,"Shape__Length":962.67191280893}},{"type":"Feature","id":541,"geometry":{"type":"LineString","coordinates":[[-73.8624330497414,40.88383070774],[-73.8601410377666,40.8879577037223]]},"properties":{"FID":541,"objectid":1298,"shape_len":1631.73430878,"url":"http://web.mta.info/nyct/service/","name":"5","rt_symbol":"4","id":2000066,"Shape__Length":659.07089831185988}},{"type":"Feature","id":542,"geometry":{"type":"LineString","coordinates":[[-73.9224450542728,40.6648231836391],[-73.9240094688505,40.6662278632687],[-73.9240630497975,40.6662797449678],[-73.9241069545216,40.6663327621129],[-73.9241635732778,40.6664100511301],[-73.9242104623425,40.6664855975138],[-73.924298608266,40.6666666268757],[-73.9246028452751,40.6673838319873],[-73.9246582214326,40.6675060781989],[-73.9247162941619,40.66761684907],[-73.9247814646766,40.6677239936707],[-73.9248523904871,40.6678193002074],[-73.924980963861,40.6679742188409],[-73.9251834760864,40.6681860341084],[-73.9253196326201,40.6683180013349],[-73.9253944104626,40.6683827339125],[-73.9254822126299,40.6684510247118],[-73.9255845860166,40.6685091625477],[-73.9256985598906,40.6685623504448],[-73.9259193668005,40.668629754177],[-73.9261250404403,40.6686686653506],[-73.9263368076661,40.6686987640076],[-73.9265740382204,40.6687177427499],[-73.9329267003976,40.6690609407921]]},"properties":{"FID":542,"objectid":1299,"shape_len":3678.55705187,"url":"http://web.mta.info/nyct/service/","name":"4","rt_symbol":"4","id":2000092,"Shape__Length":1477.9143650691926}},{"type":"Feature","id":543,"geometry":{"type":"LineString","coordinates":[[-73.9421457056334,40.6695629400406],[-73.9504507261072,40.6700109420446]]},"properties":{"FID":543,"objectid":1300,"shape_len":2309.6410668,"url":"http://web.mta.info/nyct/service/","name":"4","rt_symbol":"4","id":2000090,"Shape__Length":926.84586153157545}},{"type":"Feature","id":544,"geometry":{"type":"LineString","coordinates":[[-73.9504488717361,40.6700108358856],[-73.9516888744351,40.6700858368224]]},"properties":{"FID":544,"objectid":1301,"shape_len":345.067044388,"url":"http://web.mta.info/nyct/service/","name":"4","rt_symbol":"4","id":2000089,"Shape__Length":138.47467722142997}},{"type":"Feature","id":545,"geometry":{"type":"LineString","coordinates":[[-73.8894362569973,40.6656103294574],[-73.8949362697848,40.6647963273862]]},"properties":{"FID":545,"objectid":1302,"shape_len":1554.39708876,"url":"http://web.mta.info/nyct/service/","name":"4","rt_symbol":"4","id":2000097,"Shape__Length":623.80397526662273}},{"type":"Feature","id":546,"geometry":{"type":"LineString","coordinates":[[-73.9163688154538,40.6616142457987],[-73.9176733214651,40.6614184689443],[-73.9180575908373,40.6613650725252],[-73.9182294855331,40.6613626058614],[-73.9183836677925,40.6613817783992],[-73.9185238694217,40.6614200155739],[-73.9186667109883,40.6614812329292],[-73.9188056057344,40.6615675294128],[-73.9189289576135,40.6616790895765],[-73.9224453472541,40.6648234431853]]},"properties":{"FID":546,"objectid":1303,"shape_len":2262.64249652,"url":"http://web.mta.info/nyct/service/","name":"4","rt_symbol":"4","id":2000093,"Shape__Length":909.36162617823948}},{"type":"Feature","id":547,"geometry":{"type":"LineString","coordinates":[[-73.9089873828127,40.662710311184],[-73.9163683991234,40.6616143076317]]},"properties":{"FID":547,"objectid":1304,"shape_len":2086.34378819,"url":"http://web.mta.info/nyct/service/","name":"4","rt_symbol":"4","id":2000094,"Shape__Length":837.24512957427748}},{"type":"Feature","id":548,"geometry":{"type":"LineString","coordinates":[[-73.8949363360242,40.6647963184415],[-73.9024883538533,40.6636763153632]]},"properties":{"FID":548,"objectid":1305,"shape_len":2134.51871674,"url":"http://web.mta.info/nyct/service/","name":"4","rt_symbol":"4","id":2000096,"Shape__Length":856.60396316844924}},{"type":"Feature","id":549,"geometry":{"type":"LineString","coordinates":[[-73.8841202191303,40.6663963353714],[-73.889436230974,40.6656103330345]]},"properties":{"FID":549,"objectid":1306,"shape_len":1502.32460598,"url":"http://web.mta.info/nyct/service/","name":"4","rt_symbol":"4","id":2000098,"Shape__Length":602.91354056346484}},{"type":"Feature","id":550,"geometry":{"type":"LineString","coordinates":[[-74.0003069590423,40.7322560575538],[-74.0002882647454,40.7322809818685],[-73.9998530193563,40.732879545418],[-73.9997145292563,40.733069850441],[-73.9996854926709,40.7331208254281],[-73.9996430502871,40.7332346684392],[-73.999606881954,40.7333471228709],[-73.9995443091105,40.733557428195],[-73.9995313622773,40.733650960312],[-73.99950232414,40.7336985367315]]},"properties":{"FID":550,"objectid":1307,"shape_len":576.38360434,"url":"http://web.mta.info/nyct/service/","name":"B-D-F-M","rt_symbol":"B","id":2000192,"Shape__Length":232.26129919494349}},{"type":"Feature","id":551,"geometry":{"type":"LineString","coordinates":[[-73.987126610611,40.6923532645899],[-73.9871276099529,40.6923612657595],[-73.9871267907349,40.692339478657],[-73.9870607282762,40.6936766734659],[-73.9870598066519,40.6937070800781],[-73.987056967055,40.6937382978365],[-73.9870549586065,40.6937724648678],[-73.9870461060434,40.6938727882021],[-73.9870432613208,40.6939059600718],[-73.9870392617199,40.6939399593825],[-73.9870362272591,40.6939753654025],[-73.9870324240027,40.6940095916639],[-73.9870284241954,40.6940445914434],[-73.9870245936706,40.6940790689443],[-73.9870195927473,40.69411506908],[-73.9870155678417,40.6941513007572],[-73.9870106022581,40.6941880366151],[-73.9869958262204,40.6943160932633],[-73.9869910100335,40.694344986571],[-73.9869827006708,40.6944073047152],[-73.9869783852237,40.694440754673],[-73.9869753607892,40.6944730052938],[-73.9869713615105,40.6945050045609],[-73.9869679766457,40.694541120141],[-73.986965964576,40.6945752979729],[-73.9869629648283,40.6946082978222],[-73.9869608411631,40.6946444054398],[-73.9869567287552,40.6947163478344],[-73.9869546757691,40.6947902769927],[-73.9869537162185,40.6948267431454],[-73.9868197924169,40.6973881178487]]},"properties":{"FID":551,"objectid":1308,"shape_len":1852.51938887,"url":"http://web.mta.info/nyct/service/","name":"A-C","rt_symbol":"A","id":2000235,"Shape__Length":746.54457160680874}},{"type":"Feature","id":552,"geometry":{"type":"LineString","coordinates":[[-73.9875434578196,40.69062860191],[-73.987384528287,40.6908771829597],[-73.9873548468777,40.6909319786279],[-73.987329257117,40.690983160079],[-73.987304463409,40.691034898129],[-73.9872813586555,40.6910888101986],[-73.9872606094125,40.6911423235967],[-73.9872418818981,40.6911963000786],[-73.9872257216174,40.691250169681],[-73.9872104011221,40.691304888558],[-73.987198294927,40.6913599103626],[-73.9871875421735,40.6914147450094],[-73.9871789769353,40.6914693466657],[-73.9871712999076,40.6915252901846],[-73.9871669175159,40.6915822408435],[-73.9871637101624,40.6916378480675],[-73.9871627075423,40.6916899210232],[-73.9871268385666,40.6923245895808],[-73.9871283579109,40.6923109406756],[-73.9871273582328,40.6923169397812]]},"properties":{"FID":552,"objectid":1309,"shape_len":643.897649649,"url":"http://web.mta.info/nyct/service/","name":"A-C","rt_symbol":"A","id":2000236,"Shape__Length":259.41669873606025}},{"type":"Feature","id":553,"geometry":{"type":"LineString","coordinates":[[-73.9575201245664,40.608693189693],[-73.9576729736458,40.6095004051721],[-73.9576811258498,40.6095466013261],[-73.9576831267286,40.6095646007864],[-73.957686126706,40.6095816010355],[-73.9576880582537,40.6095989980213],[-73.9576910576004,40.609616997849],[-73.9576950581864,40.609652997669],[-73.9576979986854,40.6096706363656],[-73.9576996359972,40.6096861988804],[-73.95770127148,40.6097009194068],[-73.9577022522304,40.6097195551598],[-73.9577067836319,40.6097626098599],[-73.957723885804,40.6098903767383],[-73.9577257204394,40.6099059681417],[-73.9577280573656,40.609926997979],[-73.95773105792,40.6099449969049],[-73.9577329965393,40.6099624578289],[-73.9577359399739,40.6099810961038],[-73.9577379402484,40.6100000942405],[-73.957741858154,40.6100249176551],[-73.9577457628788,40.6100444342915],[-73.9577516755857,40.6100838531905],[-73.957760045577,40.6101277981124],[-73.9577720363354,40.6101937522078],[-73.9591851048159,40.6176412354909]]},"properties":{"FID":553,"objectid":1310,"shape_len":3292.84432728,"url":"http://web.mta.info/nyct/service/","name":"Q","rt_symbol":"N","id":2000461,"Shape__Length":1325.2793564211245}},{"type":"Feature","id":554,"geometry":{"type":"LineString","coordinates":[[-73.9591850918601,40.6176411643451],[-73.9605890681119,40.6250621667227]]},"properties":{"FID":554,"objectid":1311,"shape_len":2731.61578985,"url":"http://web.mta.info/nyct/service/","name":"Q","rt_symbol":"N","id":2000460,"Shape__Length":1099.5318745744039}},{"type":"Feature","id":555,"geometry":{"type":"LineString","coordinates":[[-73.9605890775361,40.6250622189561],[-73.9611942660974,40.6282532667436],[-73.9612062245111,40.6283110706397],[-73.9612171105834,40.6283694532068],[-73.961229194581,40.6284308844357],[-73.9612414524236,40.6284942194203],[-73.9612556984749,40.6285593408037],[-73.9612695343572,40.6286245647061],[-73.961283778103,40.628693755533],[-73.9613000495428,40.6287639268055],[-73.9613158777455,40.6288341636641],[-73.9613320690967,40.6289080414432],[-73.961350322919,40.628984100071],[-73.9613683733958,40.6290603144168],[-73.9613873837916,40.6291383544348],[-73.9614064296244,40.6292185530067],[-73.961426569214,40.6293001135273]]},"properties":{"FID":555,"objectid":1312,"shape_len":1561.50135701,"url":"http://web.mta.info/nyct/service/","name":"Q","rt_symbol":"N","id":2000459,"Shape__Length":628.58635722088979}},{"type":"Feature","id":556,"geometry":{"type":"LineString","coordinates":[[-73.9539389944108,40.5868937345583],[-73.9539380088371,40.5869577397733],[-73.9539360412025,40.5870207125943],[-73.9539340416963,40.5870836493812],[-73.9539320778418,40.587144556402],[-73.9539291330934,40.5872044454375],[-73.9539261399433,40.587264285825],[-73.9539232020317,40.5873210986742],[-73.9539192860956,40.5873778652041],[-73.9539153834397,40.5874324947967],[-73.9539105045604,40.5874861757461],[-73.9539055240152,40.5875399620154],[-73.9539006572008,40.5875915429479],[-73.953894824846,40.5876420950948],[-73.9538891488187,40.5876903365606],[-73.9538808016767,40.5877425059377],[-73.9538503453797,40.5881110113152],[-73.9538441906636,40.588197165521],[-73.9538400489166,40.5882830936025],[-73.9538359935918,40.5884473321334],[-73.9538349645131,40.5885296665739],[-73.9538359943118,40.5886120405634],[-73.9538380364653,40.5886926688442],[-73.9538410685515,40.588771525292],[-73.9538441326755,40.5888501836368],[-73.9538493478917,40.5889305070121],[-73.9538565104033,40.5890082781849],[-73.9538635950757,40.5890841852422],[-73.9538717812857,40.5891609428346],[-73.953880995891,40.589236708462],[-73.9538911747318,40.5893120251138],[-73.9541046396711,40.5908053204199],[-73.9549471544111,40.5952691212958]]},"properties":{"FID":556,"objectid":1313,"shape_len":3072.79571783,"url":"http://web.mta.info/nyct/service/","name":"Q","rt_symbol":"N","id":2000464,"Shape__Length":1236.3385071989137}},{"type":"Feature","id":557,"geometry":{"type":"LineString","coordinates":[[-73.9549471697135,40.5952692032494],[-73.9557151573325,40.5993232043671]]},"properties":{"FID":557,"objectid":1314,"shape_len":1492.29524585,"url":"http://web.mta.info/nyct/service/","name":"Q","rt_symbol":"N","id":2000463,"Shape__Length":600.46479022690289}},{"type":"Feature","id":558,"geometry":{"type":"LineString","coordinates":[[-73.9620312441751,40.661633071462],[-73.962177431852,40.6625712982689],[-73.9621939992285,40.6626655283373],[-73.9622140022683,40.6627613336334],[-73.9622380518589,40.662855439178],[-73.9622637756857,40.6629480486078],[-73.9622919998699,40.6630421284929],[-73.9623244027236,40.6631351552342],[-73.9623584253139,40.6632269145686],[-73.9623949998611,40.6633188773423],[-73.9624356202471,40.6634105325475],[-73.9624778685106,40.6635012094072],[-73.9625227468558,40.6635920131796],[-73.962571778543,40.6636827732591],[-73.9626225520351,40.663771887739],[-73.9626767430218,40.6638615120961],[-73.9627349901758,40.6639515285647],[-73.9723144689972,40.6765204162952]]},"properties":{"FID":558,"objectid":1315,"shape_len":6167.29699217,"url":"http://web.mta.info/nyct/service/","name":"Q","rt_symbol":"N","id":2000452,"Shape__Length":2482.2693213503385}},{"type":"Feature","id":559,"geometry":{"type":"LineString","coordinates":[[-73.9642773589675,40.6440504341814],[-73.9642972148828,40.6441755295283],[-73.9643147990384,40.644297647052],[-73.9643283571392,40.64441871602],[-73.9643380803931,40.6445392813065],[-73.9643448794104,40.6446587632611],[-73.9643477785481,40.6447776874846],[-73.9643468117853,40.6448965870945],[-73.964341959256,40.6450149893125],[-73.9643341984092,40.6451333546062],[-73.9643226078648,40.6452502103419],[-73.9643071584353,40.6453670414639],[-73.9642877664012,40.6454833985861],[-73.9642654434418,40.6455998574519],[-73.9642393445316,40.6457158549731],[-73.9642096212392,40.6458309085166],[-73.9627715148074,40.6504889673667]]},"properties":{"FID":559,"objectid":1316,"shape_len":2395.53657862,"url":"http://web.mta.info/nyct/service/","name":"Q","rt_symbol":"N","id":2000455,"Shape__Length":964.54796476664251}},{"type":"Feature","id":560,"geometry":{"type":"LineString","coordinates":[[-73.9132191440694,40.7564517567538],[-73.9088205756336,40.7543844864522],[-73.906675083308,40.7533621572631],[-73.9058992628147,40.7530279579349]]},"properties":{"FID":560,"objectid":1317,"shape_len":2381.10785512,"url":"http://web.mta.info/nyct/service/","name":"R","rt_symbol":"N","id":2000296,"Shape__Length":957.74228936969371}},{"type":"Feature","id":561,"geometry":{"type":"LineString","coordinates":[[-73.9130818006903,40.756386334134],[-73.914044533135,40.7568366807363],[-73.9140836249863,40.7568546407643],[-73.9141184828718,40.75687013474],[-73.9141508494298,40.7568854179313],[-73.9141858498818,40.7569024185385],[-73.9142230179645,40.7569199700574],[-73.9142590167582,40.7569369704851],[-73.9142926319824,40.7569528443967],[-73.9143286318956,40.756970843464],[-73.9143646319279,40.7569878438595],[-73.9143982850581,40.7570046705031],[-73.9144331086572,40.7570220824344],[-73.9144681079696,40.7570400825156],[-73.914505284347,40.7570586704309],[-73.9145412843737,40.7570766703319],[-73.9145785116815,40.7570952834755],[-73.9169710368692,40.758256486547],[-73.9171899862813,40.75835449305],[-73.9172550415218,40.7583873596116],[-73.9173215935671,40.7584184451105],[-73.9173895583799,40.7584477107622],[-73.9174588507393,40.758475116881],[-73.9175293818643,40.7585006291817],[-73.9176010641532,40.7585242169823],[-73.9176738028984,40.7585458495958],[-73.9177475104941,40.7585654990419],[-73.9178220910385,40.7585831418373],[-73.9178974498138,40.7585987544997],[-73.9179734909146,40.7586123162476],[-73.9180501196122,40.7586238117037],[-73.9181272376252,40.7586332254886],[-73.918204747851,40.758640546726],[-73.9182825508177,40.7586457645388],[-73.9183605505998,40.7586488734553],[-73.9184386453493,40.7586498689003],[-73.9185167355821,40.758648749903],[-73.918594725366,40.7586455163954],[-73.9186725140227,40.7586401755108],[-73.9187500044293,40.7586327325842],[-73.9188270959066,40.7586231956497],[-73.9189036936894,40.7586115790495],[-73.9189796982769,40.7585978962221],[-73.9190550137167,40.758582164211],[-73.9191295440524,40.7585644036616],[-73.9192031980627,40.7585446370243],[-73.9192758774181,40.7585228894459],[-73.919347493261,40.7584991878811],[-73.919417955546,40.7584735628861],[-73.9194871718561,40.7584460477173],[-73.9195550580658,40.758416674736],[-73.9196215253043,40.758385483505],[-73.9196864894385,40.7583525135904],[-73.9197498687032,40.7583178054602],[-73.9198115836969,40.7582814040872],[-73.9198715562027,40.7582433544449],[-73.9199297068139,40.758203706909],[-73.9199859667858,40.7581625091612],[-73.9200925232258,40.7580756789604],[-73.9209063102218,40.7570847094403]]},"properties":{"FID":561,"objectid":1318,"shape_len":2658.09599476,"url":"http://web.mta.info/nyct/service/","name":"R","rt_symbol":"N","id":2000295,"Shape__Length":1069.3731489696668}},{"type":"Feature","id":562,"geometry":{"type":"LineString","coordinates":[[-73.9917691988571,40.6941796052682],[-73.9973245228101,40.6957059682114],[-73.9974353417331,40.6957351842627],[-73.9975463524031,40.6957649189066],[-73.997658094331,40.6957953045288],[-73.9977719067846,40.6958279638767],[-73.9978890510692,40.6958610040899],[-73.9980059671123,40.6958944088873],[-73.9981248850891,40.6959300855917],[-73.9982461470012,40.6959658666681],[-73.9983682218246,40.6960032775559],[-73.9984922631455,40.6960419778738],[-73.9986183313207,40.6960816848552],[-73.9987457010883,40.6961224831336],[-73.9988758206339,40.6961641998205],[-73.9990048731319,40.6962065611179],[-73.9991361642874,40.6962509817593],[-74.0101465831483,40.6999981700862]]},"properties":{"FID":562,"objectid":1319,"shape_len":5522.55306753,"url":"http://web.mta.info/nyct/service/","name":"R","rt_symbol":"N","id":2000442,"Shape__Length":2218.3061814730518}},{"type":"Feature","id":563,"geometry":{"type":"LineString","coordinates":[[-73.9859967917211,40.6922691859413],[-73.9883435682232,40.6923591377572],[-73.9884852505137,40.6923657942041],[-73.9886165078154,40.6923776427041],[-73.9887383103052,40.6923945366042],[-73.98885045319,40.6924173151927],[-73.9889565686913,40.6924451485733],[-73.9890533832884,40.6924777050627],[-73.9891428870128,40.6925145103015],[-73.9892240953478,40.6925567718026],[-73.9892999590278,40.6926037748505],[-73.9893690072426,40.6926570159724],[-73.9894333189729,40.6927146466181],[-73.9894894879877,40.6927774247165],[-73.9895419834408,40.6928488527802],[-73.989588797044,40.6929251394731],[-73.9896322084671,40.6930147957546],[-73.9896751380585,40.6930995829024],[-73.9897249654762,40.6931826290575],[-73.9897778520631,40.6932608586185],[-73.9898359660444,40.6933368526428],[-73.9898993726987,40.6934093170913],[-73.9899672132666,40.6934771577573],[-73.9900398566541,40.6935418560088],[-73.990117992711,40.693602757223],[-73.9902001131598,40.6936586455683],[-73.9902867643578,40.6937110915765],[-73.9903788408262,40.6937594316344],[-73.9904753157075,40.6938030749076],[-73.990574453462,40.6938413791775],[-73.9906777563066,40.693876569726],[-73.9907799434045,40.6939045361786],[-73.9917684286765,40.6941793917916]]},"properties":{"FID":563,"objectid":1320,"shape_len":1877.83850577,"url":"http://web.mta.info/nyct/service/","name":"R","rt_symbol":"N","id":2000443,"Shape__Length":754.49922548421239}},{"type":"Feature","id":564,"geometry":{"type":"LineString","coordinates":[[-73.9929717363737,40.6654504809541],[-73.9929386483431,40.6654835692856],[-73.9929065110948,40.665516652263],[-73.992875406233,40.6655497010757],[-73.9928424077783,40.6655847011799],[-73.992810459558,40.6656186441346],[-73.9927802523033,40.6656507393309],[-73.9927492535391,40.665685738633],[-73.9927182064749,40.6657187279721],[-73.992689089291,40.6657526962861],[-73.9926572673458,40.665787598255],[-73.9926289911495,40.6658196422048],[-73.9925999152723,40.6658535672737],[-73.9925718222258,40.6658865045327],[-73.9925419217683,40.6659225889705],[-73.9925117447583,40.6659567895032],[-73.9884122489683,40.6708719986906]]},"properties":{"FID":564,"objectid":1321,"shape_len":2345.71964265,"url":"http://web.mta.info/nyct/service/","name":"N-R","rt_symbol":"N","id":2000473,"Shape__Length":943.87216902091666}},{"type":"Feature","id":565,"geometry":{"type":"LineString","coordinates":[[-73.9981881895289,40.6604359706348],[-73.9929691935123,40.6654529752278]]},"properties":{"FID":565,"objectid":1322,"shape_len":2331.84261039,"url":"http://web.mta.info/nyct/service/","name":"N-R","rt_symbol":"N","id":2000474,"Shape__Length":937.87213735975274}},{"type":"Feature","id":566,"geometry":{"type":"LineString","coordinates":[[-74.003646248714,40.6551829024245],[-73.9981882533864,40.6604359075997]]},"properties":{"FID":566,"objectid":1323,"shape_len":2440.4843815,"url":"http://web.mta.info/nyct/service/","name":"N-R","rt_symbol":"N","id":2000475,"Shape__Length":981.4948970407147}},{"type":"Feature","id":567,"geometry":{"type":"LineString","coordinates":[[-73.9832299356959,40.6773281633262],[-73.9789299455989,40.683678167727]]},"properties":{"FID":567,"objectid":1324,"shape_len":2602.81720486,"url":"http://web.mta.info/nyct/service/","name":"N-R","rt_symbol":"N","id":2000471,"Shape__Length":1047.8434785426996}},{"type":"Feature","id":568,"geometry":{"type":"LineString","coordinates":[[-73.9884122738099,40.6708719707771],[-73.9843036736885,40.6757995028508],[-73.9842586261119,40.6758543425511],[-73.98421486661,40.6759087978903],[-73.9841725382875,40.6759629391297],[-73.9841297957928,40.6760176115998],[-73.9840894963096,40.6760697044167],[-73.9840492249234,40.6761227463656],[-73.9840111055072,40.6761735715318],[-73.9839738506188,40.676224551694],[-73.9839377953372,40.6762742496783],[-73.9839035593336,40.6763231599551],[-73.9838693646927,40.6763720071912],[-73.9838371490686,40.6764198443174],[-73.9838049771783,40.6764676130013],[-73.9837749996653,40.6765140294122],[-73.9837442635115,40.6765621837014],[-73.9832302705569,40.6773276680919]]},"properties":{"FID":568,"objectid":1325,"shape_len":2758.08647306,"url":"http://web.mta.info/nyct/service/","name":"N-R","rt_symbol":"N","id":2000472,"Shape__Length":1109.97736915691}},{"type":"Feature","id":569,"geometry":{"type":"LineString","coordinates":[[-73.998742981147,40.6196194032266],[-73.9967739686694,40.6265024015653]]},"properties":{"FID":569,"objectid":1326,"shape_len":2566.53893756,"url":"http://web.mta.info/nyct/service/","name":"D","rt_symbol":"B","id":2000490,"Shape__Length":1033.0115691920357}},{"type":"Feature","id":570,"geometry":{"type":"LineString","coordinates":[[-73.9963530002597,40.6248416672589],[-73.9968649998148,40.625618666291],[-73.9969669995371,40.6257586665549],[-73.9970679999729,40.6258946665913],[-73.9971699985606,40.6260256668753],[-73.9972730011926,40.6261516665039],[-73.9973779994345,40.6262736668754],[-73.9974829994307,40.6263906665627],[-73.9975899997739,40.6265026665084],[-73.9976980005495,40.6266096657867],[-73.997807000523,40.6267126666733],[-73.9979169997109,40.6268106677876],[-73.9980290003619,40.6269036664425],[-73.9981410002822,40.626991668003],[-73.998255000418,40.6270756666736],[-73.9983699985079,40.6271546664591],[-73.998487000372,40.6272276668928],[-74.0053510004628,40.6313856672244]]},"properties":{"FID":570,"objectid":1327,"shape_len":3494.95944176,"url":"http://web.mta.info/nyct/service/","name":"N","rt_symbol":"N","id":2000501,"Shape__Length":1404.1980801183772}},{"type":"Feature","id":571,"geometry":{"type":"LineString","coordinates":[[-73.9967739686694,40.6265024015653],[-73.9953549591134,40.6314654010801]]},"properties":{"FID":571,"objectid":1328,"shape_len":1850.55724946,"url":"http://web.mta.info/nyct/service/","name":"D","rt_symbol":"B","id":2000489,"Shape__Length":744.9003860369229}},{"type":"Feature","id":572,"geometry":{"type":"LineString","coordinates":[[-73.9733570008701,40.5960626667228],[-73.9723610005587,40.6032166673012]]},"properties":{"FID":572,"objectid":1329,"shape_len":2621.02012973,"url":"http://web.mta.info/nyct/service/","name":"F","rt_symbol":"B","id":2000410,"Shape__Length":1054.7119369872935}},{"type":"Feature","id":573,"geometry":{"type":"LineString","coordinates":[[-73.9791370000717,40.5974726659747],[-73.9803530003477,40.6039226672714]]},"properties":{"FID":573,"objectid":1330,"shape_len":2374.03855073,"url":"http://web.mta.info/nyct/service/","name":"N","rt_symbol":"N","id":2000506,"Shape__Length":955.30673844188379}},{"type":"Feature","id":574,"geometry":{"type":"LineString","coordinates":[[-73.9559290003995,40.5992996658678],[-73.9575020000006,40.607590667132],[-73.957505000572,40.6076046659507],[-73.9575080005988,40.6076176660905],[-73.9575110011716,40.6076316667101],[-73.9575130004026,40.6076446664799],[-73.9575160009782,40.6076586661987],[-73.9575189998274,40.6076716672383],[-73.9575219998605,40.6076846664772],[-73.9575260012382,40.6076986674662],[-73.9575290012738,40.6077116667048],[-73.9575319989463,40.6077246677436],[-73.9575350001659,40.6077376669825],[-73.9575380002051,40.6077506662209],[-73.9575410002442,40.6077636672602],[-73.9575450005405,40.6077756663882],[-73.9575480005821,40.6077886674274],[-73.9575720008558,40.607868666028],[-73.9575769999695,40.6078856661204],[-73.9575819996316,40.6079036666923],[-73.9575879989177,40.6079216667324],[-73.9575920001461,40.6079396669353],[-73.9575970003636,40.6079586661852],[-73.9576020012183,40.6079766667566],[-73.9576069990776,40.6079956669056],[-73.9576110002278,40.6080156662659],[-73.9576160004559,40.6080346664154],[-73.957620000429,40.6080546666753],[-73.9576240004051,40.6080746660345],[-73.957627999748,40.6080956667734],[-73.9576320002756,40.6081166666121],[-73.9576359996241,40.6081376664501],[-73.9576400001562,40.6081586671889],[-73.9577339993614,40.6086696676693]]},"properties":{"FID":574,"objectid":1331,"shape_len":3450.60417905,"url":"http://web.mta.info/nyct/service/","name":"B","rt_symbol":"B","id":2000462,"Shape__Length":1388.5762593684105}},{"type":"Feature","id":575,"geometry":{"type":"LineString","coordinates":[[-74.007582000162,40.7103736665056],[-74.0075419997058,40.7104126666571],[-74.0075039999985,40.7104486670625],[-74.00746600025,40.7104846665546],[-74.0074299990062,40.7105186667709],[-74.0073949998473,40.7105506677773],[-74.0073610004105,40.7105806668735],[-74.0073279996273,40.7106096672293],[-74.0072959997576,40.7106366674776],[-74.0072659997092,40.7106626671231],[-74.0072369993989,40.7106866666633],[-74.0072090013053,40.7107096674668],[-74.0071819994055,40.7107306663658],[-74.0071559996206,40.7107496669625],[-74.0071309996935,40.7107676670238],[-74.0071079994996,40.7107836669216],[-74.005410000189,40.7120056667875],[-74.0053679997467,40.7120286668959],[-74.0053240004609,40.7120516670814],[-74.0052799998029,40.7120726663153],[-74.0052350002225,40.7120926669114],[-74.0051900005373,40.7121116670226],[-74.0051429995655,40.7121296676387],[-74.0050949996749,40.7121466678124],[-74.0050469985005,40.7121626665983],[-74.0049970007017,40.7121766663171],[-74.0049469993319,40.7121906678154],[-74.0048960001596,40.7122026674992],[-74.004843999784,40.712214666302],[-74.0047909992444,40.7122246659893],[-74.0047369997997,40.7122336670269],[-74.0046820014516,40.712241666712],[-74.0044499996158,40.7122736665548],[-74.0043879990139,40.7122846659708],[-74.004330000899,40.7122976670381],[-74.0042729993422,40.7123126671728],[-74.0042199990189,40.7123286657989],[-74.004167999982,40.7123466661996],[-74.004119999872,40.7123666664677],[-74.0040739998634,40.7123886675796],[-74.0040309998978,40.7124116663339],[-74.0039900000317,40.7124366659373],[-74.0039520002689,40.7124636672582],[-74.0039160005452,40.7124916671648],[-74.0038829997421,40.7125216669929],[-74.0038530002278,40.7125536658447],[-74.0038250008135,40.7125876664571],[-74.0038020002248,40.7126216668976],[-74.0034009993096,40.713242667029]]},"properties":{"FID":575,"objectid":1332,"shape_len":1613.96586279,"url":"http://web.mta.info/nyct/service/","name":"J-Z","rt_symbol":"J","id":2000356,"Shape__Length":649.22382419771054}},{"type":"Feature","id":576,"geometry":{"type":"LineString","coordinates":[[-74.0137830011287,40.7075126672332],[-74.0148000004707,40.7051666665495],[-74.0148220005914,40.7051136659153],[-74.0148429996002,40.7050606672067],[-74.0148629996421,40.7050066663535],[-74.0148809996436,40.7049516661873],[-74.0148990005752,40.70489566645],[-74.0149149991047,40.7048386665005],[-74.0149300000835,40.7047816666778],[-74.0149439997402,40.704723667415],[-74.0149570004432,40.7046646678114],[-74.0149679999404,40.7046046661969],[-74.014979000377,40.7045436677143],[-74.0149880010222,40.7044826667891],[-74.0149959991749,40.7044206664255],[-74.0150029995707,40.704357666623],[-74.0150100011367,40.7042946668194],[-74.0150470001378,40.7038376667462],[-74.0150470003906,40.7035766669466],[-74.0150421062188,40.7035341625342],[-74.0150352360137,40.7034918177701],[-74.0150263992568,40.7034496839817],[-74.0150156042468,40.7034078151985],[-74.0150028675651,40.7033662645476],[-74.0149882034259,40.7033250824555],[-74.0149716295935,40.7032843220491],[-74.0149531685649,40.7032440355545],[-74.0149328440195,40.7032042706948],[-74.0149106796373,40.7031650796957],[-74.0148867050135,40.7031265111798],[-74.0148609485597,40.7030886128696],[-74.0148334434207,40.7030514333871],[-74.0148042239237,40.7030150195534],[-74.014773326762,40.702979416388],[-74.0147407921778,40.7029446680096],[-74.0147066604136,40.7029108194371],[-74.0146709717111,40.7028779138887],[-74.0146337734104,40.7028459909793],[-74.0145951128517,40.7028150912245],[-74.0145550373742,40.702785253339],[-74.0144708464004,40.7027289135294],[-74.0131689591926,40.7017305075745]]},"properties":{"FID":576,"objectid":1333,"shape_len":2355.76224335,"url":"http://web.mta.info/nyct/service/","name":"1","rt_symbol":"1","id":2000002,"Shape__Length":948.80451817817868}},{"type":"Feature","id":577,"geometry":{"type":"LineString","coordinates":[[-74.0101465831483,40.6999981700862],[-74.0116728740575,40.7006223414182],[-74.0117859999453,40.7006816673282],[-74.0118960000143,40.700754666824],[-74.0119999996942,40.7008316669141],[-74.0120969991509,40.7009126668192],[-74.0121870005599,40.7009966669883],[-74.0122700007254,40.7010856665746],[-74.0123460002656,40.7011766659877],[-74.0124149997179,40.7012726675483],[-74.0124769998753,40.7013716658284],[-74.0125320010923,40.70147566718],[-74.0125809990738,40.7015816673962],[-74.0126219994096,40.7016926672089],[-74.0126580002318,40.7018076667287],[-74.012993999948,40.7030866667369]]},"properties":{"FID":577,"objectid":1334,"shape_len":1479.57534513,"url":"http://web.mta.info/nyct/service/","name":"R","rt_symbol":"N","id":2000441,"Shape__Length":595.45857678940979}},{"type":"Feature","id":578,"geometry":{"type":"LineString","coordinates":[[-74.0110289999099,40.7106676667081],[-74.0104649995208,40.7115366663509],[-74.0104200006304,40.711586666789],[-74.0103729995698,40.7116306663861],[-74.010322999905,40.7116686670303],[-74.0102700004606,40.7117006669168],[-74.0102149990272,40.7117276664203],[-74.0101569988662,40.7117476673928],[-74.0100960013274,40.711761666695],[-74.0100320005088,40.7117696670243],[-74.0099649989427,40.7117726670418],[-74.0098959998919,40.7117686666218],[-74.0098240001287,40.7117596676815],[-74.0097490005608,40.711743666579],[-74.0096720003154,40.7117226668607],[-74.0095920003135,40.7116946667705],[-74.0095089996859,40.7116616672369],[-74.0094109995873,40.7116226669666],[-74.009326999007,40.7115886669158],[-74.0092450005111,40.7115606667459],[-74.0091650002495,40.7115366664271],[-74.0090870008453,40.7115186668983],[-74.0090109987254,40.7115066663628],[-74.0089369996515,40.7114996661579],[-74.0088650000559,40.711497667188],[-74.0087939999313,40.711500666832],[-74.0087250005672,40.7115096663835],[-74.0086589995702,40.7115246666719],[-74.0085940002338,40.7115436669162],[-74.008531000428,40.7115686661782],[-74.0084700000113,40.7115986666951],[-74.0084100002892,40.7116346672095],[-74.0083529999253,40.7116756671103],[-74.0077109999449,40.7124776661873],[-74.0077029998743,40.7124876668934],[-74.0076939996802,40.7124966671984],[-74.0076859996046,40.7125066670028],[-74.0076769994055,40.712515666406],[-74.0076689992102,40.7125246666424],[-74.007660000075,40.7125326673779],[-74.0076509998689,40.7125416667791],[-74.0076409995393,40.7125496666791],[-74.0076320003973,40.7125576665119],[-74.0076230000697,40.712565666344],[-74.0076129997332,40.7125736662416],[-74.0076029993942,40.7125816661382],[-74.0075930001225,40.7125886673677],[-74.0075829996651,40.7125956667954],[-74.0075730003891,40.7126026671226],[-74.0075629987441,40.7126096665486],[-74.0075529995772,40.7126176664408],[-74.007543999119,40.7126246676004],[-74.007534999955,40.7126326656245],[-74.0075259994929,40.7126396667827],[-74.0075170003249,40.7126476666064],[-74.0075079999715,40.71265566733],[-74.0074999996238,40.7126636661867],[-74.0074920004579,40.7126716668438],[-74.0074840001065,40.7126796665998],[-74.0074759997531,40.7126876663554],[-74.0074679995101,40.712696667478],[-74.007461000345,40.7127046671676],[-74.0074539988114,40.7127126668568],[-74.0074469997547,40.7127216670127],[-74.0069779997107,40.7132816662833]]},"properties":{"FID":578,"objectid":1335,"shape_len":1708.7914234,"url":"http://web.mta.info/nyct/service/","name":"R-W","rt_symbol":"N","id":2000438,"Shape__Length":687.54779794505}},{"type":"Feature","id":579,"geometry":{"type":"LineString","coordinates":[[-74.0137830011287,40.7075126672332],[-74.0134709996094,40.7082416670664],[-74.0126480002065,40.7101316665206],[-74.0125289995549,40.7104996661045],[-74.0123750009436,40.7111116672213],[-74.0122589996213,40.7115646662656],[-74.012188001062,40.7118346676312]]},"properties":{"FID":579,"objectid":1336,"shape_len":1638.28987721,"url":"http://web.mta.info/nyct/service/","name":"1","rt_symbol":"1","id":2000003,"Shape__Length":660.17110178662779}},{"type":"Feature","id":580,"geometry":{"type":"LineString","coordinates":[[-74.0110559998621,40.7064756670163],[-74.0106920003629,40.7070686664836],[-74.0106730010094,40.7071006661137],[-74.0106530005293,40.7071326667336],[-74.01063300003,40.7071646673499],[-74.0106119995851,40.7071966662538],[-74.0105910001448,40.7072276673872],[-74.0105700006848,40.7072586667156],[-74.0105480000945,40.7072896670323],[-74.0105259993257,40.7073196668766],[-74.0105029997919,40.7073496659073],[-74.0104799990543,40.7073796667344],[-74.0104570006625,40.7074096657556],[-74.0104329997972,40.7074386661959],[-74.0104090002506,40.707468667099],[-74.0103850003706,40.707496667061],[-74.0103599995116,40.707525667576],[-74.0095709993674,40.7083986661891],[-74.0095450002381,40.7084276666066],[-74.0095189999027,40.7084566670182],[-74.0094930005857,40.7084846669559],[-74.0094679998673,40.7085116672382],[-74.0094430001704,40.7085376670471],[-74.0094190004006,40.7085636676691],[-74.0093939994817,40.7085896674673],[-74.0093699993929,40.7086136671433],[-74.0093460004702,40.7086376668142],[-74.0093229989717,40.7086606668319],[-74.0092989998757,40.7086836669255],[-74.0092759993894,40.7087056673663],[-74.0092539986981,40.7087266663538],[-74.0092309992271,40.7087476672181],[-74.0092090007364,40.7087676666294],[-74.009043000355,40.7089126665727],[-74.0090260007021,40.7089266672516],[-74.0090080000413,40.7089416666731],[-74.0089890007381,40.7089576666376],[-74.0089700003771,40.7089746670667],[-74.0089500001875,40.7089926671376],[-74.0089299988038,40.7090106672051],[-74.0089090000897,40.7090306673814],[-74.0088869990422,40.7090506667305],[-74.008864999298,40.7090716674436],[-74.0088419998505,40.7090946664632],[-74.0088190003874,40.7091176672791],[-74.0087950009528,40.7091406663658],[-74.0087710005816,40.709165666383],[-74.0087460003675,40.7091916660382],[-74.0087200001776,40.7092176666643],[-74.0079380011039,40.7100226665842],[-74.0079079999273,40.7100546665035],[-74.0078780008523,40.7100846663799],[-74.0078500005069,40.7101146670126],[-74.0078220010847,40.7101426658026],[-74.0077949991262,40.7101696658516],[-74.0077700005219,40.7101956670923],[-74.007745000482,40.7102196664919],[-74.0077209992126,40.710243665819],[-74.0076980012175,40.7102656668403],[-74.0076769994869,40.7102866672562],[-74.0076559999948,40.7103066662999],[-74.0076360002341,40.7103246661393],[-74.0076169992528,40.7103426677101],[-74.0075990003734,40.710358667376],[-74.007582000162,40.7103736665056]]},"properties":{"FID":580,"objectid":1337,"shape_len":1721.98348169,"url":"http://web.mta.info/nyct/service/","name":"J-Z","rt_symbol":"J","id":2000355,"Shape__Length":693.23744656890619}},{"type":"Feature","id":581,"geometry":{"type":"LineString","coordinates":[[-74.0133419989972,40.7072196658207],[-74.0133140007462,40.7072536660638],[-74.0132860004986,40.7072896663356],[-74.0132580002207,40.7073256666005],[-74.0132319997698,40.7073616666285],[-74.013204999758,40.7073996677011],[-74.0131789996449,40.7074376668517],[-74.0131529996996,40.7074766673647],[-74.0110289999099,40.7106676667081]]},"properties":{"FID":581,"objectid":1338,"shape_len":1410.55438177,"url":"http://web.mta.info/nyct/service/","name":"R-W","rt_symbol":"N","id":2000439,"Shape__Length":568.1093555560243}},{"type":"Feature","id":582,"geometry":{"type":"LineString","coordinates":[[-74.0091000007638,40.706820666564],[-74.0085920010408,40.7073816664871],[-74.0081719994709,40.7078106663887],[-74.0065709996692,40.7094156660696]]},"properties":{"FID":582,"objectid":1339,"shape_len":1177.25704752,"url":"http://web.mta.info/nyct/service/","name":"2-3","rt_symbol":"1","id":2000077,"Shape__Length":473.87076255479}},{"type":"Feature","id":583,"geometry":{"type":"LineString","coordinates":[[-74.0076910005514,40.7101966665615],[-74.0097369995157,40.7112256667981],[-74.0098369994823,40.711290666169],[-74.0099240000911,40.7113576675088],[-74.0099989989329,40.7114266662578],[-74.0100619995279,40.7114976669415],[-74.0101119994846,40.711570666966],[-74.010148999796,40.7116446667814],[-74.0101740007198,40.7117216672465],[-74.0101869996979,40.7118006670014],[-74.0101869989067,40.711880667472],[-74.0101750008162,40.711962667236],[-74.0101499996176,40.7120476677461],[-74.0101130008713,40.7121336670702],[-74.0100629999453,40.7122216666525],[-74.0100009991533,40.7123116672892],[-74.0099259997691,40.712404666813],[-74.0085849995715,40.714110666665]]},"properties":{"FID":583,"objectid":1340,"shape_len":1891.12942756,"url":"http://web.mta.info/nyct/service/","name":"A-C","rt_symbol":"A","id":2000232,"Shape__Length":761.11438709573224}},{"type":"Feature","id":584,"geometry":{"type":"LineString","coordinates":[[-74.0101879998644,40.7143026670667],[-74.0092989999639,40.7154366667327],[-74.0092660004712,40.7154776660241]]},"properties":{"FID":584,"objectid":1341,"shape_len":498.587534948,"url":"http://web.mta.info/nyct/service/","name":"1-2-3","rt_symbol":"1","id":2000005,"Shape__Length":200.78362583140753}},{"type":"Feature","id":585,"geometry":{"type":"LineString","coordinates":[[-74.0001929992723,40.7188026678884],[-73.9990489992695,40.7200546671966],[-73.9972760006731,40.7221246664063],[-73.9972639995216,40.7221376667768],[-73.9972529996997,40.7221506662695],[-73.9972409997641,40.7221626661716],[-73.9972310000844,40.7221756665866],[-73.9972200002914,40.7221876665106],[-73.9972099994202,40.7222006669237],[-73.9972009999223,40.7222126668942],[-73.9971910002694,40.7222246668396],[-73.9971829997329,40.7222366668331],[-73.9971739990415,40.7222486668014],[-73.9971659996827,40.7222606667937],[-73.9971579991374,40.7222726667854],[-73.9971509999253,40.7222846668012],[-73.997141000081,40.7223006677056]]},"properties":{"FID":585,"objectid":1342,"shape_len":1530.1185781,"url":"http://web.mta.info/nyct/service/","name":"4-5-6","rt_symbol":"4","id":2000113,"Shape__Length":616.13517224392683}},{"type":"Feature","id":586,"geometry":{"type":"LineString","coordinates":[[-74.007582000162,40.7103736665056],[-74.0075419997058,40.7104126666571],[-74.0075039999985,40.7104486670625],[-74.00746600025,40.7104846665546],[-74.0074299990062,40.7105186667709],[-74.0073949998473,40.7105506677773],[-74.0073610004105,40.7105806668735],[-74.0073279996273,40.7106096672293],[-74.0072959997576,40.7106366674776],[-74.0072659997092,40.7106626671231],[-74.0072369993989,40.7106866666633],[-74.0072090013053,40.7107096674668],[-74.0071819994055,40.7107306663658],[-74.0071559996206,40.7107496669625],[-74.0071309996935,40.7107676670238],[-74.0071079994996,40.7107836669216],[-74.005410000189,40.7120056667875],[-74.0053679997467,40.7120286668959],[-74.0053240004609,40.7120516670814],[-74.0052799998029,40.7120726663153],[-74.0052350002225,40.7120926669114],[-74.0051900005373,40.7121116670226],[-74.0051429995655,40.7121296676387],[-74.0050949996749,40.7121466678124],[-74.0050469985005,40.7121626665983],[-74.0049970007017,40.7121766663171],[-74.0049469993319,40.7121906678154],[-74.0048960001596,40.7122026674992],[-74.004843999784,40.712214666302],[-74.0047909992444,40.7122246659893],[-74.0047369997997,40.7122336670269],[-74.0046820014516,40.712241666712],[-74.0044499996158,40.7122736665548],[-74.0043879990139,40.7122846659708],[-74.004330000899,40.7122976670381],[-74.0042729993422,40.7123126671728],[-74.0042199990189,40.7123286657989],[-74.004167999982,40.7123466661996],[-74.004119999872,40.7123666664677],[-74.0040739998634,40.7123886675796],[-74.0040309998978,40.7124116663339],[-74.0039900000317,40.7124366659373],[-74.0039520002689,40.7124636672582],[-74.0039160005452,40.7124916671648],[-74.0038829997421,40.7125216669929],[-74.0038530002278,40.7125536658447],[-74.0038250008135,40.7125876664571],[-74.0038020002248,40.7126216668976],[-74.0034009993096,40.713242667029]]},"properties":{"FID":586,"objectid":1343,"shape_len":1613.96586279,"url":"http://web.mta.info/nyct/service/","name":"J-Z","rt_symbol":"J","id":2000356,"Shape__Length":649.22382419771054}},{"type":"Feature","id":587,"geometry":{"type":"LineString","coordinates":[[-74.012993999948,40.7030866667369],[-74.0131140002004,40.7035916663971],[-74.0131280001666,40.7036546672996],[-74.013141999764,40.7037216664716],[-74.013155999982,40.7037916670467],[-74.0131709995149,40.7038646671094],[-74.0131850011775,40.7039416664559],[-74.0131990001147,40.704022665873],[-74.0132129996808,40.7041066666926],[-74.0132269998773,40.7041936671138],[-74.0132410009047,40.7042846667041],[-74.0132550002003,40.7043786667965],[-74.0132690003314,40.7044766660579],[-74.0132839998051,40.7045776657055],[-74.013298000234,40.7046826664382],[-74.0133119989394,40.7047906667718],[-74.013325999673,40.7049026662737],[-74.0133310006308,40.7049456660203],[-74.0133380013814,40.7049886673359],[-74.0133470003443,40.705029666582],[-74.0133580004906,40.7050716669638],[-74.0133709992573,40.7051136671122],[-74.0133859988137,40.7051546665579],[-74.0134040004438,40.7051956665524],[-74.0134230006081,40.7052356668597],[-74.0134439996081,40.705276666498],[-74.0134669994112,40.7053166663304],[-74.0134930001212,40.7053566676073],[-74.0135200005584,40.7053956673919],[-74.0135489998464,40.7054356665025],[-74.0135809998502,40.7054746674849],[-74.0136139997919,40.7055136665388],[-74.0138160001395,40.7057546661588],[-74.0138700014078,40.7058196666838],[-74.0139180007671,40.7058836665399],[-74.0139579993574,40.7059456673102],[-74.0139919995452,40.7060066665262],[-74.0140179991283,40.7060666671387],[-74.01403700036,40.7061256663292],[-74.0140500007657,40.7061836666812],[-74.0140550005051,40.7062406666398],[-74.0140529994704,40.7062966669845],[-74.0140440000107,40.7063516677147],[-74.014027999742,40.7064056670282],[-74.0140049998314,40.7064586658222],[-74.0139749990808,40.7065106667943],[-74.0139380010242,40.7065616672372],[-74.0138940007057,40.7066106666765],[-74.0135690001841,40.7069586666171],[-74.0135539998653,40.7069746668679],[-74.0135389997424,40.7069916666841],[-74.0135229994858,40.7070076670484],[-74.0135079993476,40.7070246668605],[-74.0134930003851,40.7070416666705],[-74.0134780002317,40.7070586673791],[-74.0134630000706,40.7070756671853],[-74.013447000179,40.7070936675743],[-74.0134320000018,40.7071106664758],[-74.0134170012019,40.7071286667437],[-74.0134019988437,40.7071466661095],[-74.0133870000278,40.7071646672739],[-74.0133720000201,40.7071826666355],[-74.0133570000044,40.7072006668955],[-74.0133419989972,40.7072196658207]]},"properties":{"FID":587,"objectid":1344,"shape_len":1617.57760353,"url":"http://web.mta.info/nyct/service/","name":"R-W","rt_symbol":"N","id":2000440,"Shape__Length":651.649789934576}},{"type":"Feature","id":588,"geometry":{"type":"LineString","coordinates":[[-74.0140649985533,40.704816667745],[-74.0139319997306,40.7050526665664],[-74.0138540011332,40.705167666797],[-74.0137589990294,40.7052986665932],[-74.0118619985417,40.7075566667764]]},"properties":{"FID":588,"objectid":1345,"shape_len":1171.63523494,"url":"http://web.mta.info/nyct/service/","name":"4-5","rt_symbol":"4","id":2000109,"Shape__Length":471.74250345620368}},{"type":"Feature","id":589,"geometry":{"type":"LineString","coordinates":[[-74.0085849995715,40.714110666665],[-74.005494000266,40.7180386668227],[-74.0054470003846,40.7181056660961],[-74.0054040008532,40.718173666529],[-74.0053649992342,40.7182416667591],[-74.0053290001814,40.7183096677369],[-74.005296999143,40.7183786671844],[-74.0052680007692,40.7184486669516],[-74.0052430003515,40.7185186665287],[-74.0052219990859,40.718588666819],[-74.0052030004175,40.7186596665803],[-74.0051889999153,40.7187316665791],[-74.0051780008673,40.718803667341],[-74.0051699997324,40.7188756670661],[-74.0051660002511,40.7189486661764],[-74.0051639997846,40.7190216669972],[-74.0051659998096,40.7190956663032],[-74.0052299993864,40.720784666666],[-74.0052289999491,40.7208236659822]]},"properties":{"FID":589,"objectid":1346,"shape_len":2698.55067608,"url":"http://web.mta.info/nyct/service/","name":"A-C","rt_symbol":"A","id":2000231,"Shape__Length":1087.1295191533791}},{"type":"Feature","id":590,"geometry":{"type":"LineString","coordinates":[[-74.0034009993096,40.713242667029],[-74.0028319994815,40.7141406669796],[-74.0028110003211,40.7141756667324],[-74.0027899999552,40.7142106664812],[-74.0027679995353,40.7142456671506],[-74.0027460002758,40.7142806678155],[-74.0027230009602,40.7143156666988],[-74.0026999992536,40.7143506673783],[-74.0026769987063,40.7143856662521],[-74.0026530004673,40.7144206669451],[-74.002628999836,40.7144556667325],[-74.0026040003276,40.7144906665374],[-74.0025790007929,40.7145256672371],[-74.0025540000484,40.7145606670308],[-74.0025279992406,40.7145956668408],[-74.0025019995889,40.7146306666448],[-74.0024749986882,40.7146656673648],[-74.0006860003989,40.7170996674814],[-74.0006649991095,40.7171276671642],[-74.0006430001036,40.7171566664148],[-74.0006209998949,40.7171856674621],[-74.0005989996672,40.7172146667041],[-74.0005759993521,40.7172446664134],[-74.0005520001307,40.7172756665895],[-74.0005280008791,40.7173056671943],[-74.0005040004375,40.7173376660258],[-74.0004789998941,40.7173696657568],[-74.0004539993268,40.7174016672832],[-74.0004280010227,40.7174336670068],[-74.0004020003387,40.7174676667571],[-74.0003750007252,40.7175006669386],[-74.0003479999068,40.7175346657791],[-74.0003200001674,40.7175696668837],[-73.9998919986518,40.7180916667997]]},"properties":{"FID":590,"objectid":1347,"shape_len":2017.91583618,"url":"http://web.mta.info/nyct/service/","name":"J-Z","rt_symbol":"J","id":2000357,"Shape__Length":812.7267645603107}},{"type":"Feature","id":591,"geometry":{"type":"LineString","coordinates":[[-74.0069779997107,40.7132816662833],[-74.0063739997273,40.7140106672501],[-74.0063680002258,40.7140176663493],[-74.0063629995684,40.714024667194],[-74.0063569988811,40.7140316671931],[-74.0063520005883,40.7140386671367],[-74.0063469999274,40.7140456661796],[-74.0063420005442,40.7140536665898],[-74.0063369986978,40.7140606665329],[-74.0063329993414,40.7140686668877],[-74.0063290010727,40.7140756676758],[-74.0063239993181,40.7140836671848],[-74.0063209999884,40.7140916665837],[-74.0063169994449,40.714099666938],[-74.0063130000837,40.7141076663915],[-74.0063100007516,40.7141156657901],[-74.0063070002354,40.7141236669897],[-74.0063029985993,40.7141326669101],[-74.006299000418,40.714140666363],[-74.0062959999938,40.7141496671289],[-74.0062919994438,40.7141576674822],[-74.0062880000762,40.7141656669348],[-74.0062829994934,40.7141736673425],[-74.0062790000296,40.7141806663277],[-74.006275000659,40.7141886657798],[-74.0062699999788,40.7141956657198],[-74.006265999329,40.7142026665056],[-74.0062609998303,40.7142096664451],[-74.0062570015456,40.7142166672305],[-74.0062520007676,40.7142226667026],[-74.0062470000825,40.7142296666415],[-74.0062419993027,40.7142356670137],[-74.0017749996306,40.7195266660649]]},"properties":{"FID":591,"objectid":1348,"shape_len":2695.26758395,"url":"http://web.mta.info/nyct/service/","name":"R-W","rt_symbol":"N","id":2000437,"Shape__Length":1085.3198858686699}},{"type":"Feature","id":592,"geometry":{"type":"LineString","coordinates":[[-73.9901730005055,40.7137146669279],[-73.990177001365,40.7137576666447],[-73.9901809997152,40.713801666828],[-73.990184000412,40.7138456660254],[-73.9901870000762,40.7138886674568],[-73.990188001021,40.7139306655488],[-73.9901889995998,40.713972666342],[-73.9901899995105,40.7140136666679],[-73.9901900005768,40.7140546678089],[-73.9901889992468,40.7140956670634],[-73.9901880004296,40.7141356667512],[-73.9901860003969,40.7141756672539],[-73.9901830004778,40.7142146663036],[-73.9901799995187,40.7142526675873],[-73.9901760008909,40.7142906660841],[-73.9901709997108,40.7143296667631],[-73.9901609999901,40.7143896669172],[-73.9901519993984,40.7144476671218],[-73.9901410010865,40.7145056671541],[-73.9901269999824,40.7145656660605],[-73.9901120013306,40.7146246662131],[-73.9900950000597,40.7146846675585],[-73.9900759997143,40.7147456664941],[-73.9900550004369,40.7148066661539],[-73.9900329998962,40.7148676666232],[-73.9900080002224,40.714929666394],[-73.9899810004159,40.7149916677859],[-73.9899530003645,40.7150546677496],[-73.9899220001254,40.7151176665428],[-73.9898899996299,40.7151816675073],[-73.9898540002214,40.715244665842],[-73.9881139989024,40.7186106673293]]},"properties":{"FID":592,"objectid":1349,"shape_len":1888.27389292,"url":"http://web.mta.info/nyct/service/","name":"F","rt_symbol":"B","id":2000351,"Shape__Length":760.88871256442849}},{"type":"Feature","id":593,"geometry":{"type":"LineString","coordinates":[[-73.9412571146543,40.7002155141662],[-73.9357881128205,40.6971625212087]]},"properties":{"FID":593,"objectid":1350,"shape_len":1880.66779392,"url":"http://web.mta.info/nyct/service/","name":"J-Z","rt_symbol":"J","id":2000364,"Shape__Length":756.03821048110285}},{"type":"Feature","id":594,"geometry":{"type":"LineString","coordinates":[[-73.9908620013681,40.6861446671441],[-73.9889369995264,40.6889286671304]]},"properties":{"FID":594,"objectid":1351,"shape_len":1146.21195398,"url":"http://web.mta.info/nyct/service/","name":"F","rt_symbol":"B","id":2000392,"Shape__Length":461.47854690029214}},{"type":"Feature","id":595,"geometry":{"type":"LineString","coordinates":[[-73.9901510009546,40.6924036668012],[-73.995080000546,40.6931466666941],[-73.9989919996182,40.6938366665366],[-73.99921299888,40.6938766663366],[-74.0005200000142,40.6942166663542],[-74.0011080008151,40.6943686669449],[-74.0018840007308,40.6945596664122],[-74.0026390006239,40.6947386671975],[-74.0032739995975,40.6949086667786],[-74.0039860006773,40.6951316670875],[-74.0045889991931,40.6953656671449],[-74.0051770000719,40.6955886667515],[-74.0057639992997,40.6958126665691],[-74.0061979993913,40.6960646668616],[-74.0125440008877,40.7009376667118],[-74.0139729997993,40.7020026663316],[-74.0141109998606,40.7021186669412],[-74.0142329998653,40.7022376671672],[-74.0143409996663,40.7023606663795],[-74.0144319996395,40.7024876667941],[-74.0145090002418,40.7026176667041],[-74.0145690008588,40.7027516669857],[-74.0146149998001,40.7028896672847],[-74.0146450005894,40.7030306665026],[-74.0146599996656,40.7031756658939],[-74.0146589994325,40.7033246673922],[-74.0146430006154,40.7034766667991],[-74.0146119988155,40.7036336668467],[-74.0145649993058,40.7037926671435],[-74.0145030001306,40.7039566662478],[-74.0144280002769,40.7041226669818],[-74.0140649985533,40.704816667745]]},"properties":{"FID":595,"objectid":1352,"shape_len":8832.73863129,"url":"http://web.mta.info/nyct/service/","name":"4-5","rt_symbol":"4","id":2000108,"Shape__Length":3550.4424559442373}},{"type":"Feature","id":596,"geometry":{"type":"LineString","coordinates":[[-73.9685009997518,40.5763116670809],[-73.9684039995112,40.5763096664946],[-73.968307000457,40.5763076667274],[-73.9682100004571,40.5763076660419],[-73.9681129999791,40.5763086666575],[-73.9680170000502,40.5763116675344],[-73.9679199993043,40.5763156667331],[-73.9678240002737,40.5763216670954],[-73.9677279995618,40.5763286669592],[-73.967631999526,40.5763366672254],[-73.9675359996765,40.5763466665756],[-73.9674400004912,40.5763576672287],[-73.9673450006268,40.5763706663493],[-73.9672489999042,40.5763846673895],[-73.9671539996697,40.5764006668991],[-73.9670590000773,40.5764176668128],[-73.9613760001743,40.5776206667867]]},"properties":{"FID":596,"objectid":1353,"shape_len":2042.24302668,"url":"http://web.mta.info/nyct/service/","name":"Q","rt_symbol":"N","id":2000466,"Shape__Length":818.577823537649}},{"type":"Feature","id":597,"geometry":{"type":"LineString","coordinates":[[-73.9730220003641,40.6089436655611],[-73.974196999695,40.6151396672827]]},"properties":{"FID":597,"objectid":1354,"shape_len":2280.81678263,"url":"http://web.mta.info/nyct/service/","name":"F","rt_symbol":"B","id":2000408,"Shape__Length":917.94852333414167}},{"type":"Feature","id":598,"geometry":{"type":"LineString","coordinates":[[-73.974196999695,40.6151396672827],[-73.9752640010002,40.6207686666861]]},"properties":{"FID":598,"objectid":1355,"shape_len":2072.07566823,"url":"http://web.mta.info/nyct/service/","name":"F","rt_symbol":"B","id":2000407,"Shape__Length":834.010943771198}},{"type":"Feature","id":599,"geometry":{"type":"LineString","coordinates":[[-73.9577339993614,40.6086696676693],[-73.9578870017252,40.6094776663749],[-73.9578900005689,40.6094946666185],[-73.9578929994148,40.6095116659614],[-73.9578959994426,40.6095286671057],[-73.9578980003782,40.6095466674629],[-73.9579010015917,40.6095636668064],[-73.9579030001665,40.6095816671625],[-73.957906000752,40.609599666985],[-73.9579079993297,40.6096176664405],[-73.9579099990897,40.6096356667968],[-73.9579129984978,40.6096536666186],[-73.9579150011743,40.6096726674552],[-73.9579169997567,40.6096906669104],[-73.9579180004253,40.6097096664795],[-73.9579200007422,40.6097286664146],[-73.9579220010602,40.6097476663496],[-73.9579390001408,40.6098746668145],[-73.9579410005476,40.6098916657901],[-73.9579429991424,40.6099096670455],[-73.9579459997535,40.6099276668664],[-73.9579480007145,40.6099456672219],[-73.9579509995167,40.6099646675213],[-73.9579529998506,40.6099836674553],[-73.9579559998387,40.6100026659538],[-73.9579600000316,40.610022666198],[-73.9579630005738,40.6100426669769],[-73.9579659987553,40.6100626668543],[-73.9579699995071,40.610083666677],[-73.9579740002614,40.6101046664996],[-73.9579779992074,40.6101266659001],[-73.9579820005181,40.6101486671023],[-73.9579860006504,40.6101706674034],[-73.9593989994489,40.617617666262]]},"properties":{"FID":599,"objectid":1356,"shape_len":3292.82862169,"url":"http://web.mta.info/nyct/service/","name":"B","rt_symbol":"B","id":2000461,"Shape__Length":1325.2725663222641}},{"type":"Feature","id":600,"geometry":{"type":"LineString","coordinates":[[-73.9803530003477,40.6039226672714],[-73.9818480008168,40.6118146673691]]},"properties":{"FID":600,"objectid":1357,"shape_len":2905.07055304,"url":"http://web.mta.info/nyct/service/","name":"N","rt_symbol":"N","id":2000505,"Shape__Length":1169.1163633547312}},{"type":"Feature","id":601,"geometry":{"type":"LineString","coordinates":[[-73.9752640010002,40.6207686666861],[-73.9761270006473,40.6253216667474]]},"properties":{"FID":601,"objectid":1358,"shape_len":1675.98909443,"url":"http://web.mta.info/nyct/service/","name":"F","rt_symbol":"B","id":2000406,"Shape__Length":674.63708193185994}},{"type":"Feature","id":602,"geometry":{"type":"LineString","coordinates":[[-73.9761270006473,40.6253216667474],[-73.976970999658,40.6297546663858]]},"properties":{"FID":602,"objectid":1359,"shape_len":1631.9635726,"url":"http://web.mta.info/nyct/service/","name":"F","rt_symbol":"B","id":2000405,"Shape__Length":656.95889964591709}},{"type":"Feature","id":603,"geometry":{"type":"LineString","coordinates":[[-73.9723610005587,40.6032166673012],[-73.9722470008621,40.6040526664386],[-73.9722390001961,40.6041166664027],[-73.9722339997405,40.6041826662494],[-73.9722299996063,40.604249666817],[-73.9722270009783,40.604317666305],[-73.9722259998817,40.6043866676555],[-73.9722259991183,40.6044566670255],[-73.9722279990258,40.6045286669377],[-73.9722320004431,40.6046006664324],[-73.9722370006091,40.6046746671274],[-73.9722430011257,40.604749666742],[-73.9722509999732,40.6048266668973],[-73.9722610003537,40.604903666634],[-73.9722719999185,40.6049816670902],[-73.9722839994385,40.6050616669444],[-73.9722990008548,40.605142666199],[-73.9730220003641,40.6089436655611]]},"properties":{"FID":603,"objectid":1360,"shape_len":2103.78317037,"url":"http://web.mta.info/nyct/service/","name":"F","rt_symbol":"B","id":2000409,"Shape__Length":846.63714904028234}},{"type":"Feature","id":604,"geometry":{"type":"LineString","coordinates":[[-73.9593989994489,40.617617666262],[-73.960803000172,40.6250386660457]]},"properties":{"FID":604,"objectid":1361,"shape_len":2731.61583681,"url":"http://web.mta.info/nyct/service/","name":"B","rt_symbol":"B","id":2000460,"Shape__Length":1099.5315062314364}},{"type":"Feature","id":605,"geometry":{"type":"LineString","coordinates":[[-73.960803000172,40.6250386660457],[-73.9614079996039,40.6282286671447],[-73.961420000635,40.6282866673463],[-73.9614310011826,40.6283456667877],[-73.9614429993397,40.6284066666165],[-73.9614550016693,40.6284686660219],[-73.9614690003608,40.6285326670496],[-73.9614829991079,40.6285986663284],[-73.9614970002736,40.6286666674612],[-73.9615129995758,40.628735666136],[-73.9615290001212,40.6288066666637],[-73.9615449995481,40.6288796672426],[-73.9615629989126,40.6289546667405],[-73.9615810001055,40.6290306667129],[-73.961600000127,40.6291086661691],[-73.9616190002243,40.6291886665762],[-73.961638999733,40.6292696668899]]},"properties":{"FID":605,"objectid":1362,"shape_len":1558.95553098,"url":"http://web.mta.info/nyct/service/","name":"B","rt_symbol":"B","id":2000459,"Shape__Length":627.56129384686858}},{"type":"Feature","id":606,"geometry":{"type":"LineString","coordinates":[[-73.7554050016561,40.6039946666972],[-73.7558980004581,40.603728667629],[-73.7559250008225,40.6037146668699],[-73.7559530019141,40.6037006673289],[-73.7559800010709,40.6036866674549],[-73.7560070014012,40.6036726666765],[-73.7560350013878,40.6036576666295],[-73.7560620016948,40.6036436658381],[-73.7560890009096,40.6036286672559],[-73.7561170009694,40.6036126667053],[-73.7561440013442,40.6035976672121],[-73.7561720013746,40.6035816675486],[-73.7561990018366,40.6035656666584],[-73.7562260011008,40.6035496666598],[-73.7562540010914,40.6035336669762],[-73.7562810003329,40.6035176660642],[-73.7563090015823,40.6035006667866],[-73.7565810020506,40.6033486662754],[-73.7566190015797,40.6033266667682],[-73.7566580019216,40.6033036670828],[-73.7566980006158,40.6032806658954],[-73.7567380016355,40.6032576674007],[-73.7567800018443,40.6032336663354],[-73.7568220008382,40.6032096661528],[-73.7568650005359,40.6031856662708],[-73.7569090021147,40.6031616675913],[-73.7569540009548,40.603136666918],[-73.757000000491,40.6031116674424],[-73.7570460011774,40.6030866670504],[-73.7570940009342,40.6030616663624],[-73.7571420019247,40.6030356669743],[-73.7571910012462,40.6030096678742],[-73.7572410012672,40.602983667265],[-73.7583750021804,40.6023806670291],[-73.7586060022065,40.6022536659619],[-73.7588300012378,40.6021236671991],[-73.7590480010697,40.6019926666453],[-73.7592600006594,40.6018586669668],[-73.7594660022671,40.6017236664675],[-73.7596650005312,40.6015866670959],[-73.7598590016794,40.6014466671933],[-73.7600460006616,40.6013056662679],[-73.760227001804,40.6011626659652],[-73.760401002107,40.60101666644],[-73.7605700005518,40.6008696665527],[-73.7607320005298,40.6007206670877],[-73.7608880015934,40.600569666552],[-73.7610380014359,40.6004156662822],[-73.7611810028304,40.6002616674822],[-73.7613530011778,40.6000656669712]]},"properties":{"FID":606,"objectid":1363,"shape_len":2201.5082783,"url":"http://web.mta.info/nyct/service/","name":"A","rt_symbol":"A","id":2000272,"Shape__Length":884.01739667931179}},{"type":"Feature","id":607,"geometry":{"type":"LineString","coordinates":[[-73.9382090007967,40.8301346667995],[-73.9366579995563,40.8300926664186],[-73.9310710011409,40.8299846673175],[-73.930905000763,40.8299746661367],[-73.9307429998275,40.8299606662193],[-73.9305860016025,40.829944667285],[-73.9304340000331,40.8299256670997],[-73.9302850010783,40.8299036662785],[-73.9301420004445,40.8298776661978],[-73.9300030008059,40.8298496665676],[-73.929867999669,40.8298186660503],[-73.9297379999992,40.8297846661714],[-73.9296130006208,40.829747666947],[-73.9294920009609,40.8297076677817],[-73.929375000907,40.8296636664368],[-73.9292630012934,40.8296176671399],[-73.9291559996311,40.8295686667526],[-73.9290529997281,40.8295136660269],[-73.9274819994359,40.8285986673029],[-73.9273690015128,40.8285436668794],[-73.9272540004618,40.8284906668819],[-73.9271379992117,40.8284396670378],[-73.9270209988516,40.8283896668946],[-73.9269020000022,40.8283406667161],[-73.9267830001425,40.8282916664137],[-73.9266619995041,40.8282446665167],[-73.9265400009289,40.8281986672075],[-73.9264170008581,40.82815366758],[-73.9262919999162,40.8281096669924],[-73.9261659998428,40.82806666698],[-73.9260400011913,40.8280246672808],[-73.925912000474,40.8279836666077],[-73.9257820000579,40.8279436667566],[-73.9256509993115,40.827904666564]]},"properties":{"FID":607,"objectid":1364,"shape_len":3682.94049177,"url":"http://web.mta.info/nyct/service/","name":"B-D","rt_symbol":"B","id":2000221,"Shape__Length":1482.0569365172578}},{"type":"Feature","id":608,"geometry":{"type":"LineString","coordinates":[[-73.8207717675517,40.7091117854363],[-73.8196754895411,40.7072346072463],[-73.8185751300363,40.7054884570358]]},"properties":{"FID":608,"objectid":1365,"shape_len":1453.9525896,"url":"http://web.mta.info/nyct/service/","name":"F","rt_symbol":"B","id":2000308,"Shape__Length":585.64431960530442}},{"type":"Feature","id":609,"geometry":{"type":"LineString","coordinates":[[-73.8078999445371,40.7003295918429],[-73.8065852293922,40.7006665192056],[-73.8039722153527,40.7013300144569],[-73.8039239203116,40.7013416064606],[-73.8038726922939,40.7013539003499],[-73.8038254259807,40.7013657164923],[-73.8037797650871,40.7013764034057],[-73.8037358393552,40.7013869068535],[-73.8036913220499,40.7013965853049],[-73.8036460835429,40.701406866754],[-73.8036037139439,40.7014164966057],[-73.8035626921565,40.7014252867613],[-73.8035210315439,40.7014344315149],[-73.8034818537897,40.7014430320795],[-73.803444685691,40.7014506554027],[-73.80340427234,40.7014589458551],[-73.8033693147202,40.70146650359],[-73.8033311266283,40.7014737289078],[-73.8010475175156,40.7019887679262]]},"properties":{"FID":609,"objectid":1366,"shape_len":1994.19027009,"url":"http://web.mta.info/nyct/service/","name":"J-Z","rt_symbol":"J","id":2000316,"Shape__Length":800.90498509842075}},{"type":"Feature","id":610,"geometry":{"type":"LineString","coordinates":[[-73.8818913950042,40.7425878106531],[-73.8818188113524,40.7425484938693],[-73.8817472294318,40.7425091744659],[-73.8816741300384,40.7424690222901],[-73.8816015039471,40.7424270821456],[-73.8815309115291,40.7423867433487],[-73.8814582878622,40.7423442069797],[-73.8813883011044,40.7423016048416],[-73.8813173222419,40.7422590187479],[-73.8812461725539,40.7422146782448],[-73.881177232096,40.7421710837962],[-73.881107291885,40.7421264851081],[-73.8810380944277,40.7420817106449],[-73.8809701849005,40.7420371130699],[-73.8809003839719,40.7419909214006],[-73.8808286930345,40.7419417002258],[-73.8792685364126,40.7407808613515],[-73.8791983172459,40.7407257666798],[-73.8791307585954,40.7406680137559],[-73.8790671636909,40.7406097183455],[-73.8790031968968,40.7405489497136],[-73.878940554085,40.7404841481612],[-73.8788802459387,40.7404174903809],[-73.878821112422,40.7403488544873],[-73.878763855207,40.7402778107782],[-73.8787082812147,40.7402044130835],[-73.8786539278199,40.7401291516948],[-73.8786007602539,40.7400509657787],[-73.8785486325656,40.7399706863519],[-73.8784984685635,40.739888124383],[-73.8784501465011,40.7398038191505],[-73.8784017504159,40.7397173255836],[-73.87702179157,40.737075473495]]},"properties":{"FID":610,"objectid":1367,"shape_len":2476.57995173,"url":"http://web.mta.info/nyct/service/","name":"R","rt_symbol":"N","id":2000300,"Shape__Length":997.45765099622827}},{"type":"Feature","id":611,"geometry":{"type":"LineString","coordinates":[[-73.8310080000101,40.7144406664446],[-73.8283440017103,40.713128667145],[-73.8282690008767,40.7130926662701],[-73.828190999862,40.7130576667408],[-73.8281130001149,40.7130226662597],[-73.8280330004182,40.71298766634],[-73.8279529996221,40.7129526663629],[-73.8278710012476,40.712917666945],[-73.827788001546,40.7128836673403],[-73.8277040007342,40.7128496670775],[-73.8276190011785,40.7128156670587],[-73.8275320005007,40.712781667581],[-73.8274450008767,40.712748666707],[-73.8273560001297,40.7127156672684],[-73.8272670008802,40.7126816672938],[-73.827176000067,40.7126496669847],[-73.8270830007329,40.7126166667343],[-73.8224730003221,40.7108466660155],[-73.8223180007757,40.7107866661551],[-73.822167001152,40.7107236663528],[-73.8220240025619,40.7106576674075],[-73.8218870006215,40.7105876666784],[-73.8217570006104,40.7105156666828],[-73.8216340007692,40.7104396674025],[-73.8215180004815,40.7103616661965],[-73.8214080015567,40.7102796669014],[-73.8213050001083,40.7101946670478],[-73.8212100008293,40.7101066664137],[-73.8211210005217,40.7100146668394],[-73.8210390008819,40.7099206663329],[-73.8209630013694,40.709822666916],[-73.820895001267,40.7097226672477],[-73.8208320001128,40.7096186662352],[-73.8205740019486,40.709178666419]]},"properties":{"FID":611,"objectid":1368,"shape_len":3536.00489205,"url":"http://web.mta.info/nyct/service/","name":"E","rt_symbol":"A","id":2000307,"Shape__Length":1421.5706466617576}},{"type":"Feature","id":612,"geometry":{"type":"LineString","coordinates":[[-73.9007410004842,40.8560926674383],[-73.8990780014049,40.8588806669483],[-73.8990369989603,40.8589476672172],[-73.8989970001605,40.8590136679041],[-73.8989570009502,40.8590806672204],[-73.8989180006457,40.859146666952],[-73.8988800001026,40.8592126675459],[-73.8988420015233,40.8592796667726],[-73.8988040008288,40.85934566734],[-73.8987679997482,40.8594116660466],[-73.8987309999338,40.8594776674667],[-73.8986949998925,40.8595436679511],[-73.8986600008162,40.8596096657007],[-73.898625001665,40.8596756670409],[-73.8985909999217,40.8597416674455],[-73.8985569996383,40.859806666495],[-73.8985230001327,40.8598726668801],[-73.8977490003474,40.8612956673024]]},"properties":{"FID":612,"objectid":1369,"shape_len":2068.77287054,"url":"http://web.mta.info/nyct/service/","name":"B-D","rt_symbol":"B","id":2000227,"Shape__Length":835.22441772053162}},{"type":"Feature","id":613,"geometry":{"type":"LineString","coordinates":[[-73.9076840020659,40.8534526656739],[-73.905801000419,40.8555366674076],[-73.9057310004988,40.855611666183],[-73.9056630009469,40.8556876660963],[-73.9055969996291,40.8557636667031],[-73.9055330003465,40.8558386666638],[-73.9054699992883,40.8559146669514],[-73.9054090000418,40.855990667044],[-73.9053500002405,40.8560666678433],[-73.9052920012883,40.8561426658312],[-73.9052360006043,40.8562186663309],[-73.9051819993837,40.8562946675452],[-73.9051290002118,40.8563706668559],[-73.9050779995707,40.8564456664395],[-73.9050290005423,40.8565216671926],[-73.9049810012054,40.8565976660457],[-73.9049330008143,40.8566726662325],[-73.9038789996248,40.8584066672252]]},"properties":{"FID":613,"objectid":1370,"shape_len":2095.76349536,"url":"http://web.mta.info/nyct/service/","name":"4","rt_symbol":"4","id":2000142,"Shape__Length":845.77234481385676}},{"type":"Feature","id":614,"geometry":{"type":"LineString","coordinates":[[-73.9098310008724,40.874560667139],[-73.9096499996978,40.8746856673212],[-73.908878000986,40.8752756662094],[-73.9082610009943,40.8757696660059],[-73.9079499997033,40.8760016668313],[-73.9076230001547,40.8762126663324],[-73.9072959988943,40.8763876669929],[-73.9068830001143,40.8765966655261],[-73.9065849995643,40.876764667355],[-73.9063050000127,40.8769566675209],[-73.9060610014277,40.8771756677235],[-73.9057440002549,40.8775836661153],[-73.904834001553,40.8788556668003]]},"properties":{"FID":614,"objectid":1371,"shape_len":2117.28827533,"url":"http://web.mta.info/nyct/service/","name":"1","rt_symbol":"1","id":2000038,"Shape__Length":854.11575638385762}},{"type":"Feature","id":615,"geometry":{"type":"LineString","coordinates":[[-73.9152789999669,40.8694436671803],[-73.9146660012744,40.8702756661919],[-73.9141410017033,40.8709856660911],[-73.9138030004722,40.8713756670187],[-73.9134150006954,40.8717576664068],[-73.913000000256,40.8721106663915],[-73.9122010003063,40.8727656673406],[-73.9102490008415,40.874277666964],[-73.9098310008724,40.874560667139]]},"properties":{"FID":615,"objectid":1372,"shape_len":2413.61070477,"url":"http://web.mta.info/nyct/service/","name":"1","rt_symbol":"1","id":2000037,"Shape__Length":973.750967730531}},{"type":"Feature","id":616,"geometry":{"type":"LineString","coordinates":[[-73.9188189993586,40.8646136664428],[-73.9152789999669,40.8694436671803]]},"properties":{"FID":616,"objectid":1373,"shape_len":2013.80587485,"url":"http://web.mta.info/nyct/service/","name":"1","rt_symbol":"1","id":2000036,"Shape__Length":812.89659717903271}},{"type":"Feature","id":617,"geometry":{"type":"LineString","coordinates":[[-73.9010340008976,40.8628026676099],[-73.8971740003478,40.8677596668036]]},"properties":{"FID":617,"objectid":1374,"shape_len":2098.00264206,"url":"http://web.mta.info/nyct/service/","name":"4","rt_symbol":"4","id":2000144,"Shape__Length":846.788091009943}},{"type":"Feature","id":618,"geometry":{"type":"LineString","coordinates":[[-73.900870000682,40.8846666674701],[-73.9007299997572,40.8849276666581],[-73.900040999963,40.8863086668581],[-73.899616000829,40.8871946665215],[-73.8985830010062,40.8892476660349]]},"properties":{"FID":618,"objectid":1375,"shape_len":1784.88386746,"url":"http://web.mta.info/nyct/service/","name":"1","rt_symbol":"1","id":2000040,"Shape__Length":721.01055992429212}},{"type":"Feature","id":619,"geometry":{"type":"LineString","coordinates":[[-73.904834001553,40.8788556668003],[-73.9022230000219,40.8825246665411],[-73.9018990013081,40.882987666936],[-73.9016020012836,40.8834666667445],[-73.900991001051,40.8844606670381],[-73.900870000682,40.8846666674701]]},"properties":{"FID":619,"objectid":1376,"shape_len":2384.97295401,"url":"http://web.mta.info/nyct/service/","name":"1","rt_symbol":"1","id":2000039,"Shape__Length":963.02520138134878}},{"type":"Feature","id":620,"geometry":{"type":"LineString","coordinates":[[-73.873488000919,40.8418936669614],[-73.8717900009194,40.8432496664851],[-73.8713889999461,40.8435666666039],[-73.8710280014821,40.8439096667779],[-73.8708569996398,40.8441006664512],[-73.8707170007664,40.844292665947],[-73.8705969996217,40.844504666953],[-73.8704720006616,40.8447666675188],[-73.8701430013729,40.8455246670603],[-73.8699520007149,40.8459676665977]]},"properties":{"FID":620,"objectid":1377,"shape_len":1812.22577322,"url":"http://web.mta.info/nyct/service/","name":"2","rt_symbol":"1","id":2000059,"Shape__Length":731.04005022221509}},{"type":"Feature","id":621,"geometry":{"type":"LineString","coordinates":[[-73.8800490008576,40.8402946663777],[-73.8798990013794,40.8404146659061],[-73.8797340006273,40.8405826675386],[-73.8792830017584,40.8410506657838],[-73.879174999642,40.8411506660116],[-73.8790759998793,40.8412046657398],[-73.8789659993189,40.841244666468],[-73.8788290012364,40.8412726666667],[-73.8787070000509,40.8412766672023],[-73.8785990006101,40.8412666661592],[-73.8785120008637,40.8412486664359],[-73.8784229999891,40.8412116668176],[-73.8782190006775,40.8411296669553],[-73.8780270007748,40.8410486663615],[-73.8777820001771,40.8409446665141],[-73.8776440002627,40.8408946661593],[-73.8774740007923,40.8408456663186],[-73.8773300019643,40.8408166668384],[-73.8771720011898,40.8407946671168],[-73.8770100007615,40.8407856669476],[-73.8768410011447,40.8407836667218],[-73.8766240002936,40.8408006666658],[-73.8763130006171,40.8408466667061],[-73.8747360006709,40.841120667296],[-73.8745429998137,40.8411696659284],[-73.8744300014254,40.8412096662772],[-73.8743289998998,40.8412516660763],[-73.8742150004521,40.8413236668777],[-73.8741090002168,40.8414016663825],[-73.873488000919,40.8418936669614]]},"properties":{"FID":621,"objectid":1378,"shape_len":2139.4856251,"url":"http://web.mta.info/nyct/service/","name":"2","rt_symbol":"1","id":2000058,"Shape__Length":861.61478127911528}},{"type":"Feature","id":622,"geometry":{"type":"LineString","coordinates":[[-73.8877340004796,40.8372876668569],[-73.8876499998097,40.8373706673755],[-73.8875440015391,40.8374626666379],[-73.8871830010251,40.8377126668281],[-73.8851200000907,40.8389346660136],[-73.884886001091,40.8390626657806],[-73.8846510004868,40.8391646668035],[-73.8844409995065,40.8392516667512],[-73.8841720008202,40.8393416660625],[-73.8838910011172,40.8394186666399],[-73.8835729995051,40.8394836661237],[-73.8832930006388,40.839520666306],[-73.8830300005956,40.8395456668555],[-73.8825970005363,40.8395666667918],[-73.882191000402,40.8395906670155],[-73.8819670015077,40.8396126667034],[-73.8817590017335,40.8396416665912],[-73.8814079999936,40.839718666779],[-73.8811490009259,40.8398016661774],[-73.8808500010761,40.8399126659652],[-73.8804980014421,40.8400566672147],[-73.8802840002776,40.8401546666856],[-73.8801470003815,40.8402286665863],[-73.8800490008576,40.8402946663777]]},"properties":{"FID":622,"objectid":1379,"shape_len":2457.02561418,"url":"http://web.mta.info/nyct/service/","name":"2","rt_symbol":"1","id":2000057,"Shape__Length":989.40242191775087}},{"type":"Feature","id":623,"geometry":{"type":"LineString","coordinates":[[-73.867618001087,40.8315086664415],[-73.8623820006335,40.8330186664519],[-73.8623470013625,40.8330276665579],[-73.8623130003431,40.8330366669444],[-73.8622790013855,40.8330446668731],[-73.8622450012341,40.8330526667902],[-73.8622120014061,40.8330596674421],[-73.8621779997547,40.8330666668873],[-73.8621450011002,40.8330736666209],[-73.862113000401,40.8330796670878],[-73.8620800014341,40.8330856672525],[-73.8620480004284,40.8330906663501],[-73.8620160005996,40.8330956672413],[-73.8619840016559,40.8330996676742],[-73.8619520003389,40.8331036671949],[-73.8619210017279,40.8331066665564],[-73.8618900019266,40.8331096668086],[-73.8608159994098,40.8332256660933]]},"properties":{"FID":623,"objectid":1380,"shape_len":1990.5209061,"url":"http://web.mta.info/nyct/service/","name":"6","rt_symbol":"4","id":2000159,"Shape__Length":801.04808136043357}},{"type":"Feature","id":624,"geometry":{"type":"LineString","coordinates":[[-73.8745159999266,40.8295206665838],[-73.867618001087,40.8315086664415]]},"properties":{"FID":624,"objectid":1381,"shape_len":2041.72923436,"url":"http://web.mta.info/nyct/service/","name":"6","rt_symbol":"4","id":2000158,"Shape__Length":821.69710700106566}},{"type":"Feature","id":625,"geometry":{"type":"LineString","coordinates":[[-73.8684570012649,40.8488276664817],[-73.8681530005586,40.8493376665403],[-73.8679860009418,40.8496286660993],[-73.8679210011622,40.8497716664871],[-73.8678730002292,40.8499286664552],[-73.867845999727,40.8500696670921],[-73.8678340010139,40.8502486667878],[-73.8676150008791,40.8571916664791]]},"properties":{"FID":625,"objectid":1382,"shape_len":3080.98980086,"url":"http://web.mta.info/nyct/service/","name":"2","rt_symbol":"1","id":2000061,"Shape__Length":1244.4448567910406}},{"type":"Feature","id":626,"geometry":{"type":"LineString","coordinates":[[-73.8385910012053,40.8786626662963],[-73.8365470010033,40.881069666785],[-73.8342360022694,40.8837676674528],[-73.8327120009911,40.8855766664123],[-73.8322890009334,40.886109667065],[-73.8315500006849,40.887135667066],[-73.8313150018944,40.8875126676759],[-73.8308340006466,40.8882996667281]]},"properties":{"FID":626,"objectid":1383,"shape_len":4118.82792764,"url":"http://web.mta.info/nyct/service/","name":"5","rt_symbol":"4","id":2000074,"Shape__Length":1662.7889306734319}},{"type":"Feature","id":627,"geometry":{"type":"LineString","coordinates":[[-73.8543760009158,40.8983786667419],[-73.8533330009128,40.8995946669341],[-73.8530450008296,40.8999286669101],[-73.8527660003159,40.900259666407],[-73.8524469998703,40.9006526673956],[-73.8523399995141,40.9007976671061],[-73.8520260007017,40.9012606670609],[-73.8517690004012,40.9016686665914],[-73.851628000294,40.9018946664633],[-73.8515100003721,40.9020656662344],[-73.8513600005641,40.9022606676195],[-73.8506199995463,40.9031246664625]]},"properties":{"FID":627,"objectid":1384,"shape_len":2019.46804023,"url":"http://web.mta.info/nyct/service/","name":"2","rt_symbol":"1","id":2000069,"Shape__Length":815.49983236870173}},{"type":"Feature","id":628,"geometry":{"type":"LineString","coordinates":[[-73.8572728164647,40.8931290776785],[-73.8549275144751,40.8973803521388],[-73.8547523795971,40.897632581136],[-73.8546016013898,40.8978104217454],[-73.8541937247317,40.8982892751449]]},"properties":{"FID":628,"objectid":1385,"shape_len":2067.8047731,"url":"http://web.mta.info/nyct/service/","name":"5","rt_symbol":"4","id":2000068,"Shape__Length":835.25689935815967}},{"type":"Feature","id":629,"geometry":{"type":"LineString","coordinates":[[-73.9267873991585,40.8182536512147],[-73.917826418459,40.8159526558725]]},"properties":{"FID":629,"objectid":1386,"shape_len":2618.1884818,"url":"http://web.mta.info/nyct/service/","name":"5","rt_symbol":"4","id":2000050,"Shape__Length":1053.386959163812}},{"type":"Feature","id":630,"geometry":{"type":"LineString","coordinates":[[-73.9506343432322,40.6627540132241],[-73.9507514265044,40.6639398947642],[-73.9507583901006,40.6640015840064],[-73.9507641664522,40.6640632024992],[-73.9507690015207,40.6641279705942],[-73.9507728316089,40.6641940638182],[-73.9507747538057,40.664262291349],[-73.9507757277204,40.664333525297],[-73.9507757302194,40.6644070596475],[-73.9507737881471,40.6644827363938],[-73.9507708415579,40.6645622885309],[-73.9507669078806,40.6646429262673],[-73.9507620204074,40.6647260030928],[-73.9507551747102,40.6648120642899],[-73.9507472763396,40.6648999260672],[-73.9507385050511,40.6649895803969],[-73.9507264663377,40.6650838808891],[-73.9504672573369,40.6678710330271]]},"properties":{"FID":630,"objectid":1387,"shape_len":1868.69782526,"url":"http://web.mta.info/nyct/service/","name":"5","rt_symbol":"4","id":2000100,"Shape__Length":752.72688116593963}},{"type":"Feature","id":631,"geometry":{"type":"LineString","coordinates":[[-73.9516908246041,40.6700859484048],[-73.954698590417,40.6702469883839],[-73.9549648677681,40.6702598082068],[-73.955227463924,40.6702808179704],[-73.9554976955955,40.6703179259026],[-73.9557697490537,40.6703673034239],[-73.9580746764205,40.6708406714501]]},"properties":{"FID":631,"objectid":1388,"shape_len":1799.69017411,"url":"http://web.mta.info/nyct/service/","name":"4-5","rt_symbol":"4","id":2000088,"Shape__Length":722.28589594897926}},{"type":"Feature","id":632,"geometry":{"type":"LineString","coordinates":[[-73.9708565832363,40.6753141903415],[-73.9749085715696,40.6809081973292]]},"properties":{"FID":632,"objectid":1389,"shape_len":2327.41202282,"url":"http://web.mta.info/nyct/service/","name":"4-5","rt_symbol":"4","id":2000085,"Shape__Length":936.85330041872}},{"type":"Feature","id":633,"geometry":{"type":"LineString","coordinates":[[-73.9749087571859,40.6809084513147],[-73.9774767489746,40.6844384557114]]},"properties":{"FID":633,"objectid":1390,"shape_len":1470.13423304,"url":"http://web.mta.info/nyct/service/","name":"4-5","rt_symbol":"4","id":2000084,"Shape__Length":591.80999070745713}},{"type":"Feature","id":634,"geometry":{"type":"LineString","coordinates":[[-73.9803015129339,40.6883237484342],[-73.9804645292148,40.6885541851904],[-73.980507818729,40.6886125755169],[-73.9805526414792,40.6886751192536],[-73.9806020842903,40.6887366470716],[-73.9806555432947,40.6887990166226],[-73.9807147536332,40.6888593879725],[-73.9807801151458,40.6889178692408],[-73.9808482556466,40.6889723823718],[-73.9809214625017,40.6890250007214],[-73.980998023358,40.6890734132801],[-73.9810770693288,40.6891195235836],[-73.9811637896495,40.6891657746685],[-73.9812552770669,40.6892058003151],[-73.9813428914609,40.6892412623599],[-73.9814292711218,40.68927581462],[-73.9815162271639,40.6893097986839],[-73.9849642790058,40.6906904193365]]},"properties":{"FID":634,"objectid":1391,"shape_len":1585.89430602,"url":"http://web.mta.info/nyct/service/","name":"4-5","rt_symbol":"4","id":2000082,"Shape__Length":637.36949758089827}},{"type":"Feature","id":635,"geometry":{"type":"LineString","coordinates":[[-73.9774770694037,40.6844388934239],[-73.9785187869543,40.6858605149145],[-73.9803025062523,40.6883251353949]]},"properties":{"FID":635,"objectid":1392,"shape_len":1618.25095042,"url":"http://web.mta.info/nyct/service/","name":"4-5","rt_symbol":"4","id":2000083,"Shape__Length":651.4717171918976}},{"type":"Feature","id":636,"geometry":{"type":"LineString","coordinates":[[-73.964313224323,40.6721444940991],[-73.9684014785633,40.6730720973088],[-73.9685589542206,40.6731100431344],[-73.9686955971918,40.6731506666128],[-73.9688465713845,40.6732018910724],[-73.9689718394171,40.6732596389394],[-73.9691275983048,40.6733388847484],[-73.9692489759746,40.6734189226198],[-73.9693848820308,40.6735238175456],[-73.9695200621028,40.673649862515],[-73.9696236529314,40.6737673287856],[-73.9708610716679,40.6753200952541]]},"properties":{"FID":636,"objectid":1393,"shape_len":2279.05034057,"url":"http://web.mta.info/nyct/service/","name":"4-5","rt_symbol":"4","id":2000086,"Shape__Length":915.75533140800962}},{"type":"Feature","id":637,"geometry":{"type":"LineString","coordinates":[[-73.958073738661,40.670840478398],[-73.9643177536238,40.6721454797672]]},"properties":{"FID":637,"objectid":1394,"shape_len":1796.15523741,"url":"http://web.mta.info/nyct/service/","name":"4-5","rt_symbol":"4","id":2000087,"Shape__Length":720.98752052729481}},{"type":"Feature","id":638,"geometry":{"type":"LineString","coordinates":[[-73.9487435078486,40.6451110722909],[-73.9493594897392,40.6508560728981]]},"properties":{"FID":638,"objectid":1395,"shape_len":2100.02963551,"url":"http://web.mta.info/nyct/service/","name":"5","rt_symbol":"4","id":2000103,"Shape__Length":845.68503489641353}},{"type":"Feature","id":639,"geometry":{"type":"LineString","coordinates":[[-73.9474265561188,40.632849149961],[-73.9481955327313,40.6399801509175]]},"properties":{"FID":639,"objectid":1396,"shape_len":2606.76779848,"url":"http://web.mta.info/nyct/service/","name":"5","rt_symbol":"4","id":2000105,"Shape__Length":1049.5683332972003}},{"type":"Feature","id":640,"geometry":{"type":"LineString","coordinates":[[-73.9499844643555,40.6566650079348],[-73.950634444195,40.6627550092385]]},"properties":{"FID":640,"objectid":1397,"shape_len":2226.07425874,"url":"http://web.mta.info/nyct/service/","name":"5","rt_symbol":"4","id":2000101,"Shape__Length":896.59997987553993}},{"type":"Feature","id":641,"geometry":{"type":"LineString","coordinates":[[-73.9493594944357,40.650856116125],[-73.9499844760983,40.6566651169024]]},"properties":{"FID":641,"objectid":1398,"shape_len":2123.4728018,"url":"http://web.mta.info/nyct/service/","name":"5","rt_symbol":"4","id":2000102,"Shape__Length":855.19896719037922}},{"type":"Feature","id":642,"geometry":{"type":"LineString","coordinates":[[-73.9504671953276,40.6678717218949],[-73.9504162420281,40.6684541706544],[-73.9503533603425,40.6691069228661],[-73.9503428683844,40.6692044982152],[-73.9503404813777,40.6693082554988],[-73.9503570600755,40.669411548196],[-73.9503903049152,40.6695087254718],[-73.9504398245899,40.6696012504812],[-73.9505061724718,40.6696861769544],[-73.9505897085899,40.6697644901811],[-73.9506863327834,40.6698327727111],[-73.9507972679613,40.6698926027379],[-73.9509182335958,40.6699429049795],[-73.9510498606874,40.6699860048043],[-73.9511928723559,40.6700211901747],[-73.9513466134587,40.6700499475225],[-73.9515122326392,40.6700718837636],[-73.9516836046521,40.6700854680995]]},"properties":{"FID":642,"objectid":1399,"shape_len":1040.5640093,"url":"http://web.mta.info/nyct/service/","name":"5","rt_symbol":"4","id":2000099,"Shape__Length":418.69126368134215}},{"type":"Feature","id":643,"geometry":{"type":"LineString","coordinates":[[-73.8929428448011,40.8239361025085],[-73.8926495047164,40.8240862757207],[-73.8922388886006,40.8242982054467],[-73.892122049586,40.8243696703482],[-73.8920182881664,40.8244446782233],[-73.8919096156517,40.8245581280889],[-73.891826531662,40.8246649498912],[-73.8917732150939,40.8247629044717],[-73.891734020389,40.82486456432],[-73.8917132520916,40.8249647358285],[-73.8917051850784,40.8250638557743],[-73.8917072027982,40.8255212331719],[-73.891658237334,40.8298368177707],[-73.8916484641966,40.8299843925903]]},"properties":{"FID":643,"objectid":1400,"shape_len":2355.97641713,"url":"http://web.mta.info/nyct/service/","name":"5","rt_symbol":"4","id":2000055,"Shape__Length":950.92656097264592}},{"type":"Feature","id":644,"geometry":{"type":"LineString","coordinates":[[-73.8601409925087,40.8879577838107],[-73.8572729820495,40.8931287798224]]},"properties":{"FID":644,"objectid":1401,"shape_len":2044.08292304,"url":"http://web.mta.info/nyct/service/","name":"5","rt_symbol":"4","id":2000067,"Shape__Length":825.68038831244542}},{"type":"Feature","id":645,"geometry":{"type":"LineString","coordinates":[[-73.8699520007149,40.8459676665977],[-73.8696090010239,40.8467676666001],[-73.8694310006848,40.8471526674137],[-73.8691940005218,40.8475646671621],[-73.8684570012649,40.8488276664817]]},"properties":{"FID":645,"objectid":1402,"shape_len":1122.30847504,"url":"http://web.mta.info/nyct/service/","name":"2","rt_symbol":"1","id":2000060,"Shape__Length":453.07194246440929}},{"type":"Feature","id":646,"geometry":{"type":"LineString","coordinates":[[-73.9077400008159,40.7027616666331],[-73.9072280004571,40.7032546664698],[-73.9071979999741,40.7032816675578],[-73.9071669996009,40.7033086669309],[-73.9071350009365,40.7033336663531],[-73.9071010015346,40.7033576672845],[-73.9070670011377,40.7033806668355],[-73.9070310014001,40.7034016665249],[-73.9069940005851,40.7034226671953],[-73.9069560000906,40.7034426665765],[-73.9069159990745,40.7034606660908],[-73.9068760006151,40.7034776669252],[-73.906834001212,40.7034946661262],[-73.9067920010314,40.7035096670746],[-73.9067480015209,40.7035226672508],[-73.9067019998842,40.7035356666879],[-73.9066560008122,40.7035476665402],[-73.9030769997042,40.704422667327]]},"properties":{"FID":646,"objectid":1403,"shape_len":1465.35200405,"url":"http://web.mta.info/nyct/service/","name":"M","rt_symbol":"B","id":2000388,"Shape__Length":588.79449073666876}},{"type":"Feature","id":647,"geometry":{"type":"LineString","coordinates":[[-73.9125490005351,40.7441486669347],[-73.9108190001562,40.7446706664937],[-73.9107630010644,40.7446866665544],[-73.9107069997334,40.7447016670232],[-73.9106500014403,40.7447166666913],[-73.9105920002635,40.7447316664532],[-73.9105350007338,40.744746666964],[-73.9104760003574,40.7447606672289],[-73.9104179992631,40.7447746673404],[-73.9103580007156,40.7447886667685],[-73.9102990002649,40.7448026669427],[-73.9102380013384,40.7448156668667],[-73.910178000513,40.7448286657358],[-73.9101160010461,40.744841666616],[-73.9100549996801,40.7448546664413],[-73.9099930003339,40.7448666658914],[-73.9099300004704,40.7448786672273],[-73.9073269999447,40.7453206665694],[-73.9072730011498,40.7453276668746],[-73.9072190011609,40.7453346662531],[-73.9071659994994,40.745340666848],[-73.9071130001963,40.7453466674205],[-73.9070619997277,40.7453516664166],[-73.9070100011185,40.7453566663852],[-73.9069600001595,40.7453606674808],[-73.906910000381,40.7453646667546],[-73.9068610013095,40.7453676663526],[-73.9068130015483,40.7453706667383],[-73.9067650017826,40.7453736671039],[-73.9067180003625,40.7453756659938],[-73.9066710003386,40.7453766662033],[-73.906624999628,40.7453776672038],[-73.9065800017863,40.7453786662977],[-73.9056960011857,40.7453856659362],[-73.9055289994148,40.7453906664705],[-73.9054930001249,40.7453916671173],[-73.9054560015203,40.7453926660321],[-73.905418000044,40.7453936668129],[-73.9053800006989,40.7453956671459],[-73.9053400003525,40.7453976667222],[-73.9052990006862,40.745399667264],[-73.9052560012035,40.7454016661463],[-73.9052130017169,40.7454036659129],[-73.9051690003021,40.7454066671029],[-73.9051240007536,40.7454096665535],[-73.9050780006993,40.7454126669629],[-73.9050300008253,40.7454156666055],[-73.90498199952,40.7454196666903],[-73.90493200076,40.7454236669073],[-73.9048820008098,40.7454276671017],[-73.9029839998485,40.7456296670487]]},"properties":{"FID":647,"objectid":1404,"shape_len":2723.07668538,"url":"http://web.mta.info/nyct/service/","name":"7","rt_symbol":"7","id":2000178,"Shape__Length":1094.1898894143462}},{"type":"Feature","id":648,"geometry":{"type":"LineString","coordinates":[[-73.9184350002648,40.7431316665151],[-73.9170650001022,40.7429766662728],[-73.9169970008541,40.7429716671982],[-73.9169290014927,40.7429686663091],[-73.9168620001675,40.7429666665639],[-73.9167960003631,40.7429666675298],[-73.9167300004944,40.7429676671205],[-73.9166649998372,40.7429696660589],[-73.9166000002211,40.7429736676896],[-73.9165359997427,40.7429796664323],[-73.9164720003654,40.7429866665043],[-73.9164090001133,40.7429956663921],[-73.9163470002362,40.743005666535],[-73.9162850002685,40.7430166662077],[-73.9162230013163,40.7430296667749],[-73.9161620002889,40.7430446662607],[-73.9161019996222,40.7430606669065],[-73.9125490005351,40.7441486669347]]},"properties":{"FID":648,"objectid":1405,"shape_len":1716.16342997,"url":"http://web.mta.info/nyct/service/","name":"7","rt_symbol":"7","id":2000177,"Shape__Length":689.69020371621718}},{"type":"Feature","id":649,"geometry":{"type":"LineString","coordinates":[[-73.9029839998485,40.7456296670487],[-73.8964030010192,40.7463246671247]]},"properties":{"FID":649,"objectid":1406,"shape_len":1841.02254655,"url":"http://web.mta.info/nyct/service/","name":"7","rt_symbol":"7","id":2000179,"Shape__Length":739.67668413517879}},{"type":"Feature","id":650,"geometry":{"type":"LineString","coordinates":[[-73.9060060002681,40.7528846664997],[-73.8984530001401,40.7496686671249]]},"properties":{"FID":650,"objectid":1407,"shape_len":2398.37861761,"url":"http://web.mta.info/nyct/service/","name":"E","rt_symbol":"A","id":2000297,"Shape__Length":964.50519331821192}},{"type":"Feature","id":651,"geometry":{"type":"LineString","coordinates":[[-73.8445210001239,40.7216906663842],[-73.8414210000222,40.7203136668895],[-73.8413290009404,40.7202736673037],[-73.8412370007877,40.720233666742],[-73.8411460008671,40.7201936665859],[-73.8410550010723,40.7201526667903],[-73.8409650003264,40.7201116674019],[-73.8408750008984,40.7200696665762],[-73.8407860005173,40.7200276670613],[-73.8406970014341,40.7199856665784],[-73.8406080013007,40.719942667358],[-73.8405200014016,40.7198996676529],[-73.8404320016202,40.7198566660793],[-73.8403449997265,40.7198126662543],[-73.8402580003126,40.7197686672671],[-73.8401710010178,40.7197246664128],[-73.8400850019809,40.7196796673143],[-73.8373240013407,40.7183306675501]]},"properties":{"FID":651,"objectid":1408,"shape_len":2341.21238311,"url":"http://web.mta.info/nyct/service/","name":"E","rt_symbol":"A","id":2000305,"Shape__Length":941.20324413817707}},{"type":"Feature","id":652,"geometry":{"type":"LineString","coordinates":[[-73.85271900143,40.72652266667],[-73.8525380005896,40.7264426660128],[-73.8523589998501,40.726357667101],[-73.8521850003392,40.7262706670925],[-73.8520150005104,40.7261806660568],[-73.8518490006526,40.7260896667466],[-73.8516880005454,40.7259946672654],[-73.8515300002011,40.7258986664558],[-73.8513769997474,40.7257996668785],[-73.8512280014835,40.7256986668307],[-73.85108300067,40.7255956663217],[-73.8509419995352,40.7254896667034],[-73.8508050005778,40.7253816666597],[-73.8506730004377,40.7252716665967],[-73.8505440009513,40.7251586661725],[-73.8504180011785,40.7250446672304],[-73.8502520020607,40.7248886667549],[-73.8500840012066,40.7247346661647],[-73.8499120007193,40.7245836660157],[-73.8497360006005,40.7244356671904],[-73.8495560009702,40.7242916665362],[-73.8493720017096,40.7241506662686],[-73.8491840004522,40.7240126663656],[-73.8489930009272,40.723877666323],[-73.8487970005051,40.7237466666651],[-73.848598001705,40.7236176672642],[-73.848393999636,40.7234926663996],[-73.8481870004523,40.7233706671232],[-73.8479750015291,40.7232526672423],[-73.8477600006534,40.7231366675357],[-73.8475410002646,40.7230256671675],[-73.8445210001239,40.7216906663842]]},"properties":{"FID":652,"objectid":1409,"shape_len":2897.44902176,"url":"http://web.mta.info/nyct/service/","name":"E","rt_symbol":"A","id":2000304,"Shape__Length":1165.3601796109485}},{"type":"Feature","id":653,"geometry":{"type":"LineString","coordinates":[[-73.8373240013407,40.7183306675501],[-73.8357530010493,40.7175306675388],[-73.8356070002514,40.7174526666578],[-73.8354619999729,40.7173736674523],[-73.8353180014091,40.7172936663259],[-73.835176002266,40.7172126665114],[-73.8350350002116,40.7171296661119],[-73.8348949998753,40.7170456665063],[-73.8347560012618,40.7169606667978],[-73.8346180008254,40.7168746660844],[-73.8344820011166,40.7167866671435],[-73.83434700196,40.71669766631],[-73.834213000984,40.7166076662856],[-73.8340809994427,40.7165166667156],[-73.8339500008217,40.7164246661695],[-73.8338200005094,40.7163306668771],[-73.8336890005015,40.7162366668926],[-73.8334460002471,40.7160496674134],[-73.8332910013972,40.7159356661002],[-73.833138000958,40.7158206661032],[-73.8329830006559,40.7157076666379],[-73.8328270006869,40.7155956659785],[-73.8326690009911,40.7154846662696],[-73.832510001623,40.7153746671568],[-73.8323490012042,40.715266666746],[-73.8321870012566,40.7151586673524],[-73.8320230002552,40.7150526666468],[-73.8318580007546,40.7149476674173],[-73.8316910003509,40.7148436663932],[-73.8315230014455,40.7147406668338],[-73.8313530004493,40.7146386672645],[-73.831181999605,40.7145386669137],[-73.8310080000101,40.7144406664446]]},"properties":{"FID":653,"objectid":1410,"shape_len":2257.53329591,"url":"http://web.mta.info/nyct/service/","name":"E","rt_symbol":"A","id":2000306,"Shape__Length":907.94610014170075}},{"type":"Feature","id":654,"geometry":{"type":"LineString","coordinates":[[-73.8604950018714,40.854363666483],[-73.8571030017685,40.8571086664847],[-73.8570340007734,40.8571676676678],[-73.8569640014783,40.8572286666631],[-73.8568940010863,40.857290666961],[-73.8568240010043,40.8573546663078],[-73.8567540010029,40.8574196669585],[-73.856684001301,40.8574866666581],[-73.8566150014885,40.8575546671031],[-73.8565450007487,40.8576236667079],[-73.8564760001111,40.8576946657047],[-73.8564070007203,40.8577666669084],[-73.856338001397,40.8578396658148],[-73.8562680001456,40.8579146670249],[-73.8562000011757,40.8579916670774],[-73.8561310000632,40.8580696662855],[-73.856063000004,40.8581486671465],[-73.8553589999742,40.8589846666377]]},"properties":{"FID":654,"objectid":1411,"shape_len":2209.16096283,"url":"http://web.mta.info/nyct/service/","name":"5","rt_symbol":"4","id":2000071,"Shape__Length":890.996190649377}},{"type":"Feature","id":655,"geometry":{"type":"LineString","coordinates":[[-73.8930640006358,40.8240726671342],[-73.8927710007195,40.8242226671721],[-73.8923680009695,40.8244306665653],[-73.8922650000675,40.8244936672536],[-73.8921820008929,40.8245536671887],[-73.8920910000346,40.8246486672681],[-73.8920209999138,40.8247386666746],[-73.8919780003859,40.8248176656577],[-73.8919459998684,40.8249006668305],[-73.89192900027,40.8249826671936],[-73.8919220004456,40.8250686670243],[-73.8919240006872,40.8255216661877],[-73.8918750006147,40.8298416668624],[-73.8918650006966,40.8299926669719]]},"properties":{"FID":655,"objectid":1412,"shape_len":2300.24861738,"url":"http://web.mta.info/nyct/service/","name":"2","rt_symbol":"1","id":2000055,"Shape__Length":928.44966854765516}},{"type":"Feature","id":656,"geometry":{"type":"LineString","coordinates":[[-73.8603410007405,40.8880216660776],[-73.8574730018991,40.8931926660954]]},"properties":{"FID":656,"objectid":1413,"shape_len":2044.08274723,"url":"http://web.mta.info/nyct/service/","name":"2","rt_symbol":"1","id":2000067,"Shape__Length":825.68111028654891}},{"type":"Feature","id":657,"geometry":{"type":"LineString","coordinates":[[-73.8791590005416,40.8285836661067],[-73.8776679995044,40.8287076673537],[-73.8776120000126,40.8287126669222],[-73.8775550004749,40.8287186667531],[-73.8774960008481,40.8287266680344],[-73.8774360006427,40.8287346673216],[-73.8773750003822,40.8287436668656],[-73.8773130005899,40.8287546671161],[-73.8772490008261,40.8287656670055],[-73.8771840009987,40.8287776662453],[-73.8771180016261,40.8287916661855],[-73.8770510016569,40.8288056659217],[-73.8769820003786,40.8288216661869],[-73.8769119996833,40.8288376662445],[-73.8768410006071,40.8288556678961],[-73.8767690009276,40.8288736666338],[-73.8766950011012,40.8288936667911],[-73.8745159999266,40.8295206665838]]},"properties":{"FID":657,"objectid":1414,"shape_len":1338.21847999,"url":"http://web.mta.info/nyct/service/","name":"6","rt_symbol":"4","id":2000157,"Shape__Length":538.45450775685333}},{"type":"Feature","id":658,"geometry":{"type":"LineString","coordinates":[[-73.8608159994098,40.8332256660933],[-73.8512220003557,40.8342546668733]]},"properties":{"FID":658,"objectid":1415,"shape_len":2681.23507435,"url":"http://web.mta.info/nyct/service/","name":"6","rt_symbol":"4","id":2000160,"Shape__Length":1078.6764303385964}},{"type":"Feature","id":659,"geometry":{"type":"LineString","coordinates":[[-73.8964350018632,40.8161036667909],[-73.8919550002889,40.8204446671927],[-73.8919260003071,40.8204666670695],[-73.8918960003022,40.82048766645],[-73.8918650010168,40.8205086675869],[-73.8918330005243,40.8205286673243],[-73.8917990014938,40.8205486669783],[-73.891764001253,40.8205676670315],[-73.8917280017323,40.8205866670363],[-73.8916909998176,40.8206046665367],[-73.8916529998064,40.8206226668882],[-73.8916130000694,40.8206406662482],[-73.891573000751,40.820657667844],[-73.8915310009687,40.8206736661918],[-73.8914880014544,40.8206906676373],[-73.8914430002882,40.8207066667303],[-73.8913980007317,40.8207216662558],[-73.8905490007185,40.8209476671408]]},"properties":{"FID":659,"objectid":1416,"shape_len":2444.15345882,"url":"http://web.mta.info/nyct/service/","name":"6","rt_symbol":"4","id":2000154,"Shape__Length":985.06452425990256}},{"type":"Feature","id":660,"geometry":{"type":"LineString","coordinates":[[-73.9178430011563,40.7702576668109],[-73.9120340001031,40.7750356665237]]},"properties":{"FID":660,"objectid":1417,"shape_len":2370.46727086,"url":"http://web.mta.info/nyct/service/","name":"N-W","rt_symbol":"N","id":2000419,"Shape__Length":954.69350165257981}},{"type":"Feature","id":661,"geometry":{"type":"LineString","coordinates":[[-73.9214790001739,40.766778666733],[-73.9207949994395,40.7676166668867],[-73.9207459997363,40.7676716665936],[-73.9206960003079,40.7677256660317],[-73.9206460007962,40.7677796672486],[-73.9205940007083,40.7678346666242],[-73.9205420005427,40.7678886664164],[-73.9204890018316,40.7679416668368],[-73.9204359994732,40.7679956667893],[-73.9203820009261,40.7680496669292],[-73.9203269990938,40.7681026667901],[-73.9202709998729,40.7681566663943],[-73.9202149993887,40.7682096673111],[-73.9201580003429,40.7682626666078],[-73.9201000003607,40.7683156669828],[-73.9200409994588,40.7683676661738],[-73.9199819996305,40.7684206666954],[-73.9178430011563,40.7702576668109]]},"properties":{"FID":661,"objectid":1418,"shape_len":1622.87893208,"url":"http://web.mta.info/nyct/service/","name":"N-W","rt_symbol":"N","id":2000418,"Shape__Length":653.748874315245}},{"type":"Feature","id":662,"geometry":{"type":"LineString","coordinates":[[-73.9040980004222,40.8121176668902],[-73.9040759991666,40.8121276657264],[-73.9040540002723,40.8121376663614],[-73.9040320001874,40.8121476660907],[-73.904010000351,40.8121566671637],[-73.9039880005113,40.8121656664316],[-73.9039670012415,40.8121736660755],[-73.9039460005215,40.812182667068],[-73.9039240009222,40.8121906667711],[-73.903904001956,40.8121986663366],[-73.9038830005524,40.8122056673111],[-73.9038620012574,40.8122136669358],[-73.9038420001666,40.8122206660355],[-73.9038220005136,40.8122266673812],[-73.9038019994134,40.8122336673744],[-73.9037809994356,40.8122396669778],[-73.8994850006967,40.813446667073],[-73.8994360009133,40.8134606667072],[-73.8993880002611,40.8134746671925],[-73.8993409999286,40.8134886667301],[-73.8992950016298,40.8135046662289],[-73.8992509989153,40.8135216670057],[-73.8992080000748,40.8135386668423],[-73.8991660000376,40.8135566661885],[-73.8991260011788,40.8135766672758],[-73.8990870002672,40.8135966674215],[-73.8990499996821,40.8136176670571],[-73.8990130011128,40.8136396662351],[-73.898978000496,40.8136626667043],[-73.8989450013896,40.8136866675692],[-73.8989129999005,40.8137116661503],[-73.8988819995773,40.813737666954],[-73.8964350018632,40.8161036667909]]},"properties":{"FID":662,"objectid":1419,"shape_len":2662.83537523,"url":"http://web.mta.info/nyct/service/","name":"6","rt_symbol":"4","id":2000153,"Shape__Length":1072.285321864977}},{"type":"Feature","id":663,"geometry":{"type":"LineString","coordinates":[[-73.9177569994499,40.8161086670506],[-73.9166750002034,40.8157816670464],[-73.9164919994631,40.8157316678112],[-73.916277001072,40.8157016667117],[-73.9159340006575,40.8156836665337],[-73.9156800011217,40.8156986670466],[-73.9154690010271,40.815739667074],[-73.9152030015923,40.8158196673392],[-73.9149510008173,40.8159126660898],[-73.9148350002219,40.8159606661196],[-73.914727999673,40.8160046663766],[-73.914448001264,40.8161086672039],[-73.914233000164,40.8161706660978],[-73.9140300006987,40.8162006662656],[-73.9137960007463,40.8162126662762],[-73.9135740008714,40.8162006666502],[-73.9133280001468,40.816179666998],[-73.9126689996302,40.8161126662147],[-73.9118420005762,40.816032667029],[-73.9111360019248,40.8159736665786],[-73.9107259999361,40.8159486663204],[-73.9103640008983,40.8159306663786],[-73.9100820006094,40.8159306665231],[-73.9098079994295,40.8159256663708],[-73.9093950004207,40.8159356667689],[-73.9091110004114,40.8159626670813],[-73.9089030014706,40.8160026669134],[-73.9086820010632,40.8160546678076],[-73.9083750012211,40.8161736663078],[-73.9078070002219,40.816489666297]]},"properties":{"FID":663,"objectid":1420,"shape_len":2878.69582745,"url":"http://web.mta.info/nyct/service/","name":"2","rt_symbol":"1","id":2000051,"Shape__Length":1158.0855441155813}},{"type":"Feature","id":664,"geometry":{"type":"LineString","coordinates":[[-73.9140420003778,40.8053676675794],[-73.9129320000974,40.8049016665766],[-73.9128719999922,40.8048776670731],[-73.912813000825,40.804857667411],[-73.912754001443,40.804839666826],[-73.9126960006089,40.8048256669833],[-73.9126400010189,40.8048146663887],[-73.912584001061,40.8048066671296],[-73.9125280007299,40.8048016674049],[-73.9124739991197,40.8048006664851],[-73.9124200008037,40.8048016664513],[-73.91236800119,40.8048066670272],[-73.9123159999873,40.8048146671404],[-73.9122640007436,40.8048256667935],[-73.9122140001785,40.8048406670609],[-73.9121650007156,40.804857667177],[-73.9121160006867,40.8048786672879],[-73.9089100011745,40.8063336666137],[-73.9088400000719,40.8063676672434],[-73.9087740006402,40.8064036674028],[-73.908711000277,40.8064416672054],[-73.908651001164,40.8064826671118],[-73.9085950003537,40.8065246670091],[-73.9085430010285,40.8065696669131],[-73.9084930015337,40.8066176670416],[-73.9084470003509,40.806666666275],[-73.9084049994726,40.8067186664281],[-73.9083660000408,40.8067726680585],[-73.9083300008793,40.8068286675661],[-73.9082979998589,40.8068866666478],[-73.9082690001075,40.8069476667689],[-73.9082440008807,40.8070106664718],[-73.9082219995741,40.8070756667618],[-73.9076569998284,40.8087186668169]]},"properties":{"FID":664,"objectid":1421,"shape_len":2581.79193469,"url":"http://web.mta.info/nyct/service/","name":"6","rt_symbol":"4","id":2000151,"Shape__Length":1039.9902101613193}},{"type":"Feature","id":665,"geometry":{"type":"LineString","coordinates":[[-73.9192400006826,40.8075656675941],[-73.9140420003778,40.8053676675794]]},"properties":{"FID":665,"objectid":1422,"shape_len":1646.82359202,"url":"http://web.mta.info/nyct/service/","name":"6","rt_symbol":"4","id":2000150,"Shape__Length":662.81068275301755}},{"type":"Feature","id":666,"geometry":{"type":"LineString","coordinates":[[-73.9076569998284,40.8087186668169],[-73.9073270001242,40.8096536668052],[-73.907265999489,40.8098306665194],[-73.9072160013803,40.8099466671972],[-73.9071910004503,40.8099906670295],[-73.9071630000215,40.8100336675892],[-73.9071330003793,40.8100756669785],[-73.9071009991493,40.8101166660944],[-73.9070670012783,40.8101556671872],[-73.9070310006338,40.8101936662012],[-73.9069930007632,40.8102306676399],[-73.9069520013823,40.8102666661917],[-73.9069099997205,40.8103006666145],[-73.9047130004329,40.8117326664269],[-73.9046669995015,40.8117646663166],[-73.9046220014565,40.8117956665643],[-73.9045770000632,40.8118256663383],[-73.9045330015623,40.8118546664717],[-73.9044900012164,40.8118826669619],[-73.9044470008355,40.8119106665354],[-73.9044060015487,40.8119366677461],[-73.904364999862,40.811962667139],[-73.9043240007667,40.8119876660662],[-73.9042850004049,40.8120106675325],[-73.9042460000187,40.8120336671847],[-73.9042079999227,40.8120566667541],[-73.9041710006257,40.8120776671369],[-73.9041339991922,40.8120976661522],[-73.9040980004222,40.8121176668902]]},"properties":{"FID":666,"objectid":1423,"shape_len":1641.09798749,"url":"http://web.mta.info/nyct/service/","name":"6","rt_symbol":"4","id":2000152,"Shape__Length":661.44791071205009}},{"type":"Feature","id":667,"geometry":{"type":"LineString","coordinates":[[-73.9017700004503,40.8195846658538],[-73.8967360012609,40.8221806670475]]},"properties":{"FID":667,"objectid":1424,"shape_len":1684.00014217,"url":"http://web.mta.info/nyct/service/","name":"2","rt_symbol":"1","id":2000053,"Shape__Length":678.12665055988566}},{"type":"Feature","id":668,"geometry":{"type":"LineString","coordinates":[[-73.9078070002219,40.816489666297],[-73.9059459996586,40.8175776667157],[-73.905518000985,40.8178126662207],[-73.9051140006697,40.8180036666843],[-73.9042099997443,40.8183996665125],[-73.9032680006284,40.8188176670285],[-73.902687000503,40.8191126663218],[-73.9017700004503,40.8195846658538]]},"properties":{"FID":668,"objectid":1425,"shape_len":2018.64553977,"url":"http://web.mta.info/nyct/service/","name":"2","rt_symbol":"1","id":2000052,"Shape__Length":812.84540420403482}},{"type":"Feature","id":669,"geometry":{"type":"LineString","coordinates":[[-73.8967360012609,40.8221806670475],[-73.8930640006358,40.8240726671342]]},"properties":{"FID":669,"objectid":1426,"shape_len":1228.0160644,"url":"http://web.mta.info/nyct/service/","name":"2","rt_symbol":"1","id":2000054,"Shape__Length":494.52328907046734}},{"type":"Feature","id":670,"geometry":{"type":"LineString","coordinates":[[-73.8905490007185,40.8209476671408],[-73.8897689992333,40.8211706669638],[-73.8897240013549,40.8211856667376],[-73.8896780001577,40.8212016668864],[-73.8896310010949,40.821219666065],[-73.8895840010574,40.8212396661273],[-73.8895349996055,40.8212606665061],[-73.8894859995427,40.8212836668686],[-73.8894359997014,40.8213076658031],[-73.8893850007816,40.8213336664623],[-73.8893340008667,40.8213616671012],[-73.8892809995164,40.8213906671481],[-73.8892280007176,40.8214216671762],[-73.8891740009318,40.8214536666698],[-73.8891190008589,40.8214876660799],[-73.8890639997649,40.8215236663664],[-73.8890080000405,40.8215606661172],[-73.8877760009453,40.8223676667527],[-73.8876970000723,40.8224296664757],[-73.8876199999985,40.8224916671936],[-73.8875470011797,40.82255466591],[-73.8874770014491,40.8226196675092],[-73.887409999459,40.8226846674899],[-73.8873460006354,40.8227506672148],[-73.8872860007215,40.8228176667617],[-73.8872290004308,40.8228856669606],[-73.8871750009568,40.8229546669164],[-73.8871260008994,40.8230246667888],[-73.8870790018673,40.8230966668009],[-73.8870350013034,40.8231696665804],[-73.886995000725,40.8232416671091],[-73.8869570000073,40.823315666885],[-73.8869199998501,40.8233916667309],[-73.8868530009517,40.8235286664807],[-73.8867870007633,40.8236846667442],[-73.8867369995736,40.8238366664676],[-73.8866919999041,40.8239946665855],[-73.8866510006415,40.8242056675279],[-73.8865980012911,40.8245326666911],[-73.8862830014744,40.8265246664779]]},"properties":{"FID":670,"objectid":1427,"shape_len":2539.85374617,"url":"http://web.mta.info/nyct/service/","name":"6","rt_symbol":"4","id":2000155,"Shape__Length":1024.2650095123447}},{"type":"Feature","id":671,"geometry":{"type":"LineString","coordinates":[[-73.9038789996248,40.8584066672252],[-73.902090000068,40.8613206662707],[-73.9020530012656,40.8613826669533],[-73.9020169995722,40.8614416671354],[-73.9019820003501,40.861499666812],[-73.9019480006205,40.8615546668929],[-73.9019150009991,40.8616086673685],[-73.9018820010077,40.8616596664995],[-73.9018510012982,40.861708667333],[-73.9018210008185,40.8617556663174],[-73.9017919995693,40.8618006661551],[-73.9017630000477,40.861843666898],[-73.9017359996477,40.8618846666454],[-73.901710000864,40.8619236672503],[-73.9016840014494,40.861960666959],[-73.9016600002752,40.8619946670305],[-73.9016359993699,40.8620276666522],[-73.9010340008976,40.8628026676099]]},"properties":{"FID":671,"objectid":1428,"shape_len":1785.79722917,"url":"http://web.mta.info/nyct/service/","name":"4","rt_symbol":"4","id":2000143,"Shape__Length":720.902864311606}},{"type":"Feature","id":672,"geometry":{"type":"LineString","coordinates":[[-73.8918650006966,40.8299926669719],[-73.8918489989805,40.8301126672965],[-73.8918300004495,40.8302266666057],[-73.8917929994058,40.830394666136],[-73.89170400067,40.8306666663694],[-73.8916110000805,40.8308876668116],[-73.8914689994865,40.8311526660937],[-73.8913400016939,40.831357667539],[-73.8881949993596,40.8366186672885],[-73.8880680006188,40.8368296659363],[-73.8879390008014,40.8370336674526],[-73.887800000883,40.8372176672145],[-73.8877340004796,40.8372876668569]]},"properties":{"FID":672,"objectid":1429,"shape_len":2902.27295551,"url":"http://web.mta.info/nyct/service/","name":"2","rt_symbol":"1","id":2000056,"Shape__Length":1171.2935520346841}},{"type":"Feature","id":673,"geometry":{"type":"LineString","coordinates":[[-73.8676150008791,40.8571916664791],[-73.8673520008239,40.865461666596]]},"properties":{"FID":673,"objectid":1430,"shape_len":3013.95936342,"url":"http://web.mta.info/nyct/service/","name":"2","rt_symbol":"1","id":2000062,"Shape__Length":1217.6176727024501}},{"type":"Feature","id":674,"geometry":{"type":"LineString","coordinates":[[-73.8971740003478,40.8677596668036],[-73.8954120002409,40.8700286670111],[-73.895375000481,40.8700706665018],[-73.8953380006729,40.8701126668808],[-73.8953000012023,40.8701536667977],[-73.8952609996951,40.87019366715],[-73.8952209997114,40.8702326670393],[-73.8951800012513,40.8702706664646],[-73.8951380007548,40.8703076663223],[-73.8950950005945,40.8703436666132],[-73.8950519995927,40.8703786673443],[-73.8950070001108,40.8704126657975],[-73.8949610009621,40.8704456673821],[-73.8949150013738,40.8704766662602],[-73.8948670005335,40.8705076668985],[-73.8948190012308,40.8705376670748],[-73.894770001086,40.8705666658749],[-73.8925430000708,40.8716436668222],[-73.8924829993215,40.8716746669957],[-73.8924220004298,40.8717066666504],[-73.8923600005858,40.8717406662255],[-73.8922970002151,40.8717756661769],[-73.892233000498,40.8718116674047],[-73.8921680014345,40.8718486672056],[-73.8921030014259,40.8718876669546],[-73.8920369996867,40.8719276661727],[-73.8919700005152,40.8719696671064],[-73.891902000043,40.8720116661624],[-73.8918330005006,40.8720566664715],[-73.8917640008649,40.872101666739],[-73.8916930001812,40.8721486668735],[-73.8916220001405,40.8721966665073],[-73.8915510007382,40.8722456665407],[-73.8900640000594,40.8734116666198]]},"properties":{"FID":674,"objectid":1431,"shape_len":2898.71691773,"url":"http://web.mta.info/nyct/service/","name":"4","rt_symbol":"4","id":2000145,"Shape__Length":1169.0776444629892}},{"type":"Feature","id":675,"geometry":{"type":"LineString","coordinates":[[-73.912385000624,40.6994296657657],[-73.9114170000513,40.6995256659906],[-73.9113640007299,40.699532666296],[-73.9113129995427,40.6995416672546],[-73.911262000415,40.6995526664296],[-73.9112130007446,40.6995646666934],[-73.9111650004218,40.6995796664147],[-73.9111180009228,40.6995956664578],[-73.9110720009117,40.6996136672924],[-73.9110270003875,40.6996336671187],[-73.9109830005304,40.6996556659387],[-73.9109400013337,40.6996796664551],[-73.9108980005833,40.6997046672973],[-73.9108580003088,40.69973166611],[-73.9108190006891,40.6997606666229],[-73.9107800007264,40.6997916662602],[-73.9107430000462,40.6998246674731],[-73.9077400008159,40.7027616666331]]},"properties":{"FID":675,"objectid":1432,"shape_len":1847.93071939,"url":"http://web.mta.info/nyct/service/","name":"M","rt_symbol":"B","id":2000387,"Shape__Length":743.31147317133878}},{"type":"Feature","id":676,"geometry":{"type":"LineString","coordinates":[[-73.8840790007162,40.6662346664214],[-73.8893950001582,40.6654486677756]]},"properties":{"FID":676,"objectid":1433,"shape_len":1502.32448008,"url":"http://web.mta.info/nyct/service/","name":"3","rt_symbol":"1","id":2000098,"Shape__Length":602.91202836734215}},{"type":"Feature","id":677,"geometry":{"type":"LineString","coordinates":[[-73.8515760008431,40.693878666469],[-73.85147100065,40.6939186669177],[-73.8513669996513,40.6939556662471],[-73.8512640004957,40.6939916663062],[-73.8511620006904,40.6940256666232],[-73.8510620012922,40.6940586671665],[-73.8509630000823,40.6940896670727],[-73.8508650007489,40.6941196668204],[-73.8507680009314,40.6941486664091],[-73.8506720016889,40.6941756671726],[-73.8505780005273,40.6942016672775],[-73.850485000087,40.6942266663336],[-73.8503930014291,40.6942496665752],[-73.8503020010176,40.6942706661989],[-73.8502129998965,40.6942906660806],[-73.8501240009689,40.6943096663258],[-73.8462260003545,40.6950666669106],[-73.8461600000356,40.6950776667357],[-73.846094000878,40.6950886665245],[-73.8460260009631,40.6950986676301],[-73.8459570001034,40.6951086664554],[-73.8458870017839,40.6951176670347],[-73.8458150015353,40.6951256662192],[-73.8457410017201,40.6951326667101],[-73.8456660009604,40.6951396667117],[-73.8455900004369,40.6951466671242],[-73.8455120014904,40.6951516665633],[-73.8454330016008,40.6951566664062],[-73.8453530007202,40.6951606670804],[-73.8452700005913,40.6951646663682],[-73.8451870004052,40.695167666926],[-73.8451020018581,40.6951696669648],[-73.8443300019528,40.6951776674025]]},"properties":{"FID":677,"objectid":1434,"shape_len":2076.99463386,"url":"http://web.mta.info/nyct/service/","name":"J-Z","rt_symbol":"J","id":2000380,"Shape__Length":833.98677276073875}},{"type":"Feature","id":678,"geometry":{"type":"LineString","coordinates":[[-73.8604950018714,40.854363666483],[-73.8681140003085,40.8482056672762],[-73.8683244312818,40.8479984313818],[-73.8685249855485,40.8477856241971],[-73.8687154041122,40.8475675129246],[-73.8688954457448,40.8473443800947],[-73.8690648822737,40.847116508251],[-73.869223497379,40.8468841880536],[-73.8693710866007,40.846647714677],[-73.8695074656294,40.8464073923209],[-73.869745904521,40.8459164247172]]},"properties":{"FID":678,"objectid":1435,"shape_len":4031.80066264,"url":"http://web.mta.info/nyct/service/","name":"5","rt_symbol":"4","id":2000070,"Shape__Length":1625.9735268254706}},{"type":"Feature","id":679,"geometry":{"type":"LineString","coordinates":[[-73.948195519829,40.6399800203365],[-73.948743503159,40.6451110209593]]},"properties":{"FID":679,"objectid":1436,"shape_len":1875.53891937,"url":"http://web.mta.info/nyct/service/","name":"5","rt_symbol":"4","id":2000104,"Shape__Length":755.22135748101175}},{"type":"Feature","id":680,"geometry":{"type":"LineString","coordinates":[[-73.9267878210132,40.8182537595422],[-73.9278518167057,40.8185287593623],[-73.9278810679025,40.8185366407995],[-73.9279106648881,40.8185437354113],[-73.9279405744812,40.8185500350721],[-73.92797075402,40.8185555298498],[-73.9280011726898,40.8185602152222],[-73.9280317878257,40.8185640839586],[-73.9280625638727,40.8185671306338],[-73.9280934617169,40.8185693525217],[-73.928124444614,40.8185707477982],[-73.9281554710815,40.8185713119351],[-73.9281865055554,40.8185710476116],[-73.9282175089208,40.8185699530024],[-73.9282484396884,40.8185680298826],[-73.9282792658503,40.8185652809339],[-73.9283099435444,40.8185617097311],[-73.9283404360207,40.8185573198535],[-73.9283707077135,40.8185521157816],[-73.9284007183102,40.818546107396],[-73.9284304322451,40.8185392991773],[-73.9284598139469,40.8185317010091],[-73.9284888231039,40.8185233218718],[-73.9285174277001,40.8185141725515],[-73.9285455897924,40.8185042638312],[-73.9285732749944,40.8184936064957],[-73.9286004489124,40.8184822176336],[-73.9286270795315,40.8184701071308],[-73.9286531324576,40.8184572929764],[-73.928678575671,40.818443789559],[-73.9287033759628,40.8184296148683],[-73.9287275048678,40.818414785096],[-73.9287509327324,40.8183993191348],[-73.9287736275314,40.8183832367761],[-73.9287955631666,40.8183665578152],[-73.928816714725,40.8183493020482],[-73.9288370525505,40.8183314910689],[-73.9288565505423,40.8183131473743],[-73.9288751873406,40.8182942934638],[-73.9288929403988,40.8182749536376],[-73.9289097848014,40.818255150393],[-73.9289257027424,40.8182349089333],[-73.9289406716741,40.818214254459],[-73.9289546749759,40.818193212174],[-73.9289676936545,40.818171809082],[-73.9289797134599,40.8181500703884],[-73.9289907177677,40.8181280248992],[-73.9290006946987,40.8181056978212],[-73.9290096311847,40.8180831179626],[-73.9290175141583,40.818060313231],[-73.9290243376642,40.8180373115382],[-73.9290347646682,40.8179908325082],[-73.9290288649403,40.8179567666832],[-73.9290214016014,40.8179228772931],[-73.9290123840911,40.8178892066666],[-73.9290018230344,40.8178557971335],[-73.9289897326168,40.8178226865228],[-73.9289761270171,40.8177899189671],[-73.9289610227913,40.8177575322971],[-73.9289444364934,40.817725566144],[-73.9289263929753,40.8176940592441],[-73.9289069076062,40.8176630503275],[-73.9288860111636,40.8176325790343],[-73.9288637237615,40.8176026804955],[-73.928840077365,40.8175733916504],[-73.9288150980144,40.8175447476337],[-73.9287888141186,40.8175167853824],[-73.9287612623881,40.8174895373363],[-73.9287324736049,40.8174630377322],[-73.9287024832949,40.8174373181087],[-73.9286390473087,40.8173883449615],[-73.9286024064164,40.8173603339332],[-73.9285670988779,40.8173313520829],[-73.9285331696977,40.8173014336586],[-73.9285006603164,40.8172706201101],[-73.9284696133666,40.8172389465845],[-73.9284400679165,40.8172064554305],[-73.9284120618503,40.8171731880956],[-73.9283856283114,40.8171391851238],[-73.9283608016252,40.8171044897615],[-73.928337614932,40.8170691452542],[-73.928316095442,40.817033197545],[-73.9282962703657,40.8169966925772],[-73.9282781669148,40.8169596744928],[-73.9282618051846,40.8169221919321],[-73.9282472076444,40.8168842899346],[-73.9282343908324,40.8168460180386],[-73.928223374843,40.816807424884],[-73.9282141691034,40.8167685591041],[-73.9282067877813,40.816729469335],[-73.9282012391194,40.8166902033084],[-73.9281975313549,40.8166508132587],[-73.9281956668009,40.8166113496152],[-73.9281956525163,40.8165718583078],[-73.9281974825149,40.8165323915615],[-73.9282011579235,40.8164930007055],[-73.9282140234152,40.8164146384554]]},"properties":{"FID":680,"objectid":1437,"shape_len":1388.02116645,"url":"http://web.mta.info/nyct/service/","name":"5","rt_symbol":"4","id":2000049,"Shape__Length":559.34673800212613}},{"type":"Feature","id":681,"geometry":{"type":"LineString","coordinates":[[-73.8662560009763,40.8778496668967],[-73.8638460008231,40.8817146662357],[-73.8626330013188,40.8838946670725]]},"properties":{"FID":681,"objectid":1438,"shape_len":2420.09779208,"url":"http://web.mta.info/nyct/service/","name":"2","rt_symbol":"1","id":2000065,"Shape__Length":977.345611700973}},{"type":"Feature","id":682,"geometry":{"type":"LineString","coordinates":[[-73.9240160000532,40.7437806674042],[-73.9184350002648,40.7431316665151]]},"properties":{"FID":682,"objectid":1439,"shape_len":1564.46726444,"url":"http://web.mta.info/nyct/service/","name":"7","rt_symbol":"7","id":2000176,"Shape__Length":628.54949097608858}},{"type":"Feature","id":683,"geometry":{"type":"LineString","coordinates":[[-73.8310080000101,40.7144406664446],[-73.8283440017103,40.713128667145],[-73.8282690008767,40.7130926662701],[-73.828190999862,40.7130576667408],[-73.8281130001149,40.7130226662597],[-73.8280330004182,40.71298766634],[-73.8279529996221,40.7129526663629],[-73.8278710012476,40.712917666945],[-73.827788001546,40.7128836673403],[-73.8277040007342,40.7128496670775],[-73.8276190011785,40.7128156670587],[-73.8275320005007,40.712781667581],[-73.8274450008767,40.712748666707],[-73.8273560001297,40.7127156672684],[-73.8272670008802,40.7126816672938],[-73.827176000067,40.7126496669847],[-73.8270830007329,40.7126166667343],[-73.8224730003221,40.7108466660155],[-73.8223180007757,40.7107866661551],[-73.822167001152,40.7107236663528],[-73.8220240025619,40.7106576674075],[-73.8218870006215,40.7105876666784],[-73.8217570006104,40.7105156666828],[-73.8216340007692,40.7104396674025],[-73.8215180004815,40.7103616661965],[-73.8214080015567,40.7102796669014],[-73.8213050001083,40.7101946670478],[-73.8212100008293,40.7101066664137],[-73.8211210005217,40.7100146668394],[-73.8210390008819,40.7099206663329],[-73.8209630013694,40.709822666916],[-73.820895001267,40.7097226672477],[-73.8208320001128,40.7096186662352],[-73.8205740019486,40.709178666419]]},"properties":{"FID":683,"objectid":1440,"shape_len":3536.00489205,"url":"http://web.mta.info/nyct/service/","name":"E","rt_symbol":"A","id":2000307,"Shape__Length":1421.5706466617576}},{"type":"Feature","id":684,"geometry":{"type":"LineString","coordinates":[[-73.8862830014744,40.8265246664779],[-73.8861599996631,40.8272806663807],[-73.8861270003237,40.8273916676481],[-73.8860850013302,40.8274946672129],[-73.8860340004126,40.8275916668658],[-73.885975000996,40.8276816671364],[-73.8859070001437,40.8277646670206],[-73.8858309995833,40.8278406665939],[-73.8857470004954,40.8279096667425],[-73.8856530005835,40.8279716672647],[-73.8855520003384,40.8280266666116],[-73.8854409999303,40.828075667639],[-73.8853230009393,40.8281166669981],[-73.8851949988035,40.82815066663],[-73.8850590012368,40.8281786671524],[-73.8849150010589,40.8281986667276],[-73.8847630013207,40.8282116675807],[-73.8823010005188,40.8283406669951],[-73.8822499997409,40.8283436658114],[-73.8821979995788,40.8283466662857],[-73.8821470017459,40.8283486664096],[-73.8820950003914,40.8283516659359],[-73.882043000216,40.8283546663403],[-73.881991000036,40.8283576667213],[-73.8819389998529,40.8283606661784],[-73.8818870014441,40.8283646669652],[-73.8818339995014,40.8283676671499],[-73.8817820022695,40.8283716660896],[-73.8817290009092,40.8283756666775],[-73.8816760013218,40.828378666792],[-73.8816230011367,40.8283826664319],[-73.881569000973,40.8283876663718],[-73.8815160007727,40.8283916668631],[-73.8791590005416,40.8285836661067]]},"properties":{"FID":684,"objectid":1441,"shape_len":2394.32041586,"url":"http://web.mta.info/nyct/service/","name":"6","rt_symbol":"4","id":2000156,"Shape__Length":963.93224703517808}},{"type":"Feature","id":685,"geometry":{"type":"LineString","coordinates":[[-73.851470001005,40.6798426672647],[-73.8589920015869,40.6793706670625]]},"properties":{"FID":685,"objectid":1442,"shape_len":2093.41944377,"url":"http://web.mta.info/nyct/service/","name":"A","rt_symbol":"A","id":2000255,"Shape__Length":840.2067671816344}},{"type":"Feature","id":686,"geometry":{"type":"LineString","coordinates":[[-73.9906705565321,40.686067962237],[-73.9887455500946,40.688851959948]]},"properties":{"FID":686,"objectid":1443,"shape_len":1146.21209154,"url":"http://web.mta.info/nyct/service/","name":"G","rt_symbol":"G","id":2000392,"Shape__Length":461.47807199514443}},{"type":"Feature","id":687,"geometry":{"type":"LineString","coordinates":[[-73.9758562569151,40.5759745431913],[-73.9749012594413,40.5762765418786]]},"properties":{"FID":687,"objectid":1444,"shape_len":287.205176715,"url":"http://web.mta.info/nyct/service/","name":"Q","rt_symbol":"N","id":2000468,"Shape__Length":115.15573720383338}},{"type":"Feature","id":688,"geometry":{"type":"LineString","coordinates":[[-73.9132191440694,40.7564517567538],[-73.9088205756336,40.7543844864522],[-73.906675083308,40.7533621572631],[-73.9058992628147,40.7530279579349]]},"properties":{"FID":688,"objectid":1445,"shape_len":2381.10785512,"url":"http://web.mta.info/nyct/service/","name":"R","rt_symbol":"N","id":2000296,"Shape__Length":957.74228936969371}},{"type":"Feature","id":689,"geometry":{"type":"LineString","coordinates":[[-74.002195133434,40.7292153929644],[-74.0013513944675,40.73075773658],[-74.0013381711623,40.7307831634896],[-74.0013246684718,40.7308082419041],[-74.0013112403456,40.7308331798368],[-74.0012982915986,40.730856301437],[-74.0012831659582,40.7308825181073],[-74.001269190906,40.7309076766654],[-74.0012549328856,40.7309308442009],[-74.001238276617,40.7309579118621],[-74.001223332028,40.7309831298584],[-74.0012074486833,40.7310074212394],[-74.0011908124888,40.7310338432288],[-74.0011739229356,40.7310591792051],[-74.0011552115967,40.731087244638],[-74.0011382652129,40.7311136062885],[-74.0011218431749,40.7311369431237],[-74.0003268276394,40.7322302102117],[-74.0003081475597,40.7322544933679]]},"properties":{"FID":689,"objectid":1446,"shape_len":1226.2711985,"url":"http://web.mta.info/nyct/service/","name":"B-D-F-M","rt_symbol":"B","id":2000191,"Shape__Length":494.09197440308}},{"type":"Feature","id":690,"geometry":{"type":"LineString","coordinates":[[-73.8553589999742,40.8589846666377],[-73.8463840011011,40.8695256664449]]},"properties":{"FID":690,"objectid":1447,"shape_len":4572.96822234,"url":"http://web.mta.info/nyct/service/","name":"5","rt_symbol":"4","id":2000072,"Shape__Length":1845.4430501684524}},{"type":"Feature","id":691,"geometry":{"type":"LineString","coordinates":[[-73.8325690008738,40.8468096666045],[-73.8316620009155,40.8475246659589],[-73.8316160004169,40.8475646662892],[-73.8315720002229,40.8476056663683],[-73.8315280009984,40.8476476668803],[-73.8314860008936,40.8476906671422],[-73.8314450004043,40.8477336670482],[-73.8314060002246,40.8477776667094],[-73.831367002365,40.8478216663605],[-73.8313290014235,40.8478676665519],[-73.8312929997721,40.8479136669529],[-73.8312580011353,40.8479606674571],[-73.8312240009393,40.8480076667097],[-73.8311910013862,40.8480556669642],[-73.8311600009706,40.848104666081],[-73.8311290015248,40.8481546665395],[-73.8311000002001,40.8482046663128],[-73.8307390019145,40.8488096660002],[-73.8307019999221,40.848874666057],[-73.8306659999147,40.8489396666716],[-73.8306310020731,40.8490036664964],[-73.8305980009958,40.8490686660886],[-73.8305659997146,40.8491326675914],[-73.8305360003063,40.8491956670748],[-73.8305060008413,40.8492586665497],[-73.8304780007043,40.8493216662527],[-73.8304510002065,40.8493846665172],[-73.8304259990485,40.8494476661117],[-73.8304020024576,40.8495096667289],[-73.8303790009553,40.8495706665544],[-73.8303570013011,40.8496326664953],[-73.8303369999938,40.8496936671213],[-73.8303179995381,40.8497546665139],[-73.8299670012112,40.8510376660362],[-73.8299420006476,40.851123666808],[-73.8299120009718,40.8512056665154],[-73.8298780005163,40.8512846670747],[-73.829841001372,40.8513606663588],[-73.8297990017066,40.8514336668144],[-73.8297530012403,40.8515036663095],[-73.8297029999621,40.8515706666405],[-73.8296480007028,40.8516336667825],[-73.8295900001623,40.8516946669715],[-73.8295280013613,40.8517516675358],[-73.8294610008257,40.8518056665329],[-73.8293910015621,40.8518566678169],[-73.8293160005643,40.851904666618],[-73.8292370013075,40.8519486666655],[-73.8291530013037,40.8519906664617],[-73.828121000268,40.8524616663337]]},"properties":{"FID":691,"objectid":1448,"shape_len":2498.27069337,"url":"http://web.mta.info/nyct/service/","name":"6","rt_symbol":"4","id":2000165,"Shape__Length":1007.9672505422981}},{"type":"Feature","id":692,"geometry":{"type":"LineString","coordinates":[[-73.9076748011441,40.8163591550027],[-73.905816384615,40.8174456443863],[-73.9053971027943,40.8176758563205],[-73.9050025634053,40.8178623832861],[-73.9041011944337,40.8182572318015],[-73.9031530016877,40.8186779781541],[-73.9025659762993,40.818976037975],[-73.9016484090606,40.819448328732]]},"properties":{"FID":692,"objectid":1449,"shape_len":2015.02394655,"url":"http://web.mta.info/nyct/service/","name":"5","rt_symbol":"4","id":2000052,"Shape__Length":811.385307055252}},{"type":"Feature","id":693,"geometry":{"type":"LineString","coordinates":[[-73.8697457925488,40.8459166830323],[-73.869403557832,40.8467148904153],[-73.8692290457749,40.8470923451367],[-73.8689954953281,40.8474983475075],[-73.8682587238787,40.8487609496201]]},"properties":{"FID":693,"objectid":1450,"shape_len":1116.16599087,"url":"http://web.mta.info/nyct/service/","name":"5","rt_symbol":"4","id":2000060,"Shape__Length":450.59176324414352}},{"type":"Feature","id":694,"geometry":{"type":"LineString","coordinates":[[-73.9329265596674,40.6690609335059],[-73.9421455838224,40.6695629345762]]},"properties":{"FID":694,"objectid":1451,"shape_len":2563.96672859,"url":"http://web.mta.info/nyct/service/","name":"4","rt_symbol":"4","id":2000091,"Shape__Length":1028.8983564952448}},{"type":"Feature","id":695,"geometry":{"type":"LineString","coordinates":[[-73.9024884248234,40.6636763046171],[-73.9089874407702,40.6627103022247]]},"properties":{"FID":695,"objectid":1452,"shape_len":1837.07458421,"url":"http://web.mta.info/nyct/service/","name":"4","rt_symbol":"4","id":2000095,"Shape__Length":737.22554831501122}},{"type":"Feature","id":696,"geometry":{"type":"LineString","coordinates":[[-73.9410207550985,40.7510755283838],[-73.9401357550121,40.7506945269771]]},"properties":{"FID":696,"objectid":1453,"shape_len":281.770528225,"url":"http://web.mta.info/nyct/service/","name":"N-W","rt_symbol":"N","id":2000172,"Shape__Length":113.3147925098983}},{"type":"Feature","id":697,"geometry":{"type":"LineString","coordinates":[[-73.9613725741712,40.5776223289032],[-73.9603988635678,40.5777968044569],[-73.960101489015,40.5778716341896],[-73.9597918238534,40.5779933608555],[-73.9595070720808,40.5782064716631],[-73.959265852207,40.5784045296333],[-73.9544771735992,40.5851232774011],[-73.9542589699883,40.5855222082721],[-73.9540638552734,40.5860323130845],[-73.9539735938031,40.5865691114872],[-73.9539389944108,40.5868937345583]]},"properties":{"FID":697,"objectid":1454,"shape_len":4123.69375689,"url":"http://web.mta.info/nyct/service/","name":"Q","rt_symbol":"N","id":2000465,"Shape__Length":1657.1632773785705}},{"type":"Feature","id":698,"geometry":{"type":"LineString","coordinates":[[-73.924908032628,40.7521264214559],[-73.9186756730614,40.7534920621603],[-73.9184577785973,40.7535370090586],[-73.9182419329931,40.7535757254982],[-73.9180252310433,40.7536086191532],[-73.9178086793517,40.7536356871352],[-73.9175902068294,40.7536569549784],[-73.9173717236009,40.7536724213407],[-73.9171506410853,40.7536821185795],[-73.9169301163904,40.7536869548655],[-73.9167075692771,40.7536850192635],[-73.9164843248697,40.7536782253973],[-73.9162605916275,40.7536656341865],[-73.9160357290079,40.7536472181461],[-73.9158097216879,40.7536229682532],[-73.9155821517977,40.7535928202587],[-73.9153541409519,40.753557592637],[-73.9115762906028,40.75291659841],[-73.91145025212,40.7529025941738],[-73.9113306924018,40.752890226504],[-73.9112101790954,40.7528799255369],[-73.911092950356,40.7528707517109],[-73.9109731591949,40.7528624186589],[-73.9108565243316,40.7528572577061],[-73.9107387799368,40.7528520930741],[-73.9106218141606,40.752850004154],[-73.9105072709267,40.7528489813955],[-73.9103911194197,40.7528489820478],[-73.9102772396775,40.752852088397],[-73.9101632995316,40.752855195487],[-73.9100489868007,40.7528614881639],[-73.9099381104456,40.7528686749151],[-73.9098265278228,40.7528770956005],[-73.9082319137869,40.7530440543928],[-73.9080764796049,40.7530553587808],[-73.907921028265,40.7530610473896],[-73.9077679350672,40.7530629492478],[-73.9076180433111,40.7530601014996],[-73.9074702965382,40.7530535145771],[-73.9073256092006,40.7530413017635],[-73.9071802725612,40.7530251521329],[-73.9070398965843,40.7530055006521],[-73.9069015853756,40.7529802666306],[-73.9067642913052,40.7529509152518],[-73.9066296948436,40.7529182007046],[-73.9064981140578,40.752879939529],[-73.9063673088689,40.752837591436],[-73.9062375411138,40.752790232722],[-73.9061053429562,40.7527383315284]]},"properties":{"FID":698,"objectid":1455,"shape_len":5341.79695562,"url":"http://web.mta.info/nyct/service/","name":"F","rt_symbol":"B","id":2000293,"Shape__Length":2146.6753512124374}},{"type":"Feature","id":699,"geometry":{"type":"LineString","coordinates":[[-73.9642773589675,40.6440504341814],[-73.9642972148828,40.6441755295283],[-73.9643147990384,40.644297647052],[-73.9643283571392,40.64441871602],[-73.9643380803931,40.6445392813065],[-73.9643448794104,40.6446587632611],[-73.9643477785481,40.6447776874846],[-73.9643468117853,40.6448965870945],[-73.964341959256,40.6450149893125],[-73.9643341984092,40.6451333546062],[-73.9643226078648,40.6452502103419],[-73.9643071584353,40.6453670414639],[-73.9642877664012,40.6454833985861],[-73.9642654434418,40.6455998574519],[-73.9642393445316,40.6457158549731],[-73.9642096212392,40.6458309085166],[-73.9627715148074,40.6504889673667]]},"properties":{"FID":699,"objectid":1456,"shape_len":2395.53657862,"url":"http://web.mta.info/nyct/service/","name":"Q","rt_symbol":"N","id":2000455,"Shape__Length":964.54796476664251}},{"type":"Feature","id":700,"geometry":{"type":"LineString","coordinates":[[-73.9834279997692,40.6938286663216],[-73.9839339998494,40.6951376657485],[-73.9852419999512,40.6978386670103],[-73.9947129999613,40.7148966669362],[-73.9947650006617,40.7149906672823],[-73.9948099998584,40.7150866664213],[-73.9948469999232,40.7151836665511],[-73.9948769997637,40.7152806672571],[-73.9949000004566,40.7153786672105],[-73.9949149995545,40.7154776663712],[-73.9949229994412,40.7155776665877],[-73.9949230001085,40.7156776664498],[-73.9949159991319,40.7157786664685],[-73.9949009987899,40.7158806665981],[-73.994878999103,40.7159836668802],[-73.9948490000555,40.716086666799],[-73.9948120004101,40.7161906668602],[-73.9947670000698,40.7162956670114],[-73.9947139990739,40.7164006667765],[-73.993752999167,40.7182666672617]]},"properties":{"FID":700,"objectid":1457,"shape_len":9586.8554777,"url":"http://web.mta.info/nyct/service/","name":"B-D","rt_symbol":"B","id":2000331,"Shape__Length":3862.0341004727293}},{"type":"Feature","id":701,"geometry":{"type":"LineString","coordinates":[[-73.8693276154115,40.7329590577756],[-73.8691619326135,40.7328945714934],[-73.868999974549,40.7328293940162],[-73.8688410650207,40.7327642494994],[-73.8686860575736,40.7326985193786],[-73.8685344881734,40.7326315925944],[-73.8683853912712,40.7325644496121],[-73.8682418392897,40.7324980448943],[-73.8681011406874,40.7324291722677],[-73.8679622411433,40.7323611984382],[-73.8678295349503,40.7322928947585],[-73.8676983301182,40.7322233769624],[-73.867572144696,40.7321539242219],[-73.867447706618,40.7320833765333],[-73.8673272829106,40.7320128855639],[-73.867208467045,40.7319412031469],[-73.8670787879381,40.7318611675503],[-73.8669416512193,40.731781771556],[-73.8668021313853,40.731703805351],[-73.8666578979405,40.7316270852256],[-73.866510049072,40.7315506128699],[-73.8663574344824,40.7314748173783],[-73.8662001382974,40.7314002553446],[-73.8660404958776,40.7313270429305],[-73.8658750989006,40.7312535336273],[-73.8657057785699,40.7311821330054],[-73.8655329000968,40.7311113637382],[-73.8653559778702,40.7310401887554],[-73.8651738718144,40.7309710092627],[-73.8649884758651,40.7309021173887],[-73.8648029658919,40.7308359365152],[-73.8616980090133,40.7296973198281]]},"properties":{"FID":701,"objectid":1458,"shape_len":2432.13848536,"url":"http://web.mta.info/nyct/service/","name":"F-M","rt_symbol":"B","id":2000302,"Shape__Length":977.80337776813076}},{"type":"Feature","id":702,"geometry":{"type":"LineString","coordinates":[[-73.9061117881429,40.7527409689613],[-73.8985587991996,40.749524976457]]},"properties":{"FID":702,"objectid":1459,"shape_len":2398.37861761,"url":"http://web.mta.info/nyct/service/","name":"F-M","rt_symbol":"B","id":2000297,"Shape__Length":964.50311285448049}},{"type":"Feature","id":703,"geometry":{"type":"LineString","coordinates":[[-73.8914438581767,40.7465000013676],[-73.8852544828036,40.7438618437507],[-73.8852111835706,40.7438435626253],[-73.8851670815192,40.7438239614396],[-73.8851240078433,40.7438053617265],[-73.8850809311486,40.743785780441],[-73.8850367721867,40.7437662691991],[-73.8849947345377,40.7437476938848],[-73.8849558126972,40.7437300870114],[-73.8849147902505,40.7437105518403],[-73.8848726666892,40.7436910308624],[-73.8848326856471,40.7436725034703],[-73.8847936991656,40.7436539851636],[-73.884754750564,40.7436354839912],[-73.8847167929699,40.7436169919021],[-73.8846788732518,40.743598518749],[-73.8846410076295,40.7435795863787],[-73.8830355935563,40.7427948722309],[-73.882964941038,40.7427590494009],[-73.8828939579898,40.7427240573599],[-73.8828273689811,40.7426902809282],[-73.8827604056566,40.7426552991975],[-73.8826948589874,40.7426220217306],[-73.8826328312418,40.7425900391403],[-73.882572230724,40.7425577842172],[-73.8825124051561,40.7425258758475],[-73.8824552198986,40.7424953127984],[-73.8823990658932,40.7424647723858],[-73.8823457402464,40.7424356864536],[-73.8822944628106,40.7424066602223],[-73.882243016513,40.7423774068674],[-73.8821949771192,40.7423505054985],[-73.8821505161728,40.7423240175022]]},"properties":{"FID":703,"objectid":1460,"shape_len":2992.91421275,"url":"http://web.mta.info/nyct/service/","name":"F-M","rt_symbol":"B","id":2000299,"Shape__Length":1203.5704647783855}},{"type":"Feature","id":704,"geometry":{"type":"LineString","coordinates":[[-73.8821426057352,40.7423195230778],[-73.8820711896851,40.7422808389021],[-73.8820007706124,40.7422421584049],[-73.8819318703584,40.7422043114905],[-73.8818624969696,40.7421642506012],[-73.8817930898057,40.74212458856],[-73.8817257116853,40.7420851266722],[-73.8816577001136,40.7420437271015],[-73.8815886787279,40.7420023147454],[-73.881521829256,40.7419606551414],[-73.8814547704509,40.7419182487616],[-73.881386709502,40.7418748480503],[-73.8813199056946,40.7418316232924],[-73.8812538162182,40.7417882209314],[-73.8811876174425,40.7417444131907],[-73.8811253074074,40.741701633303],[-73.8795754648602,40.7405484716153],[-73.8795156826716,40.7405015664623],[-73.8794592428808,40.7404533185166],[-73.879402836658,40.7404016144281],[-73.8793468038593,40.740348383441],[-73.8792934456653,40.7402931867189],[-73.8792397541054,40.7402338418818],[-73.8791868879473,40.7401724798463],[-73.8791361463835,40.7401095225143],[-73.8790857193519,40.7400429202327],[-73.879036074143,40.7399741800427],[-73.8789872408712,40.7399023672495],[-73.8789393701511,40.7398286463693],[-73.8788935330889,40.7397532076364],[-73.8788478542252,40.7396735141498],[-73.8788022486178,40.7395920088987],[-73.8774242088694,40.736953860207]]},"properties":{"FID":704,"objectid":1461,"shape_len":2407.72941301,"url":"http://web.mta.info/nyct/service/","name":"F-M","rt_symbol":"B","id":2000300,"Shape__Length":969.73117745900174}},{"type":"Feature","id":705,"geometry":{"type":"LineString","coordinates":[[-73.8528277465877,40.7263802693583],[-73.8526497117871,40.7263015802068],[-73.8524757744997,40.726218984212],[-73.852306293043,40.72613424325],[-73.8521401086502,40.7260462644341],[-73.8519786511248,40.7259577538488],[-73.8518218867121,40.7258652535111],[-73.8516677022278,40.7257715712102],[-73.851519144888,40.7256754465696],[-73.8513738897172,40.7255769846712],[-73.8512329744162,40.7254768856642],[-73.8510959815673,40.7253738991161],[-73.8509628463758,40.7252689461792],[-73.8508346764967,40.7251621381641],[-73.8507085688807,40.7250516712028],[-73.8505849788107,40.7249398520999],[-73.8504194154083,40.7247842639625],[-73.8502490980536,40.7246281398996],[-73.8500740732881,40.7244744849543],[-73.8498947155257,40.7243236615985],[-73.8497112575583,40.7241768939099],[-73.8495239769776,40.7240333807775],[-73.8493328300982,40.7238930725976],[-73.8491381281939,40.7237554555674],[-73.8489386366704,40.723622121953],[-73.8487361111889,40.7234908362675],[-73.8485281838709,40.72336342972],[-73.8483172119849,40.7232390904247],[-73.8481015214586,40.7231190363487],[-73.847882642094,40.7230009425669],[-73.8476554879339,40.7228858091031],[-73.8446297478197,40.7215482731106]]},"properties":{"FID":705,"objectid":1462,"shape_len":2897.45208753,"url":"http://web.mta.info/nyct/service/","name":"F-M","rt_symbol":"B","id":2000304,"Shape__Length":1165.3588889490347}},{"type":"Feature","id":706,"geometry":{"type":"LineString","coordinates":[[-73.8774226904364,40.7369510264915],[-73.8772552374119,40.7366470246593],[-73.8771493153659,40.7364474013389],[-73.877026831708,40.7362516387213],[-73.8768916001953,40.7360639921324],[-73.8767411929796,40.7358830838523],[-73.8765764042874,40.735710948022],[-73.8763989901399,40.7355461321434],[-73.8762080313488,40.735390848621],[-73.8760034806177,40.7352418924265],[-73.8757844795255,40.7351025296078],[-73.8755536714327,40.734970937608],[-73.8753087699341,40.7348479657625],[-73.8750516216964,40.7347324039006],[-73.8747807993809,40.7346265664972],[-73.8744971472434,40.7345271846289],[-73.8742049388027,40.7344393174258],[-73.8710004909658,40.7334938904126],[-73.8708829637203,40.7334600265281],[-73.8707672327177,40.7334254072111],[-73.8706502323447,40.7333904072373],[-73.8705348162964,40.7333558807923],[-73.8704213898924,40.7333203731143],[-73.8703070124054,40.7332845679856],[-73.8701946333056,40.7332487649957],[-73.8700826175266,40.7332130793719],[-73.8699702536175,40.7331762883209],[-73.8698599039002,40.733140498101],[-73.8697505594552,40.7331040497394],[-73.8696422231853,40.7330672755301],[-73.8695332233628,40.7330302753395],[-73.8694259118254,40.7329938487831],[-73.8693205840126,40.7329564428225]]},"properties":{"FID":706,"objectid":1463,"shape_len":2783.4803431,"url":"http://web.mta.info/nyct/service/","name":"F-M","rt_symbol":"B","id":2000301,"Shape__Length":1119.425429461668}},{"type":"Feature","id":707,"geometry":{"type":"LineString","coordinates":[[-73.9541550003182,40.5868956670201],[-73.9541540000938,40.5869606673095],[-73.9541520000652,40.587024666718],[-73.9541500007192,40.5870876665452],[-73.9541480008737,40.5871496676913],[-73.9541450000397,40.5872106661548],[-73.9541419998854,40.5872706668382],[-73.954138999918,40.5873286674585],[-73.9541350006321,40.5873866676796],[-73.9541309991699,40.5874426669361],[-73.9541260002534,40.5874976671135],[-73.9541210008353,40.5875516659081],[-73.9541159997322,40.5876046669215],[-73.9541100011727,40.5876566670545],[-73.9541040009283,40.5877076676052],[-73.9540959991811,40.5877576668742],[-73.9540660002652,40.5881206657898],[-73.9540600008682,40.5882046669176],[-73.954055999618,40.5882876665608],[-73.9540539995718,40.5883686660404],[-73.9540520007014,40.5884496664204],[-73.9540510006643,40.5885296658171],[-73.9540520004686,40.5886096669135],[-73.9540540002969,40.5886886670272],[-73.9540570001529,40.588766666158],[-73.9540600007023,40.5888436675087],[-73.9540649999329,40.5889206669561],[-73.9540719997192,40.588996666721],[-73.9540790002088,40.5890716669043],[-73.9540870000542,40.5891466665853],[-73.9540960011268,40.5892206670844],[-73.9541060003811,40.5892946661799],[-73.9543189998103,40.590784665888],[-73.9551610012496,40.5952456661704]]},"properties":{"FID":707,"objectid":1464,"shape_len":3063.51679369,"url":"http://web.mta.info/nyct/service/","name":"B","rt_symbol":"B","id":2000464,"Shape__Length":1232.6048282097595}},{"type":"Feature","id":708,"geometry":{"type":"LineString","coordinates":[[-73.9551610012496,40.5952456661704],[-73.9559290003995,40.5992996658678]]},"properties":{"FID":708,"objectid":1465,"shape_len":1492.29519879,"url":"http://web.mta.info/nyct/service/","name":"B","rt_symbol":"B","id":2000463,"Shape__Length":600.46455976641357}},{"type":"Feature","id":709,"geometry":{"type":"LineString","coordinates":[[-74.0034766687134,40.6550807170068],[-73.9980186683932,40.6603337141971]]},"properties":{"FID":709,"objectid":1466,"shape_len":2440.4843815,"url":"http://web.mta.info/nyct/service/","name":"D","rt_symbol":"B","id":2000475,"Shape__Length":981.49339356454675}},{"type":"Feature","id":710,"geometry":{"type":"LineString","coordinates":[[-74.0050934983887,40.6535661095148],[-74.0034766687134,40.6550807170068]]},"properties":{"FID":710,"objectid":1467,"shape_len":711.168582933,"url":"http://web.mta.info/nyct/service/","name":"D","rt_symbol":"B","id":2000476,"Shape__Length":285.98306401413237}},{"type":"Feature","id":711,"geometry":{"type":"LineString","coordinates":[[-73.9950479993674,40.680302666934],[-73.9944540010351,40.6809026669077],[-73.9944029994291,40.6809666657863],[-73.9943529994553,40.681032666534],[-73.9943019998477,40.68109866721],[-73.9942520007717,40.6811656665831],[-73.9942020003253,40.6812336673057],[-73.9941510002393,40.6813016670546],[-73.9941010006824,40.681370667303],[-73.9940510009329,40.6814406670997],[-73.9940009998956,40.6815106668741],[-73.9939510009376,40.6815826666683],[-73.9939010006887,40.6816546673405],[-73.9938510003319,40.6817266670899],[-73.9938009997741,40.6817996672881],[-73.9937510001961,40.6818736670347],[-73.9937009992298,40.6819486663295],[-73.9908620013681,40.6861446671441]]},"properties":{"FID":711,"objectid":1468,"shape_len":2427.97932127,"url":"http://web.mta.info/nyct/service/","name":"F","rt_symbol":"B","id":2000393,"Shape__Length":977.417915039943}},{"type":"Feature","id":712,"geometry":{"type":"LineString","coordinates":[[-73.9959590004881,40.6735796670717],[-73.9960309996079,40.6736306666453],[-73.9961030010864,40.6736836662175],[-73.9961760008637,40.6737376662497],[-73.9962480000949,40.6737926675752],[-73.9963200005725,40.673848666626],[-73.996391000507,40.6739056669728],[-73.9964619993272,40.6739636668469],[-73.9965329993496,40.6740236676211],[-73.9966039994489,40.6740846670222],[-73.9966750008109,40.6741466668512],[-73.9967449992763,40.6742096670797],[-73.9968150001916,40.6742736677374],[-73.9968840005318,40.6743396665675],[-73.9969540004429,40.6744056662827],[-73.9970220003496,40.6744736659468],[-73.9970860000646,40.6745466669288],[-73.9971459997179,40.6746216669185],[-73.9971999992406,40.6746986667741],[-73.9972499986799,40.6747776656512],[-73.9972940003261,40.67485866711],[-73.9973330000955,40.6749406671064],[-73.9973669991149,40.675024667018],[-73.9973960009165,40.6751106668492],[-73.9974190013064,40.6751986674818],[-73.9974380003794,40.6752876666908],[-73.9974510003667,40.675378666707],[-73.9974589995128,40.6754716666538],[-73.9974620013457,40.6755666665323],[-73.9974599987857,40.6756626658707],[-73.9974540007281,40.6757596673925],[-73.9974470004564,40.6758046659622],[-73.9974369994412,40.6758496662653],[-73.9974269995567,40.6758956661389],[-73.9974149995994,40.6759406663949],[-73.9974029996258,40.6759856666495],[-73.9973890007183,40.6760306668572],[-73.9973750006092,40.6760756670629],[-73.9973589991556,40.6761216667922],[-73.9973430000853,40.6761666669476],[-73.9973249997047,40.6762116670541],[-73.9973059998376,40.6762566671341],[-73.9972870011276,40.6763016672107],[-73.9972659998755,40.6763476659073],[-73.9972449998184,40.6763926659289],[-73.9972230002681,40.6764376659224],[-73.9962620003082,40.6784356663416],[-73.9961819997915,40.6785926666177],[-73.9961000002497,40.6787436666396],[-73.9960190001368,40.6788896669785],[-73.9959369992263,40.6790316662369],[-73.9958560001487,40.6791686676152],[-73.9957750009286,40.6793026666193],[-73.9956939994047,40.679430666337],[-73.9956119994383,40.6795556663443],[-73.9955319985265,40.679675666713],[-73.9954510005183,40.6797906673292],[-73.995370000143,40.6799016660009],[-73.9952889985975,40.6800086663303],[-73.9952089990371,40.6801106669875],[-73.9951280000028,40.6802086665604],[-73.9950479993674,40.680302666934]]},"properties":{"FID":712,"objectid":1469,"shape_len":2724.93797096,"url":"http://web.mta.info/nyct/service/","name":"F","rt_symbol":"B","id":2000394,"Shape__Length":1097.0504041214983}},{"type":"Feature","id":713,"geometry":{"type":"LineString","coordinates":[[-74.0053670005953,40.728250667542],[-74.0052599990924,40.7289346673493],[-74.0052210004831,40.7291686671884],[-74.0051969996825,40.7292826663587],[-74.0051600002972,40.7294136668066],[-74.0051119992603,40.7295316670872],[-74.0050620004708,40.7296416664153],[-74.0049350001668,40.7298806668916],[-74.0046819991646,40.7303206668031],[-74.0029060009054,40.7334216669537]]},"properties":{"FID":713,"objectid":1470,"shape_len":2016.43196506,"url":"http://web.mta.info/nyct/service/","name":"1-2-3","rt_symbol":"1","id":2000009,"Shape__Length":812.64834465938543}},{"type":"Feature","id":714,"geometry":{"type":"LineString","coordinates":[[-73.9926290008261,40.7303276671037],[-73.991682999494,40.7314446671123],[-73.9916490000103,40.7314846670322],[-73.9916169997585,40.7315256666516],[-73.9915859997591,40.7315666672355],[-73.9915579992884,40.7316086675949],[-73.9915309990757,40.7316506662199],[-73.9915050003063,40.7316926667132],[-73.9914819998918,40.7317356669865],[-73.9914600009265,40.7317786664286],[-73.9914400001565,40.7318216669154],[-73.9914220010084,40.7318656662112],[-73.9914060000629,40.7319096656531],[-73.9913909993937,40.7319536669683],[-73.9913779991722,40.7319986661942],[-73.9913670007147,40.732043666469],[-73.9913580003446,40.7320896664565],[-73.9905680004051,40.7357356659603]]},"properties":{"FID":714,"objectid":1471,"shape_len":2084.17134631,"url":"http://web.mta.info/nyct/service/","name":"N-Q-R-W","rt_symbol":"N","id":2000433,"Shape__Length":840.05122981142677}},{"type":"Feature","id":715,"geometry":{"type":"LineString","coordinates":[[-74.0023949999843,40.7292786668188],[-74.0015519987449,40.7308196665161],[-74.0015390004095,40.7308446675051],[-74.0015249994381,40.7308706662691],[-74.0015110008235,40.7308966668324],[-74.0014969998079,40.7309216660285],[-74.0014819997053,40.730947666601],[-74.001466999613,40.7309746667358],[-74.0014510003871,40.7310006664162],[-74.0014349987813,40.731026666995],[-74.0014189995518,40.7310536662352],[-74.0014020000037,40.7310796668214],[-74.0013849992795,40.7311066660688],[-74.0013670006236,40.731133666226],[-74.0013490007694,40.7311606663803],[-74.0013309997369,40.7311886669964],[-74.0013119995666,40.7312156662558],[-74.0005149986486,40.7323116667955],[-74.0004950010681,40.7323376663562]]},"properties":{"FID":715,"objectid":1472,"shape_len":1234.37541583,"url":"http://web.mta.info/nyct/service/","name":"A-C-E","rt_symbol":"A","id":2000191,"Shape__Length":497.35769697036392}},{"type":"Feature","id":716,"geometry":{"type":"LineString","coordinates":[[-74.0065709996692,40.7094156660696],[-74.0058690002994,40.7101476672126],[-74.005835999474,40.7101946665542],[-74.0058029996468,40.7102536669946],[-74.0057769997445,40.7103146662082],[-74.0057629994808,40.7103756675168],[-74.0057609988881,40.7104366664223],[-74.005772000169,40.7104956664424],[-74.0058050001175,40.7105586663236],[-74.005847999728,40.7106196656526],[-74.0059490009974,40.7107256659118],[-74.0068540002587,40.7115816663501],[-74.0069539995455,40.7116846670732],[-74.0070349992362,40.7117876679702],[-74.007289000321,40.712144665933],[-74.0073710000951,40.7122386668206],[-74.007452999364,40.7123366668165],[-74.007547999666,40.7124306667332],[-74.0076669996913,40.7125186666733],[-74.0078129989386,40.712595666724],[-74.0079619985368,40.7126626662111],[-74.0088109999298,40.7130506676898]]},"properties":{"FID":716,"objectid":1473,"shape_len":1743.40032851,"url":"http://web.mta.info/nyct/service/","name":"2-3","rt_symbol":"1","id":2000076,"Shape__Length":701.65463281737959}},{"type":"Feature","id":717,"geometry":{"type":"LineString","coordinates":[[-73.9868849999367,40.6997426676916],[-73.986587001206,40.7040986659282],[-73.9865790011573,40.7043446676568],[-73.9865849994687,40.7045906674072],[-73.9866040001551,40.7048356672946],[-73.9866360000091,40.7050786677444],[-73.986681998669,40.7053216670966],[-73.9867410003335,40.7055626669848],[-73.9868130002074,40.7058026669564],[-73.9868980007945,40.7060416669871],[-73.9869970009597,40.7062796671613],[-73.9871089997494,40.7065166673308],[-73.9872339998552,40.7067516678903],[-73.9873719998416,40.7069866670321],[-73.9875240001465,40.7072196656829],[-73.9876889996049,40.7074516659494],[-73.9878670007117,40.7076826668754],[-73.9886810004855,40.7087656657627],[-73.9887909994793,40.708914666982],[-73.9888989990745,40.7090706657715],[-73.9890019997503,40.7092316672183],[-73.9891000004744,40.7093966663649],[-73.9891929988603,40.7095656659252],[-73.9892809994593,40.7097396663791],[-73.9893650000118,40.7099176664619],[-73.9894440003731,40.7101006665578],[-73.9895179994936,40.7102876662092],[-73.989586999711,40.7104786672266],[-73.9896519996349,40.7106746665739],[-73.9897120006006,40.7108746673029],[-73.9897669990241,40.7110786667192],[-73.9898170006334,40.7112876661981],[-73.9898659992863,40.7115026674653],[-73.9900700006092,40.7128156667159],[-73.9900799999119,40.7128846674005],[-73.9900910005802,40.712952666802],[-73.9901010002225,40.7130196656486],[-73.9901100000184,40.7130856675426],[-73.9901190001289,40.7131496676004],[-73.9901269993531,40.7132116675372],[-73.9901340009419,40.713273666487],[-73.9901410004724,40.7133336663022],[-73.9901480003111,40.7133916669833],[-73.9901539989587,40.7134496666773],[-73.990159000258,40.713505667152],[-73.9901639994941,40.7135596666915],[-73.9901680000468,40.7136126665785],[-73.9901710007302,40.7136646659125],[-73.9901730005055,40.7137146669279]]},"properties":{"FID":717,"objectid":1474,"shape_len":5283.88989934,"url":"http://web.mta.info/nyct/service/","name":"F","rt_symbol":"B","id":2000352,"Shape__Length":2129.1754029584822}},{"type":"Feature","id":718,"geometry":{"type":"LineString","coordinates":[[-73.9930859994373,40.6974656667752],[-74.0029099991848,40.7001736662059],[-74.0036520005466,40.7004226654531],[-74.0042599997016,40.7006346665101],[-74.0047099997026,40.7008276665187],[-74.0051849994357,40.7010676667624],[-74.005659001159,40.701344667123],[-74.0060730003406,40.7016026670019],[-74.006508000912,40.7019236667096],[-74.0071269994614,40.702463666993],[-74.0095039993094,40.7045706673907],[-74.0097369996223,40.7047696663719],[-74.009891999193,40.7049696675718],[-74.0099569996324,40.705082666256],[-74.0099869998981,40.7051766662509],[-74.0099960003557,40.7052806664415],[-74.0099810001512,40.7053796672728],[-74.0099380004276,40.7055666676],[-74.0098890005837,40.7057346667307],[-74.0098009998241,40.7059216672534],[-74.0096700011737,40.7061406673941],[-74.0094879999214,40.7063746669097],[-74.0091000007638,40.706820666564]]},"properties":{"FID":718,"objectid":1475,"shape_len":6285.72838101,"url":"http://web.mta.info/nyct/service/","name":"2-3","rt_symbol":"1","id":2000078,"Shape__Length":2526.91780258749}},{"type":"Feature","id":719,"geometry":{"type":"LineString","coordinates":[[-73.9905680004051,40.7357356659603],[-73.9902060003168,40.7374326676826],[-73.9901950004653,40.7374756668837],[-73.9901860001779,40.7375186671544],[-73.9901759993499,40.7375626660017],[-73.9901659995445,40.7376076671128],[-73.9901550005267,40.7376526663364],[-73.99014400031,40.737697666459],[-73.9901340001667,40.7377446666932],[-73.9901220004228,40.7377916667548],[-73.9901109998641,40.737838666],[-73.9900989999383,40.7378866665224],[-73.990088000234,40.7379356666926],[-73.9900759989413,40.7379846667752],[-73.9900630006447,40.7380346672339],[-73.9900510003504,40.7380846677771],[-73.9900370014755,40.7381356677091],[-73.9896040002302,40.7397916661148],[-73.9895899993143,40.7398436664437],[-73.9895779995231,40.739893666925],[-73.9895659995574,40.7399446669678],[-73.98955399973,40.7399946674459],[-73.9895430003041,40.7400446662122],[-73.9895319996773,40.740094666778],[-73.9895219994547,40.7401446674335],[-73.9895120004012,40.7401946671873],[-73.9895029995443,40.7402436674679],[-73.9894939997007,40.74029366641],[-73.9894850000012,40.7403426666886],[-73.9894770007127,40.7403916670576],[-73.9894689990446,40.7404406674255],[-73.9894620003167,40.7404886674207],[-73.9894550002366,40.7405376660776],[-73.9893440010291,40.74130266729]]},"properties":{"FID":719,"objectid":1476,"shape_len":2057.31760002,"url":"http://web.mta.info/nyct/service/","name":"N-Q-R-W","rt_symbol":"N","id":2000432,"Shape__Length":829.53352218719851}},{"type":"Feature","id":720,"geometry":{"type":"LineString","coordinates":[[-73.9870359989801,40.697394667518],[-73.9868849999367,40.6997426676916]]},"properties":{"FID":720,"objectid":1477,"shape_len":856.470191285,"url":"http://web.mta.info/nyct/service/","name":"F","rt_symbol":"B","id":2000353,"Shape__Length":345.167124463173}},{"type":"Feature","id":721,"geometry":{"type":"LineString","coordinates":[[-74.0233769995073,40.6349666668238],[-74.0227739993616,40.6364356666677],[-74.0227499988888,40.6364896665322],[-74.0227229994108,40.6365436669841],[-74.0226959995485,40.6365966660523],[-74.0226670003841,40.6366486668326],[-74.0226370004434,40.6366986659488],[-74.022606000067,40.6367476665781],[-74.0225739992532,40.6367956669188],[-74.0225410003657,40.6368426669695],[-74.0225070010396,40.6368886667298],[-74.0224719989104,40.6369336670999],[-74.0224349994955,40.6369766668959],[-74.0223980008793,40.6370186662033],[-74.0223590005853,40.6370596672123],[-74.0223189998505,40.6370996670252],[-74.0222780001912,40.637139666117],[-74.0207039995152,40.6386496664849]]},"properties":{"FID":721,"objectid":1478,"shape_len":1555.94121982,"url":"http://web.mta.info/nyct/service/","name":"R","rt_symbol":"N","id":2000481,"Shape__Length":625.888094195893}},{"type":"Feature","id":722,"geometry":{"type":"LineString","coordinates":[[-73.994202930805,40.646322398764],[-73.9986349291061,40.6490144040729],[-73.9986489275253,40.6490224035362],[-73.9986629271102,40.6490314034729],[-73.9986769290833,40.6490394029329],[-73.9986919277497,40.6490474042035],[-73.9987059285473,40.6490554036598],[-73.998720928403,40.6490634040261],[-73.9987359282625,40.64907140349],[-73.9987519271807,40.6490794029627],[-73.9987669282297,40.6490874042235],[-73.998782928356,40.6490944041173],[-73.9987989272853,40.6491024035835],[-73.998814928583,40.6491104030474],[-73.9988309275375,40.649117403835],[-73.9988469276604,40.6491254041951],[-73.9988639280424,40.6491324040876],[-73.9991299283793,40.6492514035051],[-73.999145928583,40.6492584042489],[-73.9991609273675,40.6492654040825],[-73.9991769287477,40.6492734034959],[-73.9991929277793,40.6492804042331],[-73.9992089279846,40.6492884045426],[-73.9992249281939,40.6492964039493],[-73.9992409272132,40.6493054038288],[-73.9992569274304,40.6493134050321],[-73.9992739290638,40.6493224049135],[-73.999289928096,40.6493314038856],[-73.9993069273739,40.6493404046626],[-73.9993229287693,40.6493504041052],[-73.9993399292388,40.6493594039768],[-73.9993569273385,40.6493694043209],[-73.9993739278081,40.6493794037619],[-74.0050309241462,40.6527714103445],[-74.005089923266,40.6528124100994],[-74.0051399235134,40.6528554102752],[-74.0051819239877,40.6529004108385],[-74.0052159234944,40.6529474108977],[-74.0052429234978,40.6529964104139],[-74.0052609245738,40.6530474112848],[-74.0052719249338,40.6531004107214],[-74.0052739227829,40.6531554115189],[-74.0052689245303,40.6532114104099],[-74.0052559229218,40.65327041109],[-74.0052349225064,40.6533304108062],[-74.0052069237201,40.6533934095574],[-74.005169922231,40.6534574109819],[-74.0051249231985,40.6535244105723],[-74.0050729220922,40.6535934096017]]},"properties":{"FID":722,"objectid":1479,"shape_len":4147.52892156,"url":"http://web.mta.info/nyct/service/","name":"D","rt_symbol":"B","id":2000485,"Shape__Length":1666.5321103801821}},{"type":"Feature","id":723,"geometry":{"type":"LineString","coordinates":[[-74.0100060007494,40.6489386666128],[-74.0053634786426,40.6536649470096],[-74.003646248714,40.6551829024245]]},"properties":{"FID":723,"objectid":1480,"shape_len":2880.45251712,"url":"http://web.mta.info/nyct/service/","name":"N-R","rt_symbol":"N","id":2000477,"Shape__Length":1158.3800688985987}},{"type":"Feature","id":724,"geometry":{"type":"LineString","coordinates":[[-74.0140339998632,40.6450686673598],[-74.0100060007494,40.6489386666128]]},"properties":{"FID":724,"objectid":1481,"shape_len":1799.26944119,"url":"http://web.mta.info/nyct/service/","name":"N-R","rt_symbol":"N","id":2000478,"Shape__Length":723.49694338787765}},{"type":"Feature","id":725,"geometry":{"type":"LineString","coordinates":[[-74.0178809995399,40.6413616662838],[-74.0140339998632,40.6450686673598]]},"properties":{"FID":725,"objectid":1482,"shape_len":1721.56991822,"url":"http://web.mta.info/nyct/service/","name":"N-R","rt_symbol":"N","id":2000479,"Shape__Length":692.21804922271849}},{"type":"Feature","id":726,"geometry":{"type":"LineString","coordinates":[[-74.0207039995152,40.6386496664849],[-74.0178809995399,40.6413616662838]]},"properties":{"FID":726,"objectid":1483,"shape_len":1260.98187698,"url":"http://web.mta.info/nyct/service/","name":"N-R","rt_symbol":"N","id":2000480,"Shape__Length":506.9951997937801}},{"type":"Feature","id":727,"geometry":{"type":"LineString","coordinates":[[-73.9946699489133,40.6362903996828],[-73.9942519433268,40.6395503987405],[-73.9942459432626,40.6395993983574],[-73.9942409432854,40.6396483989242],[-73.9942359422051,40.639696399915],[-73.9942309436551,40.6397423990526],[-73.9942269428318,40.6397883991404],[-73.9942229432719,40.6398333987518],[-73.994218942611,40.6398773987872],[-73.9942149432136,40.6399203992468],[-73.9942119427298,40.6399633988557],[-73.9942089424157,40.6400043993133],[-73.9942059421848,40.640044398394],[-73.9942039420527,40.6400843993259],[-73.9942019431874,40.6401233988811],[-73.9941999421293,40.6401603983843],[-73.9941989423554,40.6401973988384],[-73.9941829405849,40.6409443997139]]},"properties":{"FID":727,"objectid":1484,"shape_len":1701.76734294,"url":"http://web.mta.info/nyct/service/","name":"D","rt_symbol":"B","id":2000487,"Shape__Length":685.20707975148059}},{"type":"Feature","id":728,"geometry":{"type":"LineString","coordinates":[[-73.9941829405849,40.6409443997139],[-73.9941449368278,40.6430523986276],[-73.9941419368134,40.6431013992733],[-73.9941359376191,40.6431493983895],[-73.9941269368741,40.6431963986772],[-73.9941159369988,40.6432433988617],[-73.9941019368328,40.6432883988401],[-73.9940849350118,40.6433333986622],[-73.9940649375297,40.6433773987518],[-73.994041936106,40.643420399107],[-73.9940169355284,40.6434633993533],[-73.9939889358194,40.6435043984859],[-73.9939579367946,40.643545399255],[-73.9939249363305,40.6435853976331],[-73.9938879352956,40.6436243980149],[-73.9938489362693,40.6436633982778],[-73.9938069357304,40.6437003992153],[-73.9929139335617,40.644517397652],[-73.992845933801,40.6445953981185],[-73.9927889334022,40.6446733983338],[-73.9927439338674,40.644750397902],[-73.9927109338394,40.6448283968876],[-73.9926899323956,40.6449053979519],[-73.9926799328395,40.6449823979115],[-73.9926819330222,40.6450593968327],[-73.9926949317337,40.6451353968774],[-73.9927199325191,40.6452123972554],[-73.9927569332738,40.6452883979081],[-73.9928059315648,40.6453643974985],[-73.9928659307969,40.6454403968497],[-73.9929369311135,40.6455153972702],[-73.9930209327097,40.6455913980109],[-73.9931159319205,40.6456663979725],[-73.994202930805,40.646322398764]]},"properties":{"FID":728,"objectid":1485,"shape_len":2269.26317698,"url":"http://web.mta.info/nyct/service/","name":"D","rt_symbol":"B","id":2000486,"Shape__Length":912.97700441687834}},{"type":"Feature","id":729,"geometry":{"type":"LineString","coordinates":[[-74.0034766687134,40.6550807170068],[-73.9980186683932,40.6603337141971]]},"properties":{"FID":729,"objectid":1486,"shape_len":2440.4843815,"url":"http://web.mta.info/nyct/service/","name":"D","rt_symbol":"B","id":2000475,"Shape__Length":981.49339356454675}},{"type":"Feature","id":730,"geometry":{"type":"LineString","coordinates":[[-74.0095089997007,40.7103676674341],[-74.0087700007892,40.7112176660467],[-74.0087480001617,40.711237666264],[-74.008724999534,40.7112576674533],[-74.0086999989175,40.7112776660876],[-74.0086750003928,40.7112956664829],[-74.0086489994998,40.7113136669481],[-74.0086219997879,40.7113316665816],[-74.0085940009987,40.7113476671494],[-74.0085649998405,40.7113636668845],[-74.0085359997237,40.7113786670452],[-74.0085050006715,40.7113926668789],[-74.0084730003063,40.7114056663103],[-74.0084410011122,40.7114186666334],[-74.0084069994333,40.7114306666263],[-74.0083719999936,40.7114416662142],[-74.0083380002822,40.7114506665853],[-74.0052900003351,40.7122136669154],[-74.0052330001711,40.7122276670583],[-74.0051770012461,40.7122426675951],[-74.0051239989053,40.7122596662046],[-74.0050730001688,40.7122776669696],[-74.0050230002993,40.7122966672353],[-74.0049760005592,40.7123176664831],[-74.0049299985,40.7123396670368],[-74.0048860000412,40.7123626661533],[-74.0048450004533,40.7123866664946],[-74.0048050009843,40.7124126659132],[-74.0047669991985,40.7124396675033],[-74.0047310010844,40.7124686672315],[-74.0046969994001,40.7124976677675],[-74.0046650002751,40.7125296669125],[-74.0046310000617,40.7125636670635],[-74.0041309993845,40.7130646671448]]},"properties":{"FID":730,"objectid":1487,"shape_len":1866.18724594,"url":"http://web.mta.info/nyct/service/","name":"4-5","rt_symbol":"4","id":2000111,"Shape__Length":750.31089172440011}},{"type":"Feature","id":731,"geometry":{"type":"LineString","coordinates":[[-74.012188001062,40.7118346676312],[-74.0121079995622,40.7121046662887],[-74.0120940001721,40.7121536672475],[-74.0120759995727,40.7122026659226],[-74.0120570001286,40.7122516674007],[-74.0120349992842,40.7122996660203],[-74.0120119995884,40.7123476674411],[-74.0119859994873,40.7123936673343],[-74.0119590005289,40.7124396673251],[-74.01192899915,40.7124856676205],[-74.0118970009105,40.7125296671796],[-74.0118639990718,40.7125736677334],[-74.011827999534,40.712617667685],[-74.0117909995864,40.7126596658925],[-74.011750998383,40.7127016670958],[-74.0117100004944,40.7127426670186],[-74.0116669999935,40.7127826675628],[-74.0111380001471,40.7132116673629],[-74.011116000255,40.7132286675263],[-74.0110940003517,40.7132456676854],[-74.0110729992708,40.7132626668438],[-74.0110520005461,40.7132796668985],[-74.0110320008105,40.7132976673208],[-74.011010998514,40.7133146673684],[-74.0109919999583,40.7133326667874],[-74.0109720001904,40.7133506662987],[-74.0109529992472,40.7133686666119],[-74.0109349996603,40.7133876672941],[-74.010916999899,40.7134056666057],[-74.0108989991084,40.7134246672822],[-74.0108819995106,40.7134436669608],[-74.0108649987196,40.7134626657363],[-74.0108479991026,40.7134816663102],[-74.010573000726,40.7138406659934],[-74.0104729992479,40.7139606672525],[-74.0101879998644,40.7143026670667]]},"properties":{"FID":731,"objectid":1488,"shape_len":1071.61810098,"url":"http://web.mta.info/nyct/service/","name":"1","rt_symbol":"1","id":2000004,"Shape__Length":431.49002244622051}},{"type":"Feature","id":732,"geometry":{"type":"LineString","coordinates":[[-74.0088109999298,40.7130506676898],[-74.0100289998263,40.713597667792],[-74.0100990001575,40.7136286662488],[-74.0101600006511,40.7136616672923],[-74.0102130004454,40.71369866728],[-74.0102580002586,40.7137366675229],[-74.0102940002084,40.7137766667859],[-74.0103210004371,40.7138196673454],[-74.0103409996443,40.7138646667602],[-74.010351000104,40.713911666204],[-74.0103530006681,40.7139606673006],[-74.0103470002904,40.7140126669154],[-74.010332999825,40.714065667715],[-74.0103090006849,40.7141216672076],[-74.0102780004133,40.7141796673537],[-74.0102380002627,40.7142406669914],[-74.0101879998644,40.7143026670667]]},"properties":{"FID":732,"objectid":1489,"shape_len":695.727411451,"url":"http://web.mta.info/nyct/service/","name":"2-3","rt_symbol":"1","id":2000075,"Shape__Length":279.87624863007062}},{"type":"Feature","id":733,"geometry":{"type":"LineString","coordinates":[[-73.9411278376326,40.7003475865809],[-73.9421727836489,40.7009557819606],[-73.9426416060155,40.7012581041554],[-73.9499663957521,40.7053827407863],[-73.9515515910356,40.7062632493083],[-73.953472985617,40.7069755693859]]},"properties":{"FID":733,"objectid":1490,"shape_len":4198.26264126,"url":"http://web.mta.info/nyct/service/","name":"M","rt_symbol":"B","id":0,"Shape__Length":1687.7492116104816}},{"type":"Feature","id":734,"geometry":{"type":"LineString","coordinates":[[-73.9577989450582,40.7084645508063],[-73.9590812608172,40.7089057680636],[-73.9591701409706,40.7089326509709],[-73.9592552017601,40.7089659285599],[-73.959335650908,40.7090052908768],[-73.9594107390866,40.7090503712935],[-73.9594797668969,40.7091007499212],[-73.9606813738448,40.7100742417572],[-73.9607715957147,40.7101387378436],[-73.9608677040427,40.7101981064912],[-73.9609691967585,40.7102520375486],[-73.9610755436588,40.7103002492708],[-73.9611861891775,40.7103424897908],[-73.9846298118388,40.7174578209606],[-73.9856736552057,40.7178487283065],[-73.9874859931316,40.718422831858]]},"properties":{"FID":734,"objectid":1491,"shape_len":9042.55750838,"url":"http://web.mta.info/nyct/service/","name":"M","rt_symbol":"B","id":0,"Shape__Length":3634.2761799563509}},{"type":"Feature","id":735,"geometry":{"type":"LineString","coordinates":[[-73.9883558077282,40.7557168216192],[-73.9976537972354,40.7596397166275],[-73.9981954948887,40.7598498150322],[-73.9987683249516,40.7598626340608],[-73.9991389836175,40.7596576627481],[-73.9994085053695,40.7593300022942],[-74.0021970944221,40.755446359616]]},"properties":{"FID":735,"objectid":1492,"shape_len":5152.96684259,"url":"http://web.mta.info/nyct/service/","name":"7","rt_symbol":"7","id":0,"Shape__Length":2073.8387576078289}},{"type":"Feature","id":736,"geometry":{"type":"LineString","coordinates":[[-73.961607540422,40.7643661614386],[-73.9611486291958,40.7649874454972],[-73.9606894576634,40.7656138514525],[-73.9602331082424,40.7662401754513],[-73.9597764057928,40.766868100361],[-73.9593196993555,40.7674942701224],[-73.9588619470981,40.7681199099496],[-73.9583617868225,40.7688025101489]]},"properties":{"FID":736,"objectid":1704,"shape_len":1849.54695652,"url":"http://web.mta.info/nyct/service/","name":"Q","rt_symbol":"N","id":0,"Shape__Length":745.472424342356}},{"type":"Feature","id":737,"geometry":{"type":"LineString","coordinates":[[-73.951742381966,40.7778743056941],[-73.9512478844538,40.7785508520793],[-73.9507922915228,40.7791797042891],[-73.9503362980026,40.7798099682568],[-73.9498808085488,40.7804358451375],[-73.9496786262954,40.7807099743055],[-73.9496138541935,40.7807977953775],[-73.9494215572824,40.7810589368601],[-73.9489617709154,40.7816888774783],[-73.9485130678875,40.7823220332474],[-73.9480386941505,40.7829422687488],[-73.9475847706821,40.7835709114248],[-73.9470713526753,40.784237223544]]},"properties":{"FID":737,"objectid":1730,"shape_len":2654.88233154,"url":"http://web.mta.info/nyct/service/","name":"Q","rt_symbol":"N","id":0,"Shape__Length":1070.2946464888569}},{"type":"Feature","id":738,"geometry":{"type":"LineString","coordinates":[[-73.971082285037,40.7669105647194],[-73.9694793855623,40.7662350507283],[-73.967973626512,40.7656004224841],[-73.9677558618474,40.7655086598216],[-73.9662537471527,40.7648756210437],[-73.9646505546331,40.7642003358197]]},"properties":{"FID":738,"objectid":1666,"shape_len":2036.97271316,"url":"http://web.mta.info/nyct/service/","name":"Q","rt_symbol":"N","id":0,"Shape__Length":819.32985496393076}},{"type":"Feature","id":739,"geometry":{"type":"LineString","coordinates":[[-73.9583617868225,40.7688025101489],[-73.9578667930177,40.7694840474065],[-73.9574043789769,40.7701202541739],[-73.9569411290364,40.770753261929],[-73.9564790186335,40.7713871957135],[-73.9560150760818,40.7720199562343],[-73.9555532440744,40.7726540754041],[-73.955054816172,40.7733368505839],[-73.9545574087045,40.774021194421],[-73.9540926568124,40.7746562573357],[-73.9536276252421,40.7752906734462],[-73.953165831851,40.7759231978831],[-73.9527042151771,40.7765614116612],[-73.9522399523436,40.7771935980736],[-73.951742381966,40.7778743056941]]},"properties":{"FID":739,"objectid":1718,"shape_len":3779.62004576,"url":"http://web.mta.info/nyct/service/","name":"Q","rt_symbol":"N","id":0,"Shape__Length":1523.5609602596637}},{"type":"Feature","id":740,"geometry":{"type":"LineString","coordinates":[[-73.979498999963,40.7662536674799],[-73.9786537271397,40.7674415062824],[-73.9785613316556,40.76754976171],[-73.9784615545116,40.7676541612626],[-73.9783546734527,40.7677544142927],[-73.978240986005,40.7678502416951],[-73.9781208086481,40.7679413766849],[-73.9779944759335,40.7680275655395],[-73.9778623395536,40.7681085683058],[-73.9777247673625,40.7681841594678],[-73.9775821423521,40.7682541285754],[-73.9774348615854,40.7683182808296],[-73.9772833350908,40.7683764376256],[-73.977127984721,40.7684284370499],[-73.9769692429775,40.7684741343314],[-73.976807551807,40.7685134022444],[-73.9766433613699,40.7685461314629],[-73.9764771287873,40.7685722308652],[-73.9763093168676,40.7685916277878],[-73.9761403928175,40.7686042682274],[-73.9759708269414,40.7686101169915],[-73.9758010913309,40.7686091577964],[-73.9756316585504,40.7686013933128],[-73.9754630003209,40.7685868451577],[-73.9752955862063,40.7685655538351],[-73.9751298823056,40.7685375786222],[-73.9749663499548,40.7685029974053],[-73.9748054444421,40.768461906462],[-73.971082285037,40.7669105647194]]},"properties":{"FID":740,"objectid":1873,"shape_len":2797.02138975,"url":"http://web.mta.info/nyct/service/","name":"Q","rt_symbol":"N","id":0,"Shape__Length":1163.072618903557}},{"type":"Feature","id":741,"geometry":{"type":"LineString","coordinates":[[-73.9401357550121,40.7506945269771],[-73.9398863218898,40.7506563097314],[-73.9396352563023,40.7506248774521],[-73.9393828772435,40.7506002700756],[-73.9391295053748,40.7505825188669],[-73.9388754626181,40.7505716463798],[-73.9386210717472,40.7505676664284],[-73.9383666559776,40.7505705840693],[-73.9381125385566,40.7505803955956],[-73.9378590423528,40.7505970885413],[-73.9376064894458,40.750620641697],[-73.9373552007179,40.7506510251373],[-73.9371054954462,40.7506882002583],[-73.9368576908973,40.7507321198271],[-73.9366121019246,40.7507827280412],[-73.9363690405687,40.7508399605997],[-73.9361288156608,40.7509037447852],[-73.9358917324306,40.7509739995555],[-73.9356580921191,40.7510506356468],[-73.9354281915956,40.7511335556873],[-73.9352023229809,40.7512226543205],[-73.9349807732765,40.7513178183389],[-73.9347638239996,40.7514189268281],[-73.9345517508262,40.7515258513202],[-73.9343448232401,40.7516384559567],[-73.9341433041915,40.7517565976613],[-73.9339474497622,40.7518801263216],[-73.9337575088408,40.7520088849793],[-73.9335737228061,40.7521427100302],[-73.9333963252205,40.7522814314312],[-73.9332255415333,40.7524248729172],[-73.9330615887941,40.7525728522238],[-73.9329046753768,40.7527251813199],[-73.9327550007151,40.7528816666456]]},"properties":{"FID":741,"objectid":1809,"shape_len":2194.71893052,"url":"http://web.mta.info/nyct/service/","name":"N-W","rt_symbol":"N","id":0,"Shape__Length":935.48641536765672}},{"type":"Feature","id":742,"geometry":{"type":"LineString","coordinates":[[-73.9646505546331,40.7642003358197],[-73.9645151657217,40.7641438833034],[-73.9643757459992,40.7640934204322],[-73.9642327533523,40.7640491129348],[-73.964086657399,40.7640111063244],[-73.9639379379465,40.7639795254209],[-73.9637870834153,40.7639544739408],[-73.9636345892364,40.763936034157],[-73.963480956224,40.7639242666285],[-73.9633266889313,40.7639192100016],[-73.9631722939941,40.763920880883],[-73.9630182784672,40.7639292737852],[-73.9628651481598,40.7639443611448],[-73.9627134059747,40.7639660934126],[-73.962563550257,40.7639943992166],[-73.9624160731583,40.7640291855962],[-73.9622714590202,40.7640703383075],[-73.9621301827846,40.7641177221981],[-73.9619927084339,40.7641711816515],[-73.9618594874676,40.7642305410971],[-73.9617309574197,40.7642956055877],[-73.961607540422,40.7643661614386]]},"properties":{"FID":742,"objectid":1777,"shape_len":845.118169242,"url":"http://web.mta.info/nyct/service/","name":"Q","rt_symbol":"N","id":0,"Shape__Length":361.12989990560283}}]}